JvmtiExport can_access_local_variables 0
JvmtiExport can_hotswap_or_post_breakpoint 0
JvmtiExport can_post_on_exceptions 0
# 663 ciObject found
instanceKlass com/mathworks/addons_common/OpenUrlMessage
instanceKlass com/mathworks/addons_common/UpdateMetadata
instanceKlass com/mathworks/addons_common/notificationframework/UINotifierRegistry
instanceKlass com/mathworks/addons/ExplorerUINotifier
instanceKlass com/mathworks/mde/desk/ToolsFetcher$2
instanceKlass com/mathworks/mde/desk/ToolsFetcher$1
instanceKlass java/util/Random
instanceKlass com/mathworks/addons_product/MatlabOnlineStrategy
instanceKlass com/mathworks/addons_product/MatlabPlatformStrategy
instanceKlass com/mathworks/hwsmanagement/SpkgInMatlabOnlineUtils
instanceKlass com/mathworks/addons/matlabonline/AddOnsOnWorker
instanceKlass com/mathworks/mde/desk/MWDUtils
instanceKlass com/mathworks/mde/liveeditor/LiveEditorInitializationManager
instanceKlass com/mathworks/mde/editor/plugins/editordataservice/MatlabClientUtilities
instanceKlass com/mathworks/matlabserver/connector/impl/ConnectorLifecycleHelperImpl$1
instanceKlass com/mathworks/matlabserver/connector/api/ConnectorLifecycle
instanceKlass com/mathworks/toolstrip/factory/TSRegistry
instanceKlass com/mathworks/mde/desk/ToolsFetcher$ToolData
instanceKlass com/mathworks/toolstrip/factory/TSToolSetContents$Tool
instanceKlass com/mathworks/mde/desk/ToolsFetcher$Handler
instanceKlass com/mathworks/jmi/MatlabWorker
instanceKlass com/mathworks/mde/desk/ToolsFetcher
instanceKlass com/mathworks/mde/editor/plugins/editordataservice/LegacyJavaExecutionFeature$1
instanceKlass com/mathworks/mde/editor/plugins/editordataservice/LegacyJavaExecutionFeature
instanceKlass com/mathworks/mde/editor/plugins/editordataservice/DbquitDialogService$$Lambda$54
instanceKlass com/mathworks/mde/editor/plugins/editordataservice/DbquitDialogService
instanceKlass com/mathworks/mde/editor/plugins/editordataservice/BusyIdleFeature$$Lambda$53
instanceKlass java/lang/invoke/LambdaForm$DMH
instanceKlass com/mathworks/mde/editor/plugins/editordataservice/BusyIdleFeature
instanceKlass com/mathworks/connector/message_service/bayeux/PublishRequest
instanceKlass com/google/gson/internal/LinkedTreeMap$LinkedTreeMapIterator
instanceKlass com/google/gson/internal/Streams
instanceKlass com/google/gson/internal/LinkedTreeMap$Node
instanceKlass com/google/gson/internal/LinkedTreeMap$1
instanceKlass com/google/gson/internal/ConstructorConstructor$13
instanceKlass java/util/concurrent/ConcurrentNavigableMap
instanceKlass com/mathworks/mde/editor/plugins/editordataservice/debug/DebuggerInstaller$8
instanceKlass com/mathworks/mde/editor/plugins/editordataservice/debug/DebuggerInstaller$7
instanceKlass com/mathworks/mde/editor/plugins/editordataservice/debug/DebuggerInstaller$6
instanceKlass com/mathworks/mde/editor/plugins/editordataservice/debug/DebuggerInstaller$4
instanceKlass com/mathworks/mde/editor/EditorPauseAction$2
instanceKlass com/mathworks/mde/editor/MatlabBatchedBusyIdleStateManager$1
instanceKlass com/mathworks/mde/editor/MatlabBusyIdleStateManager$1
instanceKlass com/mathworks/mde/cmdwin/KeystrokeRequestedEvent
instanceKlass com/mathworks/mde/cmdwin/LoadNativeCmdWin
instanceKlass com/mathworks/mde/cmdwin/CmdWinSinkRegistrar
instanceKlass javax/swing/Timer$DoPostEvent
instanceKlass com/mathworks/mde/editor/MatlabBatchedBusyIdleStateManager$2
instanceKlass javax/swing/Timer
instanceKlass com/mathworks/mde/editor/BusyIdleStateManager
instanceKlass com/mathworks/mde/editor/EditorPauseAction$3
instanceKlass com/mathworks/mde/editor/EditorPauseAction$1
instanceKlass com/mathworks/mwswing/WeakPropertyChangeCoupler$1
instanceKlass com/mathworks/mwswing/WeakPropertyChangeCoupler
instanceKlass com/mathworks/services/PrefChangeListener
instanceKlass com/mathworks/mlwidgets/debug/DebugActions$DebugAction$12$1
instanceKlass com/mathworks/services/PrefListener
instanceKlass com/mathworks/mlwidgets/debug/DebugActions
instanceKlass com/mathworks/mde/editor/EditorToolSetFactory
instanceKlass com/mathworks/mwswing/ToolTipProvider
instanceKlass com/mathworks/mde/editor/BusyIdleStateManager$BusyIdleListener
instanceKlass com/mathworks/mde/editor/EditorPauseAction
instanceKlass com/mathworks/mde/editor/plugins/editordataservice/debug/DebuggerInstaller$2
instanceKlass com/mathworks/mwswing/MJAbstractAction$1
instanceKlass com/mathworks/mwswing/ActionUtils
instanceKlass javax/swing/ArrayTable
instanceKlass com/google/common/cache/LocalCache$AbstractReferenceEntry
instanceKlass com/mathworks/util/StringUtils
instanceKlass com/mathworks/common/icons/IconContainer
instanceKlass com/google/common/cache/LocalCache$LoadingValueReference
instanceKlass com/google/common/cache/RemovalListener
instanceKlass com/google/common/cache/Weigher
instanceKlass com/google/common/base/Predicate
instanceKlass com/google/common/base/Equivalence
instanceKlass java/util/function/BiPredicate
instanceKlass com/google/common/base/MoreObjects
instanceKlass com/google/common/cache/LocalCache$1
instanceKlass com/google/common/cache/ReferenceEntry
instanceKlass com/google/common/cache/CacheLoader
instanceKlass com/google/common/cache/LocalCache$LocalManualCache
instanceKlass com/google/common/cache/LocalCache$ValueReference
instanceKlass com/google/common/cache/CacheBuilder$2
instanceKlass com/google/common/base/Preconditions
instanceKlass com/google/common/cache/CacheStats
instanceKlass com/google/common/base/Suppliers$SupplierOfInstance
instanceKlass com/google/common/base/Suppliers
instanceKlass com/google/common/cache/CacheBuilder$1
instanceKlass com/google/common/cache/AbstractCache$StatsCounter
instanceKlass com/google/common/cache/LoadingCache
instanceKlass com/google/common/base/Function
instanceKlass com/google/common/cache/Cache
instanceKlass com/google/common/base/Ticker
instanceKlass com/google/common/base/Supplier
instanceKlass com/google/common/cache/CacheBuilder
instanceKlass com/mathworks/common/icons/IconEnumerationUtils
instanceKlass com/mathworks/services/PrefUtils
instanceKlass com/mathworks/services/binding/MatlabKeyBindingPreferenceUtils
instanceKlass org/apache/xerces/impl/Constants$ArrayEnumeration
instanceKlass org/apache/xerces/impl/Constants
instanceKlass com/mathworks/mwswing/binding/ContextID
instanceKlass com/mathworks/mwswing/binding/ContextActionData
instanceKlass com/mathworks/mwswing/binding/ContextReader
instanceKlass java/util/Collections$UnmodifiableList$1
instanceKlass com/mathworks/mwswing/binding/MetaBindingUtils
instanceKlass com/mathworks/mwswing/binding/NavigationalBindingUtils
instanceKlass java/awt/event/KeyEvent$1
instanceKlass sun/awt/AWTAccessor$KeyEventAccessor
instanceKlass com/mathworks/mwswing/binding/KeyStrokeUtils
instanceKlass com/mathworks/mwswing/binding/KeyStrokeList
instanceKlass com/mathworks/util/InitializationHelper
instanceKlass com/mathworks/util/InitializeBeforeAccess
instanceKlass com/mathworks/mwswing/SimpleDOMParser
instanceKlass org/apache/xerces/util/XMLSymbols
instanceKlass org/apache/xerces/util/XMLChar
instanceKlass org/apache/xerces/impl/XMLEntityManager$EncodingInfo
instanceKlass org/apache/xerces/xni/parser/XMLInputSource
instanceKlass org/xml/sax/InputSource
instanceKlass org/apache/xerces/util/ErrorHandlerWrapper
instanceKlass com/mathworks/xml/EncodingParser$QuietErrorHandler
instanceKlass org/apache/xerces/parsers/AbstractSAXParser$AttributesProxy
instanceKlass org/xml/sax/ext/Attributes2
instanceKlass org/apache/xerces/impl/msg/XMLMessageFormatter
instanceKlass org/apache/xerces/impl/XMLVersionDetector
instanceKlass org/apache/xerces/impl/validation/ValidationManager
instanceKlass org/apache/xerces/impl/dv/dtd/NMTOKENDatatypeValidator
instanceKlass org/apache/xerces/impl/dv/dtd/NOTATIONDatatypeValidator
instanceKlass org/apache/xerces/impl/dv/dtd/ENTITYDatatypeValidator
instanceKlass org/apache/xerces/impl/dv/dtd/ListDatatypeValidator
instanceKlass org/apache/xerces/impl/dv/dtd/IDREFDatatypeValidator
instanceKlass org/apache/xerces/impl/dv/dtd/IDDatatypeValidator
instanceKlass org/apache/xerces/impl/dv/dtd/StringDatatypeValidator
instanceKlass org/apache/xerces/impl/dv/DatatypeValidator
instanceKlass org/apache/xerces/impl/dv/SecuritySupport$2
instanceKlass org/apache/xerces/impl/dv/SecuritySupport$1
instanceKlass org/apache/xerces/impl/dv/SecuritySupport$4
instanceKlass org/apache/xerces/impl/dv/SecuritySupport
instanceKlass org/apache/xerces/impl/dv/ObjectFactory
instanceKlass org/apache/xerces/impl/dv/DTDDVFactory
instanceKlass org/apache/xerces/impl/dtd/DTDGrammarBucket
instanceKlass org/apache/xerces/impl/dtd/XMLAttributeDecl
instanceKlass org/apache/xerces/impl/dtd/XMLSimpleType
instanceKlass org/apache/xerces/impl/dtd/XMLElementDecl
instanceKlass org/apache/xerces/impl/validation/ValidationState
instanceKlass org/apache/xerces/impl/dtd/DTDGrammar
instanceKlass org/apache/xerces/xni/grammars/Grammar
instanceKlass org/apache/xerces/impl/validation/EntityState
instanceKlass org/apache/xerces/impl/dv/ValidationContext
instanceKlass org/apache/xerces/impl/dtd/XMLEntityDecl
instanceKlass org/apache/xerces/impl/dtd/XMLDTDProcessor
instanceKlass org/apache/xerces/xni/parser/XMLDTDContentModelFilter
instanceKlass org/apache/xerces/xni/parser/XMLDTDFilter
instanceKlass org/apache/xerces/impl/XMLDocumentScannerImpl$TrailingMiscDispatcher
instanceKlass org/apache/xerces/impl/XMLDocumentScannerImpl$DTDDispatcher
instanceKlass org/apache/xerces/impl/XMLDocumentScannerImpl$PrologDispatcher
instanceKlass org/apache/xerces/impl/XMLDocumentScannerImpl$XMLDeclDispatcher
instanceKlass org/apache/xerces/util/NamespaceSupport
instanceKlass org/apache/xerces/util/XMLAttributesImpl$Attribute
instanceKlass org/apache/xerces/util/XMLAttributesImpl
instanceKlass org/apache/xerces/impl/XMLDocumentFragmentScannerImpl$FragmentContentDispatcher
instanceKlass org/apache/xerces/xni/QName
instanceKlass org/apache/xerces/impl/XMLDocumentFragmentScannerImpl$ElementStack
instanceKlass org/apache/xerces/xni/grammars/XMLDTDDescription
instanceKlass org/apache/xerces/xni/grammars/XMLGrammarDescription
instanceKlass org/apache/xerces/impl/XMLDocumentFragmentScannerImpl$Dispatcher
instanceKlass org/apache/xerces/xni/XMLAttributes
instanceKlass org/apache/xerces/xni/XMLString
instanceKlass org/apache/xerces/impl/XMLScanner
instanceKlass org/apache/xerces/impl/XMLEntityHandler
instanceKlass org/apache/xerces/xni/parser/XMLErrorHandler
instanceKlass org/apache/xerces/impl/XMLErrorReporter
instanceKlass org/apache/xerces/impl/XMLEntityManager$CharacterBuffer
instanceKlass org/apache/xerces/impl/XMLEntityManager$CharacterBufferPool
instanceKlass org/apache/xerces/impl/XMLEntityManager$ByteBufferPool
instanceKlass org/apache/xerces/util/AugmentationsImpl$AugmentationsItemsContainer
instanceKlass org/apache/xerces/util/AugmentationsImpl
instanceKlass org/apache/xerces/util/XMLResourceIdentifierImpl
instanceKlass org/apache/xerces/impl/XMLEntityManager$1
instanceKlass org/apache/xerces/impl/XMLEntityManager$Entity
instanceKlass org/apache/xerces/impl/XMLEntityScanner
instanceKlass org/apache/xerces/xni/XMLResourceIdentifier
instanceKlass org/apache/xerces/xni/Augmentations
instanceKlass org/apache/xerces/impl/XMLEntityManager
instanceKlass org/apache/xerces/xni/parser/XMLEntityResolver
instanceKlass org/apache/xerces/util/SymbolTable$Entry
instanceKlass org/apache/xerces/xni/grammars/XMLGrammarPool
instanceKlass org/apache/xerces/util/SymbolTable
instanceKlass org/apache/xerces/xni/NamespaceContext
instanceKlass org/apache/xerces/xni/parser/XMLDocumentScanner
instanceKlass org/apache/xerces/util/MessageFormatter
instanceKlass org/apache/xerces/impl/dtd/XMLDTDValidator
instanceKlass org/apache/xerces/impl/RevalidationHandler
instanceKlass org/apache/xerces/impl/dtd/XMLDTDValidatorFilter
instanceKlass org/apache/xerces/xni/parser/XMLDocumentFilter
instanceKlass org/apache/xerces/xni/parser/XMLDocumentSource
instanceKlass org/apache/xerces/xni/parser/XMLDTDScanner
instanceKlass org/apache/xerces/xni/parser/XMLDTDContentModelSource
instanceKlass org/apache/xerces/xni/parser/XMLDTDSource
instanceKlass org/apache/xerces/xni/XMLLocator
instanceKlass org/apache/xerces/xni/parser/XMLComponent
instanceKlass org/apache/xerces/util/ParserConfigurationSettings
instanceKlass org/apache/xerces/parsers/XML11Configurable
instanceKlass org/apache/xerces/xni/parser/XMLPullParserConfiguration
instanceKlass org/apache/xerces/xni/parser/XMLParserConfiguration
instanceKlass org/apache/xerces/xni/parser/XMLComponentManager
instanceKlass org/apache/xerces/parsers/SecuritySupport$6
instanceKlass org/apache/xerces/parsers/SecuritySupport$7
instanceKlass org/apache/xerces/parsers/SecuritySupport$2
instanceKlass org/apache/xerces/parsers/SecuritySupport$1
instanceKlass org/apache/xerces/parsers/SecuritySupport$4
instanceKlass org/apache/xerces/parsers/SecuritySupport
instanceKlass org/apache/xerces/parsers/ObjectFactory
instanceKlass org/xml/sax/Attributes
instanceKlass org/xml/sax/AttributeList
instanceKlass org/xml/sax/Locator
instanceKlass org/apache/xerces/parsers/XMLParser
instanceKlass org/apache/xerces/xni/XMLDTDContentModelHandler
instanceKlass org/apache/xerces/xni/XMLDTDHandler
instanceKlass org/apache/xerces/xni/XMLDocumentHandler
instanceKlass org/xml/sax/XMLReader
instanceKlass org/xml/sax/Parser
instanceKlass org/apache/xerces/xs/PSVIProvider
instanceKlass org/w3c/dom/Node
instanceKlass org/xml/sax/EntityResolver
instanceKlass org/xml/sax/ErrorHandler
instanceKlass org/xml/sax/ContentHandler
instanceKlass javax/xml/transform/Result
instanceKlass javax/xml/transform/Source
instanceKlass com/mathworks/xml/XMLUtils
instanceKlass com/mathworks/mwswing/binding/KeyBindingReaderUtils
instanceKlass com/mathworks/mwswing/SimpleNode
instanceKlass com/mathworks/mwswing/binding/ActionDataReader
instanceKlass com/mathworks/services/binding/MatlabKeyBindingPreferences
instanceKlass javax/swing/InputMap
instanceKlass com/mathworks/mwswing/binding/ActionDataID
instanceKlass com/mathworks/mwswing/binding/DefaultKeyBindingSetID
instanceKlass com/mathworks/mwswing/binding/AbstractNamedUniqueID
instanceKlass com/mathworks/mwswing/binding/UniqueID
instanceKlass com/mathworks/mwswing/binding/KeyBindingManager
instanceKlass com/mathworks/mwswing/binding/KeyBindingManagerRegistry
instanceKlass com/mathworks/services/binding/KeyBindingPreferences
instanceKlass com/mathworks/services/binding/MatlabKeyBindings
instanceKlass com/mathworks/mwswing/binding/ExtendedActionBridge
instanceKlass javax/swing/AbstractAction
instanceKlass com/mathworks/mwswing/ExtendedAction
instanceKlass java/awt/event/ItemListener
instanceKlass com/mathworks/mde/editor/plugins/editordataservice/debug/DebuggerInstaller$9
instanceKlass com/mathworks/mde/editor/plugins/editordataservice/debug/DebuggerInstaller$5
instanceKlass com/mathworks/mde/editor/plugins/editordataservice/debug/DebuggerInstaller$3
instanceKlass com/mathworks/mlwidgets/stack/StackInfoRegistry$DBStackCallback
instanceKlass com/mathworks/mlwidgets/stack/StackInfoRegistry
instanceKlass com/mathworks/mlservices/MatlabDebugServices$1
instanceKlass com/mathworks/mlservices/MatlabDebugServices$3
instanceKlass com/mathworks/capabilities/CapabilityList$1
instanceKlass com/mathworks/mvm/MvmWrapper
instanceKlass com/mathworks/capabilities/CapabilityList
instanceKlass com/mathworks/mvm/exec/MatlabFevalRequest$Options
instanceKlass com/mathworks/mlservices/MatlabDebugServices$DBStatusDBStackCallback
instanceKlass com/mathworks/mlservices/debug/breakpoint/GlobalBreakpointDBStatusHandler
instanceKlass com/mathworks/mlservices/debug/breakpoint/GlobalBreakpointState
instanceKlass java/util/logging/Formatter
instanceKlass java/util/logging/ErrorManager
instanceKlass com/mathworks/mlservices/MatlabDebugServices$BusyExecutionListener
instanceKlass com/mathworks/mlservices/MatlabDebugServices$CtrlCListener
instanceKlass com/mathworks/mlservices/MatlabDebugServices$DefaultMatlabPauseObserver
instanceKlass com/mathworks/mlservices/MatlabPauseObserver
instanceKlass com/mathworks/mlservices/MatlabDebugServices$DefaultMatlabDebugObserver
instanceKlass com/mathworks/mlservices/MatlabDebugServices$StackCallback
instanceKlass com/mathworks/mlservices/MatlabDebugServices$StackDispatch
instanceKlass com/mathworks/mlservices/MatlabDebugServices$DebugDispatch$DebugExitStackCheck
instanceKlass com/mathworks/mlservices/MatlabDebugServices$DebugDispatch
instanceKlass com/mathworks/matlab/api/debug/Breakpoint
instanceKlass com/mathworks/mlservices/debug/breakpoint/BreakpointBase
instanceKlass com/mathworks/mlservices/MatlabDebugServices
instanceKlass javax/swing/event/EventListenerList
instanceKlass com/mathworks/widgets/debug/DebuggerManager$IdleMatlabDebugger
instanceKlass com/mathworks/widgets/debug/DebuggerManager
instanceKlass com/mathworks/matlab/api/editor/actions/DebuggerActions
instanceKlass com/mathworks/mlservices/MatlabDebugAdapter
instanceKlass com/mathworks/mde/editor/plugins/editordataservice/debug/DebuggerInstaller$StackCallback
instanceKlass com/mathworks/mde/editor/plugins/editordataservice/debug/DebuggerInstaller$10
instanceKlass com/mathworks/mde/editor/plugins/editordataservice/debug/DebuggerInstaller$1
instanceKlass com/mathworks/widgets/debug/DebuggerManager$DebuggerManagerStateListener
instanceKlass com/mathworks/mlservices/MatlabDebugObserver
instanceKlass com/mathworks/mlwidgets/stack/StackInfoRegistry$StackInfoChange
instanceKlass com/mathworks/mde/editor/plugins/editordataservice/debug/DebuggerInstaller
instanceKlass com/mathworks/services/mlx/service/SerializationService$4
instanceKlass com/mathworks/services/mlx/service/SerializationService$3
instanceKlass com/mathworks/services/mlx/service/SerializationService$2
instanceKlass com/mathworks/services/mlx/service/SerializationService$1
instanceKlass com/mathworks/services/mlx/service/SerializationService
instanceKlass com/mathworks/mde/editor/plugins/editordataservice/MatlabExecutionService$2
instanceKlass com/mathworks/mde/editor/plugins/editordataservice/MatlabExecutionService$1
instanceKlass com/mathworks/mde/editor/RealMatlab
instanceKlass com/mathworks/mde/editor/EditorMatlab
instanceKlass com/mathworks/mde/editor/plugins/editordataservice/MatlabExecutionService
instanceKlass com/mathworks/connector/message_service/impl/AbstractMessageService$Subscription
instanceKlass com/mathworks/messageservice/MessageUtils
instanceKlass com/mathworks/services/editordataservice/EditorDataServiceManager$3
instanceKlass com/mathworks/services/editordataservice/EditorDataServiceManager$SingletonHolder
instanceKlass com/mathworks/services/editordataservice/EditorDataServiceManager$1
instanceKlass com/mathworks/services/editordataservice/EditorDataServiceManager
instanceKlass com/mathworks/connector/client_services/UserManagerImpl$GetCurrentClientPropertiesResponse
instanceKlass com/mathworks/connector/client_services/UserManagerImpl$GetCurrentClientProperties
instanceKlass com/mathworks/connector/client_services/UserManagerImpl$GetCurrentEntitledProductsResponse
instanceKlass com/mathworks/connector/client_services/UserManagerImpl$GetCurrentEntitledProducts
instanceKlass com/mathworks/connector/client_services/UserManagerImpl$GetCurrentUserHomeDirResponse
instanceKlass com/mathworks/connector/client_services/UserManagerImpl$GetCurrentUserHomeDir
instanceKlass com/mathworks/connector/client_services/ClientBrowserServiceImpl$OpenWithBrowser
instanceKlass com/mathworks/connector/client_services/ClientEditorServiceImpl$OpenOrCreateInEditor
instanceKlass com/mathworks/connector/client_services/ClientEditorServiceImpl$OpenToLineInEditor
instanceKlass com/mathworks/matlabserver/connector/nonce/NewNonceResponse
instanceKlass com/mathworks/matlabserver/connector/nonce/NewNonce
instanceKlass com/mathworks/matlabserver/connector/nonce/ApplyNonceResponse
instanceKlass com/mathworks/matlabserver/connector/nonce/ApplyNonce
instanceKlass com/mathworks/matlabserver/connector/http/RemoveStaticContentPath
instanceKlass com/mathworks/matlabserver/connector/http/GetStaticContentPathResponse
instanceKlass com/mathworks/matlabserver/connector/http/GetStaticContentPath
instanceKlass com/mathworks/matlabserver/connector/http/AddStaticContentPathResponse
instanceKlass com/mathworks/matlabserver/connector/http/AddStaticContentPath
instanceKlass com/mathworks/mlservices/MatlabExecutionErrorHandler
instanceKlass com/mathworks/mde/cmdwin/CmdWinExecuteServices
instanceKlass com/mathworks/mlservices/MLExecuteRegistrar
instanceKlass com/mathworks/mlservices/MLExecute
instanceKlass com/mathworks/mlservices/MLServicesRegistry$EventMulticaster
instanceKlass com/mathworks/mlservices/MLServicesRegistry
instanceKlass com/mathworks/mlservices/MLExecuteServices$ServicesRegistryListener
instanceKlass com/mathworks/services/message/MWHandler
instanceKlass com/mathworks/jmi/MatlabMCR
instanceKlass com/mathworks/mlservices/MLServicesRegistry$Listener
instanceKlass com/mathworks/mlservices/MLServices
instanceKlass com/mathworks/matlabserver/workercommon/desktopservices/eval/WorkerEvalExecutionListener$MatlabExecutionStateReturnVal
instanceKlass com/mathworks/matlabserver/workercommon/desktopservices/eval/WorkerEvalExecutionListener
instanceKlass com/mathworks/connector/cosg/impl/CosgRegistryImpl$EchoResponse
instanceKlass com/mathworks/connector/cosg/impl/CosgRegistryImpl$EchoRequest
instanceKlass com/mathworks/connector/cosg/impl/CosgRegistryImpl$2
instanceKlass com/mathworks/connector/cosg/impl/CosgRegistryImpl$1
instanceKlass com/mathworks/connector/Promise
instanceKlass com/mathworks/connector/Future
instanceKlass com/mathworks/connector/cosg/CosgRegisterOpaqueType
instanceKlass com/mathworks/connector/cosg/impl/CosgRegistryImpl$CosgHandlerContainer
instanceKlass com/mathworks/matlabserver/workercommon/messageservices/matlabexecutionservices/MatlabExecutionStateResponseMessageDO
instanceKlass com/mathworks/matlabserver/workercommon/messageservices/matlabexecutionservices/MatlabExecutionStateRequestMessageDO
instanceKlass com/mathworks/cosg/CosgResponseWrapper
instanceKlass com/mathworks/matlabserver/workercommon/messageservices/matlabexecutionservices/MatlabExecutionStateImpl
instanceKlass com/mathworks/peermodel/synchronizer/utils/ClientPagedDataJSONConverter
instanceKlass com/mathworks/peermodel/pageddata/PagedDataFactory
instanceKlass com/mathworks/peermodel/pageddata/impl/PagedDataImpl
instanceKlass com/mathworks/peermodel/pageddata/ClientPagedData
instanceKlass com/mathworks/peermodel/pageddata/ServerPagedData
instanceKlass com/mathworks/peermodel/PeerSynchronizerFactory
instanceKlass com/mathworks/peermodel/synchronizer/PeerSynchronizer
instanceKlass com/mathworks/peermodel/events/Observer
instanceKlass com/mathworks/peermodel/PeerSynchronizer
instanceKlass com/mathworks/peermodel/PeerModelManager
instanceKlass com/mathworks/peermodel/events/PeerModelListenable
instanceKlass com/mathworks/peermodel/events/PeerEventObservable
instanceKlass com/mathworks/peermodel/events/Observable
instanceKlass com/mathworks/peermodel/PeerModelBuilderImpl
instanceKlass com/mathworks/peermodel/PeerModelBuilder
instanceKlass com/mathworks/peermodel/synchronizer/utils/PeerModelInitialize
instanceKlass sun/awt/AppContext$PostShutdownEventRunnable
instanceKlass com/mathworks/messageservice/MessageServiceFactory
instanceKlass com/mathworks/connector/message_service/impl/JniMessageServiceAdaptorImpl$1
instanceKlass com/google/gson/BufferedImageConverter
instanceKlass com/mathworks/messageservice/json/converters/JSONTypeConverter
instanceKlass com/mathworks/connector/message_service/impl/JSONConverterImpl$MessageJSONCustomConverter
instanceKlass com/mathworks/connector/message_service/impl/JSONConverterImpl
instanceKlass com/mathworks/messageservice/json/JSONCustomConverters
instanceKlass com/mathworks/messageservice/Message
instanceKlass com/mathworks/messageservice/ContextState
instanceKlass com/mathworks/connector/message_service/impl/AbstractMessageService
instanceKlass com/mathworks/messageservice/MessageServiceOpaque
instanceKlass com/mathworks/matlabserver/workercommon/client/ClientServiceRegistryFacade
instanceKlass com/mathworks/matlabserver/workercommon/client/ClientServiceRegistryFactory
instanceKlass com/google/gson/internal/$Gson$Types$ParameterizedTypeImpl
instanceKlass sun/reflect/generics/reflectiveObjects/LazyReflectiveObjectGenerator
instanceKlass java/lang/reflect/TypeVariable
instanceKlass sun/reflect/generics/reflectiveObjects/ParameterizedTypeImpl
instanceKlass com/mathworks/connector/client_services/UserManagerImpl$SupportedProducts
instanceKlass sun/reflect/generics/tree/ClassSignature
instanceKlass sun/reflect/generics/tree/Signature
instanceKlass sun/reflect/generics/tree/FormalTypeParameter
instanceKlass com/mathworks/connector/client_services/UserManagerImpl
instanceKlass com/mathworks/matlabserver/internalservices/workersecurity/UserManager
instanceKlass com/mathworks/connector/client_services/ClientCommandWindowServiceImpl
instanceKlass com/mathworks/matlabserver/workercommon/client/services/ClientCommandWindowService
instanceKlass com/mathworks/connector/client_services/ClientBrowserServiceImpl
instanceKlass com/mathworks/matlabserver/workercommon/client/services/ClientBrowserService
instanceKlass com/mathworks/connector/client_services/ClientEditorServiceImpl
instanceKlass com/mathworks/matlabserver/workercommon/client/services/ClientEditorService
instanceKlass com/mathworks/matlabserver/workercommon/client/services/MessageProducer
instanceKlass com/mathworks/matlabserver/workercommon/client/impl/ClientServiceRegistryImpl
instanceKlass com/mathworks/connector/json/impl/JsonDeserializationServiceProvider
instanceKlass com/mathworks/connector/json/impl/JsonSerializationServiceProvider
instanceKlass com/mathworks/connector/MessageBase
instanceKlass com/google/gson/internal/bind/TreeTypeAdapter$SingleTypeFactory
instanceKlass com/google/gson/JsonDeserializationContext
instanceKlass com/google/gson/JsonSerializationContext
instanceKlass com/google/gson/InstanceCreator
instanceKlass com/google/gson/JsonSerializer
instanceKlass com/mathworks/connector/json/impl/JsonSerializerImpl$GenericMessageDeserializer
instanceKlass com/google/gson/JsonDeserializer
instanceKlass com/mathworks/connector/json/impl/JsonSerializerImpl
instanceKlass com/google/gson/internal/bind/ReflectiveTypeAdapterFactory$BoundField
instanceKlass com/google/gson/internal/bind/ReflectiveTypeAdapterFactory
instanceKlass com/google/gson/internal/bind/JsonAdapterAnnotationTypeAdapterFactory
instanceKlass com/google/gson/internal/bind/MapTypeAdapterFactory
instanceKlass com/google/gson/internal/bind/CollectionTypeAdapterFactory
instanceKlass com/google/gson/internal/bind/ArrayTypeAdapter$1
instanceKlass com/google/gson/internal/bind/DateTypeAdapter$1
instanceKlass com/google/gson/internal/bind/NumberTypeAdapter$1
instanceKlass com/google/gson/internal/bind/ObjectTypeAdapter$1
instanceKlass com/google/gson/internal/bind/TypeAdapters$28
instanceKlass com/google/gson/internal/bind/TypeAdapters$32
instanceKlass com/google/gson/internal/bind/TypeAdapters$33
instanceKlass java/util/concurrent/atomic/AtomicIntegerArray
instanceKlass com/google/gson/internal/bind/TypeAdapters$31
instanceKlass com/google/gson/internal/bind/TypeAdapters$30
instanceKlass com/google/gson/internal/bind/TypeAdapters
instanceKlass com/google/gson/internal/JavaVersion
instanceKlass com/google/gson/internal/reflect/ReflectionAccessor
instanceKlass com/google/gson/internal/ObjectConstructor
instanceKlass com/google/gson/internal/ConstructorConstructor
instanceKlass java/lang/reflect/WildcardType
instanceKlass java/lang/reflect/ParameterizedType
instanceKlass com/google/gson/internal/$Gson$Types
instanceKlass com/google/gson/internal/$Gson$Preconditions
instanceKlass com/google/gson/reflect/TypeToken
instanceKlass com/google/gson/Gson
instanceKlass com/google/gson/internal/sql/SqlTimestampTypeAdapter$1
instanceKlass com/google/gson/internal/sql/SqlTimeTypeAdapter$1
instanceKlass com/google/gson/internal/sql/SqlDateTypeAdapter$1
instanceKlass com/google/gson/stream/JsonWriter
instanceKlass com/google/gson/stream/JsonReader
instanceKlass com/google/gson/internal/bind/DefaultDateTypeAdapter$DateType
instanceKlass com/google/gson/internal/sql/SqlTypesSupport
instanceKlass com/google/gson/JsonElement
instanceKlass com/google/gson/TypeAdapter
instanceKlass com/google/gson/internal/Excluder
instanceKlass com/google/gson/TypeAdapterFactory
instanceKlass com/google/gson/ToNumberStrategy
instanceKlass com/google/gson/FieldNamingStrategy
instanceKlass com/google/gson/GsonBuilder
instanceKlass com/mathworks/cosg/CosgRegistryFactory
instanceKlass com/mathworks/connector/cosg/impl/CosgRegistryImpl
instanceKlass com/mathworks/connector/Address
instanceKlass com/mathworks/connector/impl/ContextImpl
instanceKlass com/mathworks/cosg/CosgRegistry
instanceKlass com/mathworks/connector/cosg/impl/CosgServiceProvider
instanceKlass com/mathworks/messageservice/builders/MessageServiceBuilder
instanceKlass com/mathworks/connector/Future$Continuation
instanceKlass com/mathworks/connector/native_bridge/impl/NativeBridgeServiceProvider
instanceKlass com/mathworks/connector/Context
instanceKlass com/mathworks/connector/impl/ConnectorImpl
instanceKlass com/mathworks/connector/Connector
instanceKlass com/mathworks/connector/json/JsonSerializer
instanceKlass com/mathworks/connector/native_bridge/NativeBridge
instanceKlass com/mathworks/mlservices/MLExecutionListener
instanceKlass com/mathworks/connector/ServiceProvider
instanceKlass com/mathworks/cosg/CosgMessageHandler
instanceKlass com/mathworks/matlabserver/connector/api/Server
instanceKlass com/mathworks/matlabserver/connector/api/ConnectorLifecycleHelper
instanceKlass com/mathworks/matlabserver/connector/util/SessionNonceHelper
instanceKlass com/mathworks/matlabserver/workercommon/client/ClientServiceRegistry
instanceKlass com/mathworks/connector/message_service/api/JniMessageServiceAdaptor
instanceKlass com/mathworks/connector/Message
instanceKlass com/mathworks/matlabserver/connector/api/Connector$1
instanceKlass com/mathworks/matlabserver/connector/api/Connector
instanceKlass com/mathworks/addons_toolbox/AddOnInstallationObserverAdapter
instanceKlass com/mathworks/appmanagement/addons/AppManagerUtils
instanceKlass com/mathworks/addons_zip/tasks/AddOnInstallationObservers
instanceKlass java/nio/file/SimpleFileVisitor
instanceKlass com/mathworks/addons_common/AddonCustomMetadata
instanceKlass java/nio/file/FileVisitor
instanceKlass com/mathworks/addons_zip/utils/ZipManagerUtils
instanceKlass com/mathworks/supportsoftwarematlabmanagement/api/UninstallAPI
instanceKlass java/awt/TrayIcon
instanceKlass com/mathworks/install_task/BackgroundTask
instanceKlass java/awt/MenuComponent
instanceKlass java/awt/EventQueue$3
instanceKlass sun/awt/dnd/SunDragSourceContextPeer
instanceKlass java/awt/dnd/peer/DragSourceContextPeer
instanceKlass com/mathworks/supportsoftwareinstaller/api/InstallAPI
instanceKlass sun/awt/EventQueueDelegate
instanceKlass java/awt/ModalEventFilter
instanceKlass java/awt/EventDispatchThread$HierarchyEventFilter
instanceKlass java/awt/EventFilter
instanceKlass java/awt/EventDispatchThread$1
instanceKlass java/awt/Conditional
instanceKlass com/mathworks/hwsmanagement/HwsManager
instanceKlass com/mathworks/supportsoftwareinstaller/addons/SupportSoftwareInstallerObserver
instanceKlass com/mathworks/addons_app/AppManager
instanceKlass java/awt/EventQueue$5
instanceKlass java/awt/event/InvocationEvent$1
instanceKlass sun/awt/AWTAccessor$InvocationEventAccessor
instanceKlass java/awt/ActiveEvent
instanceKlass com/mathworks/mde/desk/ContributedToolsLoader$1
instanceKlass com/mathworks/mde/desk/ContributedToolsLoader
instanceKlass com/mathworks/toolboxmanagement/ToolboxContributedToolsLoader
instanceKlass com/mathworks/toolboxmanagement/ToolboxManagementObserverCollection
instanceKlass com/mathworks/toolboxmanagement/DefaultToolboxManagementObserver
instanceKlass com/mathworks/toolboxmanagement/ExecutorServiceFactory
instanceKlass com/mathworks/mde/desk/ContributedToolsLoader$DoneListener
instanceKlass com/mathworks/toolboxmanagement/CustomToolboxManager
instanceKlass com/mathworks/toolboxmanagement/ToolboxManagementObserver
instanceKlass com/mathworks/addons_toolbox/ToolboxManagerForAddOns
instanceKlass com/mathworks/addons_common/InstalledAddon
instanceKlass com/mathworks/addons_zip/ZipManager
instanceKlass com/mathworks/addons_mlconnector/MLConnectorManager
instanceKlass sun/nio/fs/AbstractPath
instanceKlass java/net/URI$Parser
instanceKlass java/net/URI
instanceKlass sun/nio/cs/SingleByte
instanceKlass sun/nio/fs/Util
instanceKlass sun/nio/fs/WindowsPathParser$Result
instanceKlass sun/nio/fs/WindowsPathParser
instanceKlass java/nio/file/FileSystem
instanceKlass java/nio/file/spi/FileSystemProvider
instanceKlass sun/nio/fs/DefaultFileSystemProvider
instanceKlass java/nio/file/FileSystems$DefaultFileSystemHolder$1
instanceKlass java/nio/file/FileSystems$DefaultFileSystemHolder
instanceKlass java/nio/file/FileSystems
instanceKlass java/nio/file/Paths
instanceKlass com/mathworks/addons_product/CommandBuilder
instanceKlass com/mathworks/addons_common/DocumentationProvider
instanceKlass com/mathworks/services/lmgr/FeatureInfoList
instanceKlass com/mathworks/addons_product/ProductManager
instanceKlass com/mathworks/addons_common/notificationframework/InstalledFolderRegistryObserver
instanceKlass com/mathworks/toolbox/slproject/project/extensions/customization/ProjectUICustomizationFactory
instanceKlass com/mathworks/addons_common/util/InstalledAddonMetadataModifier
instanceKlass com/mathworks/addons_common/notificationframework/BalloonTooltipNotificationClickedCallback
instanceKlass com/mathworks/toolbox/slproject/project/extensions/customization/ProjectToolFactory
instanceKlass com/mathworks/widgets/desk/ToolstripInfoRegistrar
instanceKlass com/mathworks/mde/editor/debug/DebuggerActionsProvider
instanceKlass com/mathworks/matlab/api/editor/actions/KeyBindingContributor
instanceKlass com/mathworks/matlab/api/editor/EditorKitProvider
instanceKlass com/mathworks/matlab/api/editor/actions/EditorToolTipDelegate
instanceKlass com/mathworks/widgets/editor/breakpoints/MarginProvider
instanceKlass com/mathworks/matlab/api/toolbars/ToolBarContributor
instanceKlass com/mathworks/matlab/api/editor/actions/SelectionDelegate
instanceKlass com/mathworks/comparisons/plugin/ComparisonPlugin
instanceKlass com/mathworks/addons_common/util/AddonMetadataResolver
instanceKlass com/mathworks/registration_point_api/RegistrationPoint
instanceKlass com/mathworks/project/impl/model/TargetFactory
instanceKlass com/mathworks/mde/liveeditor/LiveEditorToolstripContributor
instanceKlass com/mathworks/matlab/api/editor/EditorToolstripTabContributor
instanceKlass com/mathworks/matlab/api/editor/actions/Prioritizable
instanceKlass com/mathworks/matlab/api/menus/MenuContributor
instanceKlass com/mathworks/matlab/api/editor/EditorLayerProvider
instanceKlass com/mathworks/addons_common/AddonManager
instanceKlass com/mathworks/addons_common/notificationframework/EnableDisableManagementNotifierAPI
instanceKlass com/mathworks/toolbox/slproject/project/extensions/ProjectExtensionFactory
instanceKlass com/mathworks/matlab/api/editor/EditorLanguagePreferencesPanel
instanceKlass com/mathworks/matlab/api/editor/EditorSyntaxHighlighting
instanceKlass com/mathworks/mwswing/api/FileExtensionFilterContributor
instanceKlass com/mathworks/matlab/api/editor/EditorLanguage
instanceKlass com/mathworks/util/ManifestAttributeProviderImpl
instanceKlass com/mathworks/util/ManifestAttributeProvider
instanceKlass com/mathworks/util/ManifestAttributeProviderFactory$LazyHolder
instanceKlass java/util/concurrent/Executors$RunnableAdapter
instanceKlass java/util/concurrent/FutureTask$WaitNode
instanceKlass java/util/concurrent/FutureTask
instanceKlass java/util/concurrent/RunnableFuture
instanceKlass com/mathworks/util/ManifestAttributeProviderFactory$1
instanceKlass com/mathworks/util/ManifestAttributeProviderFactory
instanceKlass com/mathworks/util/ImplementorsCacheImpl
instanceKlass com/mathworks/util/ImplementorsCache
instanceKlass com/mathworks/util/ImplementorsCacheFactory$LazyHolder
instanceKlass com/mathworks/util/ImplementorsCacheFactory
instanceKlass com/mathworks/addons_common/notificationframework/AddOnInstallationObserverImpl
instanceKlass com/mathworks/addons_common/notificationframework/AddOnInstallationObserver
instanceKlass com/mathworks/addons_common/notificationframework/InstalledAddOnsCache
instanceKlass com/mathworks/addons/AddonsCommunicator$1
instanceKlass com/mathworks/messageservice/MessageService
instanceKlass java/util/stream/IntStream
instanceKlass com/mathworks/messageservice/Subscriber
instanceKlass com/mathworks/jmi/ComponentBridge
instanceKlass com/mathworks/peermodel/PeerModelManagers
instanceKlass com/mathworks/addons/AddonsCommunicator
instanceKlass com/mathworks/jmi/AutoConvertStringToMatlabChar
instanceKlass com/mathworks/addons_common/notificationframework/UINotifier
instanceKlass com/mathworks/util/DeleteOnExitShutdownInitializer$1
instanceKlass com/mathworks/util/DeleteOnExitShutdownInitializer
instanceKlass com/jidesoft/plaf/LookAndFeelFactory$UIDefaultsCustomizer
instanceKlass com/jidesoft/plaf/basic/BasicPainter
instanceKlass com/jidesoft/plaf/basic/ThemePainter
instanceKlass com/jidesoft/plaf/vsnet/HeaderCellBorder
instanceKlass com/jidesoft/plaf/vsnet/VsnetWindowsUtils$14
instanceKlass sun/java2d/loops/GraphicsPrimitiveMgr$PrimitiveSpec
instanceKlass sun/java2d/loops/GraphicsPrimitiveMgr$2
instanceKlass sun/java2d/loops/GraphicsPrimitiveMgr$1
instanceKlass sun/java2d/loops/GeneralRenderer
instanceKlass sun/java2d/loops/CustomComponent
instanceKlass sun/java2d/pipe/ValidatePipe
instanceKlass java/awt/BasicStroke
instanceKlass java/awt/Stroke
instanceKlass java/awt/AlphaComposite
instanceKlass sun/java2d/loops/XORComposite
instanceKlass java/awt/Composite
instanceKlass sun/awt/ConstrainableGraphics
instanceKlass sun/java2d/loops/GraphicsPrimitiveMgr
instanceKlass sun/java2d/loops/GraphicsPrimitive
instanceKlass sun/java2d/loops/CompositeType
instanceKlass sun/java2d/DefaultDisposerRecord
instanceKlass sun/java2d/loops/RenderLoops
instanceKlass sun/awt/image/BufImgSurfaceData$ICMColorData
instanceKlass com/jidesoft/plaf/vsnet/VsnetWindowsUtils$13
instanceKlass com/jidesoft/plaf/vsnet/VsnetWindowsUtils$12
instanceKlass com/jidesoft/plaf/vsnet/VsnetWindowsUtils$11
instanceKlass com/jidesoft/plaf/vsnet/VsnetWindowsUtils$10
instanceKlass com/jidesoft/chart/Product
instanceKlass com/jidesoft/shortcut/Product
instanceKlass com/jidesoft/wizard/Product
instanceKlass com/jidesoft/grid/Product
instanceKlass com/jidesoft/document/Product
instanceKlass com/jidesoft/action/Product
instanceKlass com/jidesoft/docking/Product
instanceKlass sun/security/util/DisabledAlgorithmConstraints$1
instanceKlass sun/security/util/DisabledAlgorithmConstraints$Constraint
instanceKlass sun/security/util/DisabledAlgorithmConstraints$Constraints
instanceKlass sun/security/util/AbstractAlgorithmConstraints$1
instanceKlass sun/security/util/AlgorithmDecomposer
instanceKlass sun/security/util/AbstractAlgorithmConstraints
instanceKlass java/security/AlgorithmConstraints
instanceKlass sun/security/util/SignatureFileVerifier
instanceKlass sun/security/util/ManifestEntryVerifier
instanceKlass java/awt/image/BufferedImage$1
instanceKlass java/awt/image/SampleModel
instanceKlass java/awt/image/DataBuffer$1
instanceKlass sun/awt/image/SunWritableRaster$DataStealer
instanceKlass java/awt/image/DataBuffer
instanceKlass java/awt/image/Raster
instanceKlass sun/awt/image/GifFrame
instanceKlass java/lang/invoke/LambdaForm$MH
instanceKlass java/lang/invoke/LambdaForm$DMH
instanceKlass sun/awt/image/ImageWatched$WeakLink$$Lambda$52
instanceKlass java/lang/invoke/LambdaForm$DMH
instanceKlass sun/awt/image/ImageDecoder
instanceKlass sun/awt/image/MultiResolutionImage
instanceKlass java/awt/MediaEntry
instanceKlass sun/awt/image/ImageFetcher$1
instanceKlass sun/awt/image/FetcherInfo
instanceKlass sun/awt/image/ImageConsumerQueue
instanceKlass sun/awt/image/ImageWatched$Link
instanceKlass sun/awt/image/ImageWatched
instanceKlass java/awt/image/ImageConsumer
instanceKlass sun/awt/image/NativeLibLoader$1
instanceKlass sun/awt/image/NativeLibLoader
instanceKlass sun/awt/image/InputStreamImageSource
instanceKlass sun/awt/image/ImageFetchable
instanceKlass java/awt/image/ImageProducer
instanceKlass java/awt/MediaTracker
instanceKlass javax/accessibility/AccessibleContext
instanceKlass sun/awt/EventQueueItem
instanceKlass java/awt/event/InputMethodListener
instanceKlass java/awt/event/MouseWheelListener
instanceKlass java/awt/event/MouseMotionListener
instanceKlass java/awt/event/MouseListener
instanceKlass java/awt/event/KeyListener
instanceKlass java/awt/event/HierarchyBoundsListener
instanceKlass java/awt/event/HierarchyListener
instanceKlass java/awt/event/FocusListener
instanceKlass java/awt/event/ComponentListener
instanceKlass java/awt/dnd/DropTarget
instanceKlass java/awt/dnd/DropTargetListener
instanceKlass java/awt/image/BufferStrategy
instanceKlass java/awt/GraphicsConfiguration
instanceKlass java/awt/Cursor
instanceKlass java/awt/ComponentOrientation
instanceKlass javax/swing/ImageIcon$2
instanceKlass javax/swing/ImageIcon$1
instanceKlass java/awt/Graphics
instanceKlass javax/swing/ImageIcon
instanceKlass com/jidesoft/icons/IconsFactory
instanceKlass com/jidesoft/icons/JideIconsFactory
instanceKlass javax/swing/plaf/BorderUIResource
instanceKlass com/jidesoft/plaf/windows/WindowsIconFactory$CheckBoxIcon
instanceKlass com/jidesoft/plaf/windows/WindowsIconFactory
instanceKlass com/jidesoft/plaf/vsnet/VsnetWindowsUtils$9
instanceKlass com/jidesoft/plaf/vsnet/VsnetWindowsUtils$8
instanceKlass com/jidesoft/plaf/vsnet/VsnetWindowsUtils$7
instanceKlass com/jidesoft/plaf/vsnet/VsnetWindowsUtils$6
instanceKlass com/jidesoft/plaf/vsnet/VsnetWindowsUtils$5
instanceKlass com/jidesoft/plaf/vsnet/VsnetWindowsUtils$4
instanceKlass com/jidesoft/plaf/vsnet/VsnetWindowsUtils$3
instanceKlass com/jidesoft/plaf/vsnet/VsnetWindowsUtils$2
instanceKlass com/jidesoft/plaf/vsnet/VsnetWindowsUtils$1
instanceKlass com/jidesoft/plaf/ExtWindowsDesktopProperty
instanceKlass com/jidesoft/swing/JideSwingUtilities$10
instanceKlass com/jidesoft/utils/SystemInfo$JavaVersion
instanceKlass com/jidesoft/utils/SystemInfo
instanceKlass com/jidesoft/utils/SecurityUtils
instanceKlass com/jidesoft/dialog/ButtonNames
instanceKlass com/jidesoft/dialog/ButtonListener
instanceKlass javax/swing/ScrollPaneConstants
instanceKlass javax/swing/event/RowSorterListener
instanceKlass javax/swing/event/CellEditorListener
instanceKlass javax/swing/event/ListSelectionListener
instanceKlass javax/swing/event/TableColumnModelListener
instanceKlass javax/swing/event/TableModelListener
instanceKlass javax/swing/table/TableModel
instanceKlass com/jidesoft/swing/JideSwingUtilities$Handler
instanceKlass javax/swing/event/ChangeListener
instanceKlass com/jidesoft/swing/JideSwingUtilities$GetHandler
instanceKlass java/awt/image/WritableRenderedImage
instanceKlass java/awt/image/RenderedImage
instanceKlass com/jidesoft/swing/JideSwingUtilities
instanceKlass com/jidesoft/plaf/WindowsDesktopProperty
instanceKlass com/jidesoft/plaf/basic/Painter
instanceKlass com/jidesoft/plaf/vsnet/ConvertListener
instanceKlass com/jidesoft/plaf/basic/BasicLookAndFeelExtension
instanceKlass com/jidesoft/plaf/LookAndFeelExtension
instanceKlass java/util/Vector$Itr
instanceKlass com/jidesoft/plaf/LookAndFeelFactory$UIDefaultsInitializer
instanceKlass com/jidesoft/plaf/LookAndFeelFactory$1
instanceKlass com/jidesoft/plaf/UIDefaultsLookup
instanceKlass com/jidesoft/plaf/LookAndFeelFactory
instanceKlass java/math/MutableBigInteger
instanceKlass com/jidesoft/utils/Q
instanceKlass javax/swing/RootPaneContainer
instanceKlass javax/swing/WindowConstants
instanceKlass com/jidesoft/utils/Lm
instanceKlass com/jidesoft/utils/ProductNames
instanceKlass com/mathworks/mwswing/plaf/PlafUtils$SystemColorTracker
instanceKlass sun/font/TrueTypeFont$DirectoryEntry
instanceKlass java/nio/DirectByteBuffer$Deallocator
instanceKlass sun/nio/ch/Util$BufferCache
instanceKlass sun/nio/ch/Util$2
instanceKlass sun/nio/ch/Util
instanceKlass sun/nio/ch/IOStatus
instanceKlass sun/nio/ch/NativeThread
instanceKlass java/nio/channels/spi/AbstractInterruptibleChannel$1
instanceKlass sun/nio/ch/FileDispatcherImpl$1
instanceKlass sun/nio/ch/NativeDispatcher
instanceKlass sun/nio/ch/NativeThreadSet
instanceKlass sun/nio/ch/IOUtil$1
instanceKlass sun/nio/ch/IOUtil
instanceKlass java/nio/file/attribute/FileAttribute
instanceKlass java/nio/channels/spi/AbstractInterruptibleChannel
instanceKlass java/nio/channels/InterruptibleChannel
instanceKlass java/nio/channels/ScatteringByteChannel
instanceKlass java/nio/channels/GatheringByteChannel
instanceKlass java/nio/channels/SeekableByteChannel
instanceKlass java/nio/channels/ByteChannel
instanceKlass java/nio/channels/WritableByteChannel
instanceKlass java/nio/channels/ReadableByteChannel
instanceKlass java/nio/channels/Channel
instanceKlass java/io/RandomAccessFile
instanceKlass sun/font/TrueTypeFont$1
instanceKlass sun/font/TrueTypeFont$TTDisposerRecord
instanceKlass sun/font/SunFontManager$5
instanceKlass sun/font/SunFontManager$FamilyDescription
instanceKlass sun/awt/Win32FontManager$2
instanceKlass sun/font/SunFontManager$3
instanceKlass sun/font/FontFamily
instanceKlass sun/font/Font2DHandle
instanceKlass sun/font/CompositeFontDescriptor
instanceKlass sun/awt/FontDescriptor
instanceKlass sun/awt/FontConfiguration
instanceKlass sun/font/SunFontManager$FontRegistrationInfo
instanceKlass sun/font/SunFontManager$2
instanceKlass sun/awt/Win32FontManager$1
instanceKlass sun/font/GlyphList
instanceKlass sun/font/StrikeCache$1
instanceKlass sun/font/StrikeCache
instanceKlass sun/font/FontStrike
instanceKlass sun/font/CharToGlyphMapper
instanceKlass java/awt/geom/Path2D
instanceKlass sun/font/StrikeMetrics
instanceKlass sun/font/Font2D
instanceKlass sun/font/FontManagerNativeLibrary$1
instanceKlass sun/font/FontManagerNativeLibrary
instanceKlass sun/font/SunFontManager$1
instanceKlass sun/font/SunFontManager$T1Filter
instanceKlass sun/font/SunFontManager$TTFilter
instanceKlass java/io/FilenameFilter
instanceKlass sun/font/SunFontManager
instanceKlass sun/font/FontManagerForSGE
instanceKlass sun/font/FontManager
instanceKlass sun/java2d/FontSupport
instanceKlass sun/font/FontManagerFactory$1
instanceKlass sun/font/FontManagerFactory
instanceKlass sun/font/FontUtilities$1
instanceKlass sun/font/FontUtilities
instanceKlass com/mathworks/mwswing/FontSize
instanceKlass com/mathworks/mwswing/FontUtils
instanceKlass com/mathworks/services/DisplayScaleFactorSetting
instanceKlass com/mathworks/util/ResolutionUtils
instanceKlass com/mathworks/mwswing/ScreenSizeChangeHandler
instanceKlass com/mathworks/cfbutils/StatEntryReceiver
instanceKlass com/mathworks/util/NativeJava
instanceKlass com/mathworks/util/logger/impl/LegacyLoggerFactory
instanceKlass com/mathworks/util/logger/LoggerFactory
instanceKlass com/mathworks/util/logger/Log
instanceKlass javax/swing/Scrollable
instanceKlass com/mathworks/mwswing/ExtendedInputMap
instanceKlass com/mathworks/mwswing/binding/KeyBindingManagerListener
instanceKlass javax/swing/Action
instanceKlass java/awt/event/ActionListener
instanceKlass com/mathworks/mwswing/MJUtilities
instanceKlass com/sun/java/swing/plaf/windows/WindowsLookAndFeel$SkinIcon
instanceKlass javax/swing/BorderFactory
instanceKlass com/sun/java/swing/plaf/windows/WindowsLookAndFeel$1
instanceKlass com/sun/java/swing/plaf/windows/WindowsIconFactory$RadioButtonMenuItemIcon
instanceKlass javax/swing/plaf/basic/BasicIconFactory$CheckBoxMenuItemIcon
instanceKlass javax/swing/plaf/basic/BasicIconFactory$MenuItemCheckIcon
instanceKlass javax/swing/plaf/basic/BasicIconFactory
instanceKlass java/awt/ItemSelectable
instanceKlass javax/swing/MenuElement
instanceKlass javax/accessibility/Accessible
instanceKlass com/sun/java/swing/plaf/windows/WindowsIconFactory$VistaMenuItemCheckIconFactory$VistaMenuItemCheckIcon
instanceKlass com/sun/java/swing/plaf/windows/WindowsIconFactory$MenuItemCheckIcon
instanceKlass sun/swing/SwingLazyValue$1
instanceKlass com/sun/java/swing/plaf/windows/WindowsIconFactory$VistaMenuItemCheckIconFactory
instanceKlass sun/swing/MenuItemCheckIconFactory
instanceKlass sun/util/ResourceBundleEnumeration
instanceKlass com/sun/java/swing/plaf/windows/WindowsLookAndFeel$ActiveWindowsIcon
instanceKlass com/sun/java/swing/plaf/windows/WindowsIconFactory$FrameButtonIcon
instanceKlass com/sun/java/swing/plaf/windows/WindowsIconFactory
instanceKlass com/sun/java/swing/plaf/windows/WindowsLookAndFeel$LazyWindowsIcon
instanceKlass java/util/EventListenerProxy
instanceKlass sun/swing/SwingUtilities2$AATextInfo
instanceKlass com/sun/java/swing/plaf/windows/XPStyle$Skin
instanceKlass com/sun/java/swing/plaf/windows/WindowsLookAndFeel$XPColorValue$XPColorValueKey
instanceKlass java/awt/geom/Point2D
instanceKlass com/sun/java/swing/plaf/windows/WindowsLookAndFeel$XPValue
instanceKlass com/sun/java/swing/plaf/windows/DesktopProperty
instanceKlass com/sun/java/swing/plaf/windows/WindowsTreeUI$ExpandedIcon
instanceKlass javax/swing/Icon
instanceKlass javax/swing/UIDefaults$LazyInputMap
instanceKlass javax/swing/plaf/basic/BasicLookAndFeel$2
instanceKlass sun/swing/SwingUtilities2$2
instanceKlass javax/swing/border/AbstractBorder
instanceKlass javax/swing/UIDefaults$ActiveValue
instanceKlass sun/swing/SwingLazyValue
instanceKlass javax/swing/UIDefaults$LazyValue
instanceKlass javax/swing/plaf/UIResource
instanceKlass java/awt/SystemColor$$Lambda$51
instanceKlass sun/awt/AWTAccessor$SystemColorAccessor
instanceKlass java/lang/invoke/LambdaForm$DMH
instanceKlass java/lang/invoke/LambdaForm$DMH
instanceKlass com/sun/java/swing/plaf/windows/WindowsRootPaneUI$AltProcessor
instanceKlass javax/swing/plaf/ComponentUI
instanceKlass javax/swing/JComponent$1
instanceKlass java/awt/Container$1
instanceKlass sun/awt/AWTAccessor$ContainerAccessor
instanceKlass java/awt/geom/Dimension2D
instanceKlass java/awt/LightweightDispatcher
instanceKlass java/awt/event/AWTEventListener
instanceKlass java/awt/LayoutManager
instanceKlass javax/swing/TransferHandler$HasGetTransferHandler
instanceKlass javax/swing/UIManager$2
instanceKlass sun/awt/KeyboardFocusManagerPeerImpl
instanceKlass java/awt/peer/KeyboardFocusManagerPeer
instanceKlass java/awt/FocusTraversalPolicy
instanceKlass java/awt/DefaultKeyboardFocusManager$1
instanceKlass sun/awt/AWTAccessor$DefaultKeyboardFocusManagerAccessor
instanceKlass java/awt/AWTKeyStroke$1
instanceKlass java/awt/AWTKeyStroke
instanceKlass java/awt/KeyboardFocusManager$1
instanceKlass sun/awt/AWTAccessor$KeyboardFocusManagerAccessor
instanceKlass java/awt/KeyboardFocusManager
instanceKlass java/awt/KeyEventPostProcessor
instanceKlass java/awt/KeyEventDispatcher
instanceKlass sun/awt/PaintEventDispatcher
instanceKlass sun/misc/FloatingDecimal$ASCIIToBinaryBuffer
instanceKlass sun/misc/FloatingDecimal$PreparedASCIIToBinaryBuffer
instanceKlass sun/misc/FloatingDecimal$ASCIIToBinaryConverter
instanceKlass sun/misc/FloatingDecimal$BinaryToASCIIBuffer
instanceKlass sun/misc/FloatingDecimal$ExceptionalBinaryToASCIIBuffer
instanceKlass sun/misc/FloatingDecimal$BinaryToASCIIConverter
instanceKlass sun/misc/FloatingDecimal
instanceKlass sun/java2d/SunGraphicsEnvironment$1
instanceKlass sun/awt/SunDisplayChanger
instanceKlass sun/java2d/SurfaceManagerFactory
instanceKlass sun/java2d/windows/WindowsFlags$1
instanceKlass sun/java2d/windows/WindowsFlags
instanceKlass sun/swing/SwingAccessor
instanceKlass javax/swing/RepaintManager$1
instanceKlass sun/swing/SwingAccessor$RepaintManagerAccessor
instanceKlass javax/swing/RepaintManager$DisplayChangedHandler
instanceKlass javax/swing/RepaintManager
instanceKlass javax/swing/UIManager$1
instanceKlass sun/swing/ImageCache
instanceKlass sun/swing/CachedPainter
instanceKlass com/sun/java/swing/plaf/windows/XPStyle
instanceKlass sun/swing/DefaultLookup
instanceKlass javax/swing/UIManager$LAFState
instanceKlass sun/swing/SwingUtilities2$LSBCacheEntry
instanceKlass java/awt/font/FontRenderContext
instanceKlass sun/swing/SwingUtilities2
instanceKlass sun/swing/StringUIClientPropertyKey
instanceKlass sun/swing/UIClientPropertyKey
instanceKlass javax/swing/LookAndFeel
instanceKlass javax/swing/SwingUtilities
instanceKlass javax/swing/SwingConstants
instanceKlass sun/awt/PostEventQueue
instanceKlass sun/awt/MostRecentKeyValue
instanceKlass java/awt/Queue
instanceKlass java/awt/EventQueue$2
instanceKlass sun/awt/AWTAccessor$EventQueueAccessor
instanceKlass java/awt/EventQueue$1
instanceKlass java/awt/EventQueue
instanceKlass sun/awt/AppContext$1
instanceKlass sun/awt/AppContext$2
instanceKlass sun/awt/AppContext$3
instanceKlass java/awt/Toolkit$DesktopPropertyChangeSupport$1
instanceKlass java/util/ComparableTimSort
instanceKlass sun/awt/SunHints$Value
instanceKlass java/awt/RenderingHints$Key
instanceKlass sun/awt/SunHints
instanceKlass java/awt/RenderingHints
instanceKlass sun/awt/windows/WDesktopProperties$WinPlaySound
instanceKlass sun/awt/windows/ThemeReader
instanceKlass sun/awt/windows/WDesktopProperties
instanceKlass sun/awt/OSInfo$1
instanceKlass sun/awt/OSInfo$WindowsVersion
instanceKlass sun/awt/OSInfo
instanceKlass javax/swing/UIManager$LookAndFeelInfo
instanceKlass javax/swing/UIManager
instanceKlass javax/swing/border/Border
instanceKlass com/mathworks/mwswing/plaf/PlafUtils
instanceKlass com/mathworks/mwswing/InitPlafAndJIDE
instanceKlass java/util/stream/Streams$AbstractStreamBuilderImpl
instanceKlass java/util/stream/Stream$Builder
instanceKlass java/util/concurrent/ConcurrentHashMap$MapEntry
instanceKlass org/apache/logging/log4j/core/util/NameUtil
instanceKlass org/apache/logging/log4j/core/Logger$PrivateConfig
instanceKlass org/apache/logging/log4j/core/LoggerContext$$Lambda$50
instanceKlass org/apache/logging/log4j/core/util/DefaultShutdownCallbackRegistry$RegisteredCancellable
instanceKlass org/apache/logging/log4j/core/LoggerContext$1
instanceKlass org/apache/logging/log4j/core/util/ExecutorServices
instanceKlass org/apache/logging/log4j/core/time/Instant
instanceKlass org/apache/logging/log4j/core/impl/Log4jLogEvent
instanceKlass org/apache/logging/log4j/core/jmx/internal/JmxUtil
instanceKlass org/apache/logging/log4j/core/LoggerContext$$Lambda$49
instanceKlass org/apache/logging/log4j/core/util/internal/InternalLoggerRegistry$$Lambda$48
instanceKlass org/apache/logging/log4j/core/util/internal/InternalLoggerRegistry$$Lambda$47
instanceKlass java/util/WeakHashMap$WeakHashMapSpliterator
instanceKlass org/apache/logging/log4j/core/config/Reconfigurable
instanceKlass java/util/Formattable
instanceKlass java/util/Formatter$FixedString
instanceKlass java/util/Formatter$Conversion
instanceKlass java/util/Formatter$Flags
instanceKlass java/util/Formatter$FormatSpecifier
instanceKlass java/util/Formatter$FormatString
instanceKlass java/util/Locale$1
instanceKlass java/util/Formatter
instanceKlass org/apache/logging/log4j/core/Version
instanceKlass java/net/InetAddress$CacheEntry
instanceKlass java/util/LinkedList$ListItr
instanceKlass sun/net/InetAddressCachePolicy$2
instanceKlass java/security/Security$1
instanceKlass java/security/Security
instanceKlass sun/net/InetAddressCachePolicy$1
instanceKlass sun/net/InetAddressCachePolicy
instanceKlass java/net/Inet4AddressImpl
instanceKlass java/net/Inet6Address$Inet6AddressHolder
instanceKlass java/net/InetAddress$2
instanceKlass sun/net/spi/nameservice/NameService
instanceKlass java/net/Inet6AddressImpl
instanceKlass java/net/InetAddressImpl
instanceKlass java/net/InetAddressImplFactory
instanceKlass java/net/InetAddress$Cache
instanceKlass java/net/InetAddress$InetAddressHolder
instanceKlass java/net/InetAddress$1
instanceKlass org/apache/logging/log4j/core/util/NetUtils$$Lambda$46
instanceKlass java/net/InetAddress
instanceKlass org/apache/logging/log4j/core/util/NetUtils
instanceKlass org/apache/logging/log4j/core/LoggerContext$$Lambda$45
instanceKlass org/apache/logging/log4j/core/util/BasicAuthorizationProvider$$Lambda$44
instanceKlass org/apache/logging/log4j/core/util/BasicAuthorizationProvider$$Lambda$43
instanceKlass org/apache/logging/log4j/core/util/BasicAuthorizationProvider$$Lambda$42
instanceKlass org/apache/logging/log4j/core/util/BasicAuthorizationProvider
instanceKlass com/fasterxml/jackson/core/util/JacksonFeatureSet
instanceKlass com/fasterxml/jackson/core/util/JacksonFeature
instanceKlass com/fasterxml/jackson/databind/introspect/AccessorNamingStrategy
instanceKlass com/fasterxml/jackson/core/Base64Variant
instanceKlass com/fasterxml/jackson/core/Base64Variants
instanceKlass java/text/DigitList
instanceKlass java/text/FieldPosition
instanceKlass java/util/Currency$CurrencyNameGetter
instanceKlass java/util/Currency$1
instanceKlass java/util/Currency
instanceKlass java/text/DecimalFormatSymbols
instanceKlass java/util/concurrent/atomic/AtomicMarkableReference$Pair
instanceKlass java/util/concurrent/atomic/AtomicMarkableReference
instanceKlass java/text/DateFormatSymbols
instanceKlass sun/util/calendar/CalendarUtils
instanceKlass sun/util/calendar/CalendarDate
instanceKlass sun/util/locale/LanguageTag
instanceKlass sun/util/resources/LocaleData$1
instanceKlass sun/util/resources/LocaleData
instanceKlass sun/util/locale/provider/LocaleResources
instanceKlass sun/util/locale/provider/CalendarDataUtility$CalendarWeekParameterGetter
instanceKlass sun/util/locale/provider/LocaleServiceProviderPool$LocalizedObjectGetter
instanceKlass sun/util/locale/provider/SPILocaleProviderAdapter$1
instanceKlass sun/util/locale/provider/LocaleServiceProviderPool
instanceKlass sun/util/locale/provider/CalendarDataUtility
instanceKlass java/util/Calendar$Builder
instanceKlass sun/util/locale/provider/JRELocaleProviderAdapter$1
instanceKlass sun/util/locale/provider/LocaleDataMetaInfo
instanceKlass sun/util/locale/provider/AvailableLanguageTags
instanceKlass sun/util/locale/provider/LocaleProviderAdapter$1
instanceKlass sun/util/locale/provider/ResourceBundleBasedAdapter
instanceKlass sun/util/locale/provider/LocaleProviderAdapter
instanceKlass java/util/spi/LocaleServiceProvider
instanceKlass java/util/TimeZone$1
instanceKlass java/util/zip/CRC32
instanceKlass java/util/zip/Checksum
instanceKlass java/util/Calendar
instanceKlass com/fasterxml/jackson/databind/type/TypeBindings
instanceKlass com/fasterxml/jackson/databind/type/TypeParser
instanceKlass com/fasterxml/jackson/databind/type/TypeFactory
instanceKlass sun/util/calendar/ZoneInfoFile$ZoneOffsetTransitionRule
instanceKlass sun/util/calendar/ZoneInfoFile$1
instanceKlass sun/util/calendar/ZoneInfoFile
instanceKlass java/util/TimeZone
instanceKlass com/fasterxml/jackson/databind/cfg/BaseSettings
instanceKlass java/util/concurrent/atomic/AtomicReferenceArray
instanceKlass java/util/concurrent/atomic/AtomicLongArray
instanceKlass com/fasterxml/jackson/databind/util/internal/Linked
instanceKlass com/fasterxml/jackson/databind/util/internal/PrivateMaxEntriesMap$Builder
instanceKlass com/fasterxml/jackson/databind/util/LRUMap
instanceKlass com/fasterxml/jackson/databind/util/LookupCache
instanceKlass java/beans/ConstructorProperties
instanceKlass java/beans/Transient
instanceKlass com/fasterxml/jackson/databind/util/ClassUtil$Ctor
instanceKlass com/fasterxml/jackson/databind/util/ClassUtil
instanceKlass com/fasterxml/jackson/databind/ext/Java7Support
instanceKlass com/fasterxml/jackson/annotation/JsonMerge
instanceKlass com/fasterxml/jackson/databind/annotation/JsonDeserialize
instanceKlass com/fasterxml/jackson/annotation/JsonManagedReference
instanceKlass com/fasterxml/jackson/annotation/JsonBackReference
instanceKlass com/fasterxml/jackson/annotation/JsonUnwrapped
instanceKlass com/fasterxml/jackson/annotation/JsonRawValue
instanceKlass com/fasterxml/jackson/annotation/JsonTypeInfo
instanceKlass com/fasterxml/jackson/annotation/JsonFormat
instanceKlass com/fasterxml/jackson/annotation/JsonView
instanceKlass com/fasterxml/jackson/databind/annotation/JsonSerialize
instanceKlass com/fasterxml/jackson/databind/introspect/ConcreteBeanPropertyBase
instanceKlass com/fasterxml/jackson/databind/BeanProperty
instanceKlass com/fasterxml/jackson/databind/introspect/BeanPropertyDefinition
instanceKlass com/fasterxml/jackson/databind/util/Named
instanceKlass com/fasterxml/jackson/databind/introspect/TypeResolutionContext
instanceKlass com/fasterxml/jackson/databind/introspect/Annotated
instanceKlass com/fasterxml/jackson/databind/jsontype/TypeResolverBuilder
instanceKlass com/fasterxml/jackson/core/JsonGenerator
instanceKlass com/fasterxml/jackson/databind/JsonSerializable$Base
instanceKlass com/fasterxml/jackson/core/TreeNode
instanceKlass com/fasterxml/jackson/databind/JsonSerializable
instanceKlass com/fasterxml/jackson/core/type/ResolvedType
instanceKlass com/fasterxml/jackson/core/JsonParser
instanceKlass com/fasterxml/jackson/databind/Module$SetupContext
instanceKlass com/fasterxml/jackson/databind/introspect/VisibilityChecker
instanceKlass com/fasterxml/jackson/databind/introspect/ClassIntrospector
instanceKlass com/fasterxml/jackson/databind/jsontype/PolymorphicTypeValidator
instanceKlass com/fasterxml/jackson/databind/introspect/AccessorNamingStrategy$Provider
instanceKlass com/fasterxml/jackson/databind/AnnotationIntrospector
instanceKlass com/fasterxml/jackson/databind/ser/SerializerFactory
instanceKlass com/fasterxml/jackson/databind/deser/DeserializerFactory
instanceKlass com/fasterxml/jackson/databind/DatabindContext
instanceKlass com/fasterxml/jackson/databind/jsontype/SubtypeResolver
instanceKlass com/fasterxml/jackson/core/TokenStreamFactory
instanceKlass com/fasterxml/jackson/core/TreeCodec
instanceKlass com/fasterxml/jackson/core/Versioned
instanceKlass java/lang/annotation/Target
instanceKlass sun/reflect/annotation/AnnotationInvocationHandler
instanceKlass sun/reflect/annotation/AnnotationParser$1
instanceKlass java/lang/annotation/Documented
instanceKlass java/lang/annotation/Inherited
instanceKlass java/lang/annotation/Retention
instanceKlass sun/reflect/annotation/ExceptionProxy
instanceKlass sun/reflect/annotation/AnnotationType$1
instanceKlass java/lang/reflect/GenericArrayType
instanceKlass org/apache/logging/log4j/core/config/plugins/Plugin
instanceKlass sun/reflect/generics/visitor/Reifier
instanceKlass sun/reflect/generics/visitor/TypeTreeVisitor
instanceKlass sun/reflect/generics/factory/CoreReflectionFactory
instanceKlass sun/reflect/generics/factory/GenericsFactory
instanceKlass sun/reflect/generics/scope/AbstractScope
instanceKlass sun/reflect/generics/scope/Scope
instanceKlass sun/reflect/generics/tree/ClassTypeSignature
instanceKlass sun/reflect/generics/tree/SimpleClassTypeSignature
instanceKlass sun/reflect/generics/tree/FieldTypeSignature
instanceKlass sun/reflect/generics/tree/BaseType
instanceKlass sun/reflect/generics/tree/TypeSignature
instanceKlass sun/reflect/generics/tree/ReturnType
instanceKlass sun/reflect/generics/tree/TypeArgument
instanceKlass sun/reflect/generics/tree/TypeTree
instanceKlass sun/reflect/generics/tree/Tree
instanceKlass sun/reflect/generics/parser/SignatureParser
instanceKlass sun/reflect/annotation/AnnotationParser
instanceKlass org/apache/logging/log4j/core/config/Order
instanceKlass org/apache/logging/log4j/core/config/OrderComparator
instanceKlass org/apache/logging/log4j/core/util/AuthorizationProvider
instanceKlass org/apache/logging/log4j/core/config/builder/api/ConfigurationBuilder
instanceKlass org/apache/logging/log4j/core/selector/ClassLoaderContextSelector$$Lambda$41
instanceKlass org/apache/logging/log4j/core/appender/ConsoleAppender$FactoryData
instanceKlass org/apache/logging/log4j/core/appender/ConsoleAppender$ConsoleManagerFactory
instanceKlass org/apache/logging/log4j/core/layout/ByteBufferDestination
instanceKlass org/apache/logging/log4j/core/config/DefaultLayout
instanceKlass org/apache/logging/log4j/core/util/internal/InternalLoggerRegistry
instanceKlass org/apache/logging/log4j/core/config/Node
instanceKlass org/apache/logging/log4j/core/util/DummyNanoClock
instanceKlass java/util/stream/ReduceOps$Box
instanceKlass java/util/stream/Collectors$$Lambda$40
instanceKlass java/util/stream/Collectors$$Lambda$39
instanceKlass java/util/stream/Collectors$$Lambda$38
instanceKlass java/util/stream/Collectors$$Lambda$37
instanceKlass java/util/stream/Collectors$CollectorImpl
instanceKlass java/util/stream/Collector
instanceKlass java/util/stream/Collectors
instanceKlass sun/reflect/ClassDefiner$1
instanceKlass sun/reflect/ClassDefiner
instanceKlass sun/reflect/MethodAccessorGenerator$1
instanceKlass sun/reflect/Label$PatchInfo
instanceKlass sun/reflect/Label
instanceKlass sun/reflect/UTF8
instanceKlass sun/reflect/ClassFileAssembler
instanceKlass sun/reflect/ByteVectorImpl
instanceKlass sun/reflect/ByteVector
instanceKlass sun/reflect/ByteVectorFactory
instanceKlass sun/reflect/AccessorGenerator
instanceKlass sun/reflect/ClassFileConstants
instanceKlass org/apache/logging/log4j/core/util/WatchEventService
instanceKlass java/util/UUID
instanceKlass org/apache/logging/log4j/core/util/WatchManager$LocalUUID
instanceKlass java/util/concurrent/ScheduledExecutorService
instanceKlass org/apache/logging/log4j/core/config/DefaultReliabilityStrategy
instanceKlass org/apache/logging/log4j/core/config/LocationAwareReliabilityStrategy
instanceKlass org/apache/logging/log4j/core/config/AppenderControlArraySet
instanceKlass org/apache/logging/log4j/core/util/SystemClock
instanceKlass org/apache/logging/log4j/core/time/PreciseClock
instanceKlass org/apache/logging/log4j/core/util/Clock
instanceKlass org/apache/logging/log4j/core/util/ClockFactory
instanceKlass org/apache/logging/log4j/core/util/Integers
instanceKlass org/apache/logging/log4j/core/LogEvent
instanceKlass org/apache/logging/log4j/core/impl/ReusableLogEventFactory
instanceKlass org/apache/logging/log4j/core/config/LoggerConfig$$Lambda$36
instanceKlass org/apache/logging/log4j/core/impl/LogEventFactory
instanceKlass org/apache/logging/log4j/core/impl/LocationAwareLogEventFactory
instanceKlass org/apache/logging/log4j/core/config/ReliabilityStrategy
instanceKlass java/util/DualPivotQuicksort
instanceKlass org/apache/logging/log4j/core/lookup/StrMatcher
instanceKlass sun/management/Util
instanceKlass sun/management/RuntimeImpl
instanceKlass java/lang/management/RuntimeMXBean
instanceKlass java/lang/management/PlatformManagedObject
instanceKlass sun/management/VMManagementImpl
instanceKlass sun/management/VMManagement
instanceKlass sun/management/ManagementFactoryHelper$4
instanceKlass sun/management/ManagementFactoryHelper
instanceKlass java/lang/management/ManagementFactory
instanceKlass org/apache/logging/log4j/core/net/JndiManager$JndiManagerFactory
instanceKlass javax/naming/Context
instanceKlass org/apache/logging/log4j/core/appender/ManagerFactory
instanceKlass org/apache/logging/log4j/core/appender/AbstractManager
instanceKlass java/text/Format
instanceKlass org/apache/logging/log4j/core/impl/ThreadContextDataProvider
instanceKlass org/apache/logging/log4j/core/impl/ThreadContextDataInjector$$Lambda$35
instanceKlass org/apache/logging/log4j/core/util/ContextDataProvider
instanceKlass java/util/concurrent/ConcurrentLinkedDeque$Node
instanceKlass org/apache/logging/log4j/core/impl/ThreadContextDataInjector
instanceKlass org/apache/logging/log4j/util/StringMap
instanceKlass org/apache/logging/log4j/core/impl/ThreadContextDataInjector$AbstractContextDataInjector
instanceKlass org/apache/logging/log4j/spi/ReadOnlyThreadContextMap
instanceKlass org/apache/logging/log4j/spi/DefaultThreadContextMap
instanceKlass org/apache/logging/log4j/util/ReadOnlyStringMap
instanceKlass org/apache/logging/log4j/spi/ThreadContextMapFactory
instanceKlass org/apache/logging/log4j/spi/DefaultThreadContextStack
instanceKlass org/apache/logging/log4j/spi/ThreadContextStack
instanceKlass org/apache/logging/log4j/ThreadContext$ContextStack
instanceKlass org/apache/logging/log4j/ThreadContext
instanceKlass org/apache/logging/log4j/core/impl/ContextDataInjectorFactory$$Lambda$34
instanceKlass org/apache/logging/log4j/core/ContextDataInjector
instanceKlass org/apache/logging/log4j/core/impl/ContextDataInjectorFactory
instanceKlass org/apache/logging/log4j/core/util/ReflectionUtil
instanceKlass java/util/concurrent/CopyOnWriteArrayList$COWIterator
instanceKlass java/lang/invoke/LambdaForm$MH
instanceKlass java/lang/invoke/LambdaForm$DMH
instanceKlass org/apache/logging/log4j/core/config/plugins/util/PluginRegistry$$Lambda$33
instanceKlass org/apache/logging/log4j/util/Supplier
instanceKlass java/lang/invoke/LambdaForm$DMH
instanceKlass org/apache/logging/log4j/core/util/AbstractWatcher
instanceKlass org/apache/logging/log4j/core/config/plugins/convert/TypeConverters$UuidConverter
instanceKlass org/apache/logging/log4j/core/config/plugins/convert/TypeConverters$UrlConverter
instanceKlass org/apache/logging/log4j/core/config/plugins/convert/TypeConverters$UriConverter
instanceKlass org/apache/logging/log4j/core/config/plugins/convert/TypeConverters$StringConverter
instanceKlass org/apache/logging/log4j/core/config/plugins/convert/TypeConverters$ShortConverter
instanceKlass org/apache/logging/log4j/core/config/plugins/convert/TypeConverters$SecurityProviderConverter
instanceKlass org/apache/logging/log4j/core/config/plugins/convert/TypeConverters$PatternConverter
instanceKlass org/apache/logging/log4j/core/config/plugins/convert/TypeConverters$PathConverter
instanceKlass org/apache/logging/log4j/core/config/plugins/convert/TypeConverters$LongConverter
instanceKlass org/apache/logging/log4j/core/config/plugins/convert/TypeConverters$LevelConverter
instanceKlass org/apache/logging/log4j/core/config/plugins/convert/TypeConverters$IntegerConverter
instanceKlass org/apache/logging/log4j/core/config/plugins/convert/TypeConverters$InetAddressConverter
instanceKlass org/apache/logging/log4j/core/config/plugins/convert/TypeConverters$FloatConverter
instanceKlass org/apache/logging/log4j/core/config/plugins/convert/TypeConverters$FileConverter
instanceKlass org/apache/logging/log4j/core/config/plugins/convert/TypeConverters$DurationConverter
instanceKlass org/apache/logging/log4j/core/config/plugins/convert/TypeConverters$DoubleConverter
instanceKlass org/apache/logging/log4j/core/config/plugins/convert/TypeConverters$CronExpressionConverter
instanceKlass org/apache/logging/log4j/core/config/plugins/convert/TypeConverters$ClassConverter
instanceKlass org/apache/logging/log4j/core/config/plugins/convert/TypeConverters$CharsetConverter
instanceKlass org/apache/logging/log4j/core/config/plugins/convert/TypeConverters$CharArrayConverter
instanceKlass org/apache/logging/log4j/core/config/plugins/convert/TypeConverters$CharacterConverter
instanceKlass org/apache/logging/log4j/core/config/plugins/convert/TypeConverters$ByteArrayConverter
instanceKlass org/apache/logging/log4j/core/config/plugins/convert/TypeConverters$ByteConverter
instanceKlass org/apache/logging/log4j/core/config/plugins/convert/TypeConverters$BooleanConverter
instanceKlass org/apache/logging/log4j/core/config/plugins/convert/TypeConverters$BigIntegerConverter
instanceKlass org/apache/logging/log4j/core/config/plugins/convert/TypeConverters$BigDecimalConverter
instanceKlass org/apache/logging/log4j/core/config/plugins/convert/TypeConverter
instanceKlass org/apache/logging/log4j/core/lookup/UpperLookup
instanceKlass org/apache/logging/log4j/core/lookup/MapLookup
instanceKlass org/apache/logging/log4j/core/lookup/DateLookup
instanceKlass org/apache/logging/log4j/core/lookup/ContextMapLookup
instanceKlass org/apache/log4j/builders/appender/NullAppenderBuilder
instanceKlass org/apache/log4j/builders/filter/DenyAllFilterBuilder
instanceKlass org/apache/log4j/builders/filter/FilterBuilder
instanceKlass org/apache/log4j/builders/layout/SimpleLayoutBuilder
instanceKlass org/apache/log4j/builders/rolling/TriggeringPolicyBuilder
instanceKlass org/apache/log4j/builders/layout/LayoutBuilder
instanceKlass org/apache/log4j/builders/Parser
instanceKlass org/apache/log4j/builders/AbstractBuilder
instanceKlass org/apache/log4j/builders/appender/AppenderBuilder
instanceKlass org/apache/log4j/builders/Builder
instanceKlass org/apache/logging/log4j/core/pattern/FileDatePatternConverter
instanceKlass org/apache/logging/log4j/core/config/arbiters/SystemPropertyArbiter
instanceKlass org/apache/logging/log4j/core/net/ssl/SslConfiguration
instanceKlass org/apache/logging/log4j/core/appender/rolling/action/PathSortByModificationTime
instanceKlass org/apache/logging/log4j/core/appender/rolling/action/PathSorter
instanceKlass org/apache/logging/log4j/core/net/SocketPerformancePreferences
instanceKlass org/apache/logging/log4j/core/net/SocketOptions
instanceKlass org/apache/logging/log4j/core/util/Builder
instanceKlass org/apache/logging/log4j/core/net/SocketAddress
instanceKlass org/apache/logging/log4j/core/config/arbiters/SelectArbiter
instanceKlass org/apache/logging/log4j/core/config/ScriptsPlugin
instanceKlass org/apache/logging/log4j/core/layout/ScriptPatternSelector
instanceKlass org/apache/logging/log4j/core/appender/rolling/action/ScriptCondition
instanceKlass org/apache/logging/log4j/core/config/arbiters/ScriptArbiter
instanceKlass org/apache/logging/log4j/core/script/AbstractScript
instanceKlass org/apache/logging/log4j/core/appender/routing/Routes
instanceKlass org/apache/logging/log4j/core/appender/routing/Route
instanceKlass org/apache/logging/log4j/core/pattern/RegexReplacement
instanceKlass org/apache/logging/log4j/core/appender/rewrite/PropertiesRewritePolicy
instanceKlass org/apache/logging/log4j/core/config/PropertiesPlugin
instanceKlass org/apache/logging/log4j/core/layout/PatternMatch
instanceKlass org/apache/logging/log4j/core/net/MulticastDnsAdvertiser
instanceKlass org/apache/logging/log4j/core/config/MonitorResources
instanceKlass org/apache/logging/log4j/core/config/MonitorResource
instanceKlass org/apache/logging/log4j/core/layout/MarkerPatternSelector
instanceKlass org/apache/logging/log4j/core/appender/rewrite/MapRewritePolicy
instanceKlass org/apache/logging/log4j/core/config/LoggersPlugin
instanceKlass org/apache/logging/log4j/core/appender/rewrite/LoggerNameLevelRewritePolicy
instanceKlass org/apache/logging/log4j/core/appender/rewrite/RewritePolicy
instanceKlass org/apache/logging/log4j/core/layout/LoggerFields
instanceKlass org/apache/logging/log4j/core/async/LinkedTransferQueueFactory
instanceKlass org/apache/logging/log4j/core/layout/LevelPatternSelector
instanceKlass org/apache/logging/log4j/core/layout/PatternSelector
instanceKlass org/apache/logging/log4j/core/util/KeyValuePair
instanceKlass org/apache/logging/log4j/core/net/ssl/StoreConfiguration
instanceKlass org/apache/logging/log4j/core/async/JCToolsBlockingQueueFactory
instanceKlass org/apache/logging/log4j/core/appender/rolling/action/IfNot
instanceKlass org/apache/logging/log4j/core/appender/rolling/action/IfLastModified
instanceKlass org/apache/logging/log4j/core/appender/rolling/action/IfFileName
instanceKlass org/apache/logging/log4j/core/appender/rolling/action/IfAny
instanceKlass org/apache/logging/log4j/core/appender/rolling/action/IfAll
instanceKlass org/apache/logging/log4j/core/appender/rolling/action/IfAccumulatedFileSize
instanceKlass org/apache/logging/log4j/core/appender/rolling/action/IfAccumulatedFileCount
instanceKlass org/apache/logging/log4j/core/appender/rolling/action/PathCondition
instanceKlass org/apache/logging/log4j/core/appender/routing/PurgePolicy
instanceKlass org/apache/logging/log4j/core/appender/FailoversPlugin
instanceKlass org/apache/logging/log4j/core/config/arbiters/EnvironmentArbiter
instanceKlass org/apache/logging/log4j/core/async/DisruptorBlockingQueueFactory
instanceKlass org/apache/logging/log4j/core/appender/rolling/DirectFileRolloverStrategy
instanceKlass org/apache/logging/log4j/core/appender/rolling/action/AbstractAction
instanceKlass org/apache/logging/log4j/core/appender/rolling/action/Action
instanceKlass org/apache/logging/log4j/core/appender/rolling/AbstractRolloverStrategy
instanceKlass org/apache/logging/log4j/core/appender/rolling/RolloverStrategy
instanceKlass org/apache/logging/log4j/core/config/arbiters/DefaultArbiter
instanceKlass org/apache/logging/log4j/core/config/CustomLevels
instanceKlass org/apache/logging/log4j/core/config/CustomLevelConfig
instanceKlass org/apache/logging/log4j/core/layout/AbstractLayout
instanceKlass org/apache/logging/log4j/core/StringLayout
instanceKlass org/apache/logging/log4j/core/appender/rolling/TriggeringPolicy
instanceKlass org/apache/logging/log4j/core/appender/db/jdbc/ConnectionSource
instanceKlass org/apache/logging/log4j/core/appender/db/ColumnMapping
instanceKlass org/apache/logging/log4j/core/appender/db/jdbc/ColumnConfig
instanceKlass org/apache/logging/log4j/core/config/arbiters/ClassArbiter
instanceKlass org/apache/logging/log4j/core/config/arbiters/Arbiter
instanceKlass org/apache/logging/log4j/core/async/AsyncWaitStrategyFactoryConfig
instanceKlass org/apache/logging/log4j/core/async/ArrayBlockingQueueFactory
instanceKlass org/apache/logging/log4j/core/async/BlockingQueueFactory
instanceKlass org/apache/logging/log4j/core/appender/AppenderSet
instanceKlass org/apache/logging/log4j/core/config/AppendersPlugin
instanceKlass org/apache/logging/log4j/core/config/AppenderRef
instanceKlass org/apache/logging/log4j/core/pattern/AnsiConverter
instanceKlass org/apache/logging/log4j/core/pattern/ArrayPatternConverter
instanceKlass org/apache/logging/log4j/core/pattern/AbstractPatternConverter
instanceKlass org/apache/logging/log4j/core/pattern/PatternConverter
instanceKlass org/apache/logging/log4j/core/config/plugins/util/PluginType
instanceKlass org/apache/logging/log4j/core/config/builder/api/ConfigurationBuilderFactory
instanceKlass java/util/TreeMap$PrivateEntryIterator
instanceKlass java/lang/invoke/LambdaForm$MH
instanceKlass java/lang/invoke/LambdaForm$DMH
instanceKlass java/lang/invoke/LambdaForm$DMH
instanceKlass org/apache/logging/log4j/core/config/plugins/processor/PluginCache$$Lambda$32
instanceKlass java/lang/invoke/LambdaForm$DMH
instanceKlass org/apache/logging/log4j/core/config/plugins/processor/PluginEntry
instanceKlass org/apache/logging/log4j/core/config/plugins/processor/PluginCache$$Lambda$31
instanceKlass org/apache/logging/log4j/core/config/plugins/processor/PluginCache
instanceKlass org/apache/logging/log4j/core/config/plugins/util/ResolverUtil$Test
instanceKlass org/apache/logging/log4j/core/config/plugins/util/PluginRegistry
instanceKlass org/apache/logging/log4j/core/config/plugins/util/PluginManager
instanceKlass org/apache/logging/log4j/core/lookup/PropertiesLookup
instanceKlass org/apache/logging/log4j/core/lookup/LookupResult
instanceKlass org/apache/logging/log4j/core/lookup/AbstractLookup
instanceKlass org/apache/logging/log4j/core/config/LoggerContextAware
instanceKlass org/apache/logging/log4j/core/config/DefaultAdvertiser
instanceKlass org/apache/logging/log4j/core/config/ConfigurationSource
instanceKlass org/apache/logging/log4j/core/Layout
instanceKlass org/apache/logging/log4j/core/layout/Encoder
instanceKlass org/apache/logging/log4j/core/async/AsyncLoggerConfigDelegate
instanceKlass org/apache/logging/log4j/core/util/Watcher
instanceKlass org/apache/logging/log4j/core/util/NanoClock
instanceKlass org/apache/logging/log4j/core/lookup/StrLookup
instanceKlass org/apache/logging/log4j/core/net/Advertiser
instanceKlass org/apache/logging/log4j/core/lookup/StrSubstitutor
instanceKlass org/apache/logging/log4j/core/config/ConfigurationAware
instanceKlass org/apache/logging/log4j/core/LoggerContext$$Lambda$30
instanceKlass java/lang/invoke/LambdaForm$DMH
instanceKlass org/apache/logging/log4j/message/ReusableMessageFactory
instanceKlass org/apache/logging/log4j/internal/LogManagerStatus
instanceKlass java/util/concurrent/Executors$DefaultThreadFactory
instanceKlass org/apache/logging/log4j/core/util/Cancellable
instanceKlass org/apache/logging/log4j/core/util/DefaultShutdownCallbackRegistry
instanceKlass org/apache/logging/log4j/core/selector/ClassLoaderContextSelector$$Lambda$29
instanceKlass org/apache/logging/log4j/spi/LoggerContextShutdownEnabled
instanceKlass org/apache/logging/log4j/core/config/ConfigurationListener
instanceKlass org/apache/logging/log4j/spi/Terminable
instanceKlass org/apache/logging/log4j/core/selector/ClassLoaderContextSelector
instanceKlass org/apache/logging/log4j/spi/LoggerContextShutdownAware
instanceKlass org/apache/logging/log4j/core/util/internal/SystemUtils
instanceKlass org/apache/logging/log4j/util/LoaderUtil$$Lambda$28
instanceKlass org/apache/logging/log4j/core/util/Loader
instanceKlass org/apache/logging/log4j/util/Constants
instanceKlass org/apache/logging/log4j/core/util/Constants
instanceKlass org/apache/logging/log4j/util/ProviderUtil$$Lambda$27
instanceKlass java/util/stream/ReduceOps$2ReducingSink
instanceKlass java/util/stream/ReduceOps$AccumulatingSink
instanceKlass java/util/stream/ReduceOps$ReduceOp
instanceKlass java/util/stream/ReduceOps
instanceKlass java/util/function/BinaryOperator$$Lambda$26
instanceKlass java/util/function/BinaryOperator
instanceKlass java/util/HashMap$HashMapSpliterator
instanceKlass java/util/Comparator$$Lambda$25
instanceKlass java/lang/invoke/LambdaForm$BMH
instanceKlass java/lang/invoke/LambdaForm$MH
instanceKlass java/lang/invoke/LambdaForm$DMH
instanceKlass java/lang/invoke/LambdaForm$BMH
instanceKlass java/lang/invoke/LambdaForm$BMH
instanceKlass org/apache/logging/log4j/util/ProviderUtil$$Lambda$24
instanceKlass java/util/TimSort
instanceKlass java/util/Arrays$LegacyMergeSort
instanceKlass java/util/stream/FindOps$$Lambda$23
instanceKlass java/util/stream/FindOps$FindSink
instanceKlass java/util/stream/FindOps$$Lambda$22
instanceKlass java/lang/invoke/LambdaForm$DMH
instanceKlass java/util/Optional
instanceKlass java/util/stream/FindOps$FindOp
instanceKlass java/util/stream/FindOps
instanceKlass org/apache/logging/log4j/util/PropertiesUtil$Environment$$Lambda$21
instanceKlass java/lang/invoke/LambdaForm$MH
instanceKlass org/apache/logging/log4j/util/PropertiesUtil$Environment$$Lambda$20
instanceKlass java/util/stream/SortedOps
instanceKlass org/apache/logging/log4j/util/PropertySource$Comparator
instanceKlass java/util/concurrent/ConcurrentHashMap$Traverser
instanceKlass org/apache/logging/log4j/util/PropertySource$Util
instanceKlass org/apache/logging/log4j/util/Cast
instanceKlass org/apache/logging/log4j/util/LazyUtil$1
instanceKlass org/apache/logging/log4j/util/LazyUtil
instanceKlass org/apache/logging/log4j/util/SystemPropertiesPropertySource
instanceKlass org/apache/logging/log4j/util/EnvironmentPropertySource
instanceKlass org/apache/logging/log4j/util/PropertiesUtil$Environment$$Lambda$19
instanceKlass java/lang/invoke/LambdaForm$DMH
instanceKlass java/util/Collections$EmptyIterator
instanceKlass org/apache/logging/log4j/util/PropertiesUtil$Environment$$Lambda$18
instanceKlass org/apache/logging/log4j/util/BiConsumer
instanceKlass org/apache/logging/log4j/util/PropertiesUtil$Environment
instanceKlass org/apache/logging/log4j/util/PropertiesPropertySource
instanceKlass org/apache/logging/log4j/util/PropertiesUtil$$Lambda$17
instanceKlass org/apache/logging/log4j/util/PropertySource
instanceKlass org/apache/logging/log4j/util/PropertiesUtil
instanceKlass org/apache/logging/log4j/util/LoaderUtil$ThreadContextClassLoaderGetter
instanceKlass org/apache/logging/log4j/util/LoaderUtil$$Lambda$16
instanceKlass java/lang/invoke/LambdaForm$DMH
instanceKlass java/lang/invoke/LambdaForm$DMH
instanceKlass org/apache/logging/log4j/util/LazyBoolean
instanceKlass java/util/function/BooleanSupplier
instanceKlass org/apache/logging/log4j/util/LoaderUtil
instanceKlass org/apache/logging/log4j/core/impl/Log4jProvider$$Lambda$15
instanceKlass org/apache/logging/log4j/util/LazyUtil$SafeLazy
instanceKlass org/apache/logging/log4j/util/Lazy
instanceKlass org/apache/logging/log4j/core/impl/Log4jProvider$$Lambda$14
instanceKlass org/apache/logging/log4j/core/selector/ContextSelector
instanceKlass org/apache/logging/log4j/core/config/Configuration
instanceKlass org/apache/logging/log4j/spi/LoggerContext
instanceKlass org/apache/logging/log4j/core/impl/Log4jContextFactory
instanceKlass org/apache/logging/log4j/core/util/ShutdownCallbackRegistry
instanceKlass org/apache/logging/log4j/spi/LoggerContextFactory
instanceKlass org/apache/logging/log4j/spi/ThreadContextMap
instanceKlass java/util/stream/Sink$ChainedReference
instanceKlass java/util/stream/ForEachOps$ForEachOp
instanceKlass java/util/stream/TerminalSink
instanceKlass java/util/stream/Sink
instanceKlass java/util/stream/TerminalOp
instanceKlass java/util/stream/ForEachOps
instanceKlass org/apache/logging/log4j/util/ProviderUtil$$Lambda$13
instanceKlass java/util/function/Consumer
instanceKlass org/apache/logging/log4j/util/ProviderUtil$$Lambda$12
instanceKlass java/lang/invoke/LambdaForm$DMH
instanceKlass org/apache/logging/log4j/util/ServiceLoaderUtil$$Lambda$11
instanceKlass java/util/function/Predicate
instanceKlass java/lang/invoke/LambdaForm$DMH
instanceKlass org/apache/logging/log4j/util/OsgiServiceLocator
instanceKlass org/apache/logging/log4j/util/StackLocator
instanceKlass org/apache/logging/log4j/util/StackLocatorUtil
instanceKlass java/util/EnumMap$1
instanceKlass java/util/stream/StreamOpFlag$MaskBuilder
instanceKlass java/util/stream/PipelineHelper
instanceKlass java/util/stream/Stream
instanceKlass java/util/stream/BaseStream
instanceKlass java/util/stream/StreamSupport
instanceKlass java/util/Spliterators$AbstractSpliterator
instanceKlass java/util/Spliterator
instanceKlass org/apache/logging/log4j/util/ServiceLoaderUtil
instanceKlass org/apache/logging/log4j/spi/Provider
instanceKlass org/apache/logging/log4j/util/ProviderUtil
instanceKlass org/apache/logging/log4j/LogManager
instanceKlass org/apache/logging/log4j/core/appender/DefaultErrorHandler
instanceKlass org/apache/logging/log4j/core/config/Property
instanceKlass java/util/concurrent/ConcurrentLinkedQueue$Node
instanceKlass java/util/concurrent/locks/ReentrantReadWriteLock$WriteLock
instanceKlass java/util/concurrent/locks/ReentrantReadWriteLock$ReadLock
instanceKlass java/util/concurrent/locks/ReentrantReadWriteLock
instanceKlass org/apache/logging/log4j/message/ExitMessage
instanceKlass org/apache/logging/log4j/message/EntryMessage
instanceKlass org/apache/logging/log4j/message/FlowMessage
instanceKlass org/apache/logging/log4j/status/StatusConsoleListener
instanceKlass java/lang/Character$Subset
instanceKlass java/util/regex/Pattern$TreeInfo
instanceKlass java/util/regex/Matcher
instanceKlass java/util/regex/MatchResult
instanceKlass java/util/regex/ASCII
instanceKlass java/util/regex/Pattern$Node
instanceKlass java/util/regex/Pattern
instanceKlass org/apache/logging/log4j/status/StatusLogger$PropertiesUtilsDouble$$Lambda$10
instanceKlass java/util/function/BiConsumer
instanceKlass java/lang/invoke/LambdaForm$DMH
instanceKlass java/util/Collections$UnmodifiableMap$UnmodifiableEntrySet$UnmodifiableEntry
instanceKlass java/util/Collections$UnmodifiableMap$UnmodifiableEntrySet$1
instanceKlass org/apache/logging/log4j/status/StatusLogger$PropertiesUtilsDouble
instanceKlass org/apache/logging/log4j/status/StatusLogger$Config
instanceKlass org/apache/logging/log4j/status/StatusLogger$InstanceHolder
instanceKlass org/apache/logging/log4j/util/Strings$$Lambda$9
instanceKlass org/apache/logging/log4j/util/Strings
instanceKlass org/apache/logging/log4j/Level
instanceKlass org/apache/logging/log4j/spi/AbstractLogger$$Lambda$8
instanceKlass java/lang/invoke/LambdaForm$DMH
instanceKlass org/apache/logging/log4j/internal/DefaultLogBuilder
instanceKlass org/apache/logging/log4j/BridgeAware
instanceKlass org/apache/logging/log4j/message/DefaultFlowMessageFactory
instanceKlass org/apache/logging/log4j/message/FlowMessageFactory
instanceKlass org/apache/logging/log4j/message/AbstractMessageFactory
instanceKlass org/apache/logging/log4j/MarkerManager$$Lambda$7
instanceKlass java/lang/invoke/LambdaForm$DMH
instanceKlass org/apache/logging/log4j/MarkerManager$Log4jMarker
instanceKlass org/apache/logging/log4j/util/StringBuilderFormattable
instanceKlass org/apache/logging/log4j/Marker
instanceKlass org/apache/logging/log4j/MarkerManager
instanceKlass org/apache/logging/log4j/status/StatusListener
instanceKlass java/util/concurrent/locks/ReadWriteLock
instanceKlass org/apache/logging/log4j/LogBuilder
instanceKlass org/apache/logging/log4j/message/Message
instanceKlass org/apache/logging/log4j/message/MessageFactory2
instanceKlass org/apache/logging/log4j/message/MessageFactory
instanceKlass org/apache/logging/log4j/spi/AbstractLogger
instanceKlass org/apache/logging/log4j/spi/LocationAwareLogger
instanceKlass org/apache/logging/log4j/spi/ExtendedLogger
instanceKlass org/apache/logging/log4j/core/ErrorHandler
instanceKlass org/apache/logging/log4j/core/Filter
instanceKlass org/apache/logging/log4j/Logger
instanceKlass org/apache/logging/log4j/core/AbstractLifeCycle
instanceKlass org/apache/logging/log4j/core/LifeCycle2
instanceKlass org/apache/logging/log4j/core/filter/Filterable
instanceKlass org/apache/logging/log4j/core/impl/LocationAware
instanceKlass org/apache/logging/log4j/core/Appender
instanceKlass org/apache/logging/log4j/core/LifeCycle
instanceKlass com/mathworks/services/Log4JConfiguration
instanceKlass com/mathworks/html/HtmlDataListener
instanceKlass com/mathworks/html/SystemBrowserLauncher
instanceKlass com/mathworks/mlwidgets/html/MatlabSystemBrowserStrategy
instanceKlass java/net/SocketAddress
instanceKlass com/mathworks/net/transport/AbstractTransportClientProperties
instanceKlass java/util/logging/LogManager$5
instanceKlass java/util/ResourceBundle$RBClassLoader$1
instanceKlass java/util/logging/Logger$1
instanceKlass java/util/logging/LogManager$LoggerContext$1
instanceKlass java/util/logging/LogManager$3
instanceKlass java/util/logging/LogManager$2
instanceKlass java/util/logging/LogManager$LogNode
instanceKlass java/util/logging/LogManager$LoggerContext
instanceKlass java/util/logging/LogManager$1
instanceKlass java/util/logging/LogManager
instanceKlass java/util/concurrent/CopyOnWriteArrayList
instanceKlass java/util/logging/Logger$LoggerBundle
instanceKlass java/util/logging/Level$KnownLevel
instanceKlass java/util/logging/Level
instanceKlass java/util/logging/Handler
instanceKlass java/util/logging/Logger
instanceKlass java/net/Authenticator
instanceKlass com/mathworks/net/transport/MWTransportClientProperties
instanceKlass com/mathworks/net/transport/MWTransportClientPropertiesFactory
instanceKlass com/mathworks/html/SystemBrowserStrategy
instanceKlass com/mathworks/mlwidgets/html/HTMLPrefs
instanceKlass com/mathworks/services/Prefs$1
instanceKlass com/mathworks/services/RGBInteger
instanceKlass java/util/RegularEnumSet$EnumSetIterator
instanceKlass com/mathworks/services/settings/SettingInfo
instanceKlass com/mathworks/services/Prefs$pairSet
instanceKlass com/mathworks/services/settings/SettingAdapter
instanceKlass java/util/ArrayList$SubList$1
instanceKlass sun/nio/ch/Interruptible
instanceKlass java/util/concurrent/locks/LockSupport
instanceKlass java/util/concurrent/atomic/AtomicReference
instanceKlass com/mathworks/services/settings/SettingPath$TreeReference$1
instanceKlass com/mathworks/services/settings/SettingPath$TreeReference
instanceKlass com/mathworks/mvm/eventmgr/MvmDynamicEvent
instanceKlass com/mathworks/mvm/eventmgr/prompt/HomeEvent
instanceKlass com/mathworks/mvm/eventmgr/prompt/CLCEvent
instanceKlass com/mathworks/mvm/eventmgr/SinkTextEvent
instanceKlass com/mathworks/mvm/eventmgr/prompt/DebugLoopEvent
instanceKlass com/mathworks/mvm/eventmgr/prompt/IqmInputRequestEvent
instanceKlass com/mathworks/mvm/eventmgr/prompt/InputRequestEvent
instanceKlass com/mathworks/mvm/eventmgr/DefaultEventMgr$MvmNativeMethods
instanceKlass com/mathworks/mvm/eventmgr/DefaultEventMgr$FactoryNativeMethods
instanceKlass com/mathworks/mvm/eventmgr/DefaultEventMgr$SessionNativeMethods
instanceKlass com/mathworks/mvm/eventmgr/DefaultEventMgr$NativeMethods
instanceKlass com/mathworks/mvm/eventmgr/InsecureReflection
instanceKlass com/mathworks/mvm/exec/FutureResult
instanceKlass java/util/concurrent/Future
instanceKlass com/mathworks/mvm/exec/MatlabIIP
instanceKlass com/mathworks/mvm/exec/NativeFutureResult
instanceKlass com/mathworks/mvm/exec/MatlabRequest
instanceKlass com/mathworks/mvm/exec/ExecutionCapability
instanceKlass com/mathworks/mvm/MvmImpl
instanceKlass com/mathworks/mvm/MVM
instanceKlass com/mathworks/mvm/eventmgr/EventMgr
instanceKlass com/mathworks/mvm/MvmFactory
instanceKlass java/util/concurrent/Callable
instanceKlass com/mathworks/mvm/context/ThreadContext
instanceKlass com/mathworks/mvm/context/MvmContext
instanceKlass com/mathworks/services/settings/SettingTestEnvironment
instanceKlass com/mathworks/services/settings/SettingTransaction
instanceKlass com/mathworks/services/settings/SettingLevel$Helper
instanceKlass java/awt/geom/RectangularShape
instanceKlass java/awt/Shape
instanceKlass java/awt/Color
instanceKlass java/awt/Paint
instanceKlass com/mathworks/services/settings/SettingConverter
instanceKlass com/mathworks/services/settings/Setting
instanceKlass java/io/FileFilter
instanceKlass javax/swing/text/EditorKit
instanceKlass com/mathworks/cfbutils/FileUtils
instanceKlass com/mathworks/util/FileUtils
instanceKlass com/mathworks/util/CharBuffer
instanceKlass java/util/concurrent/LinkedBlockingQueue$Node
instanceKlass java/util/concurrent/BlockingQueue
instanceKlass java/util/concurrent/ThreadPoolExecutor$AbortPolicy
instanceKlass java/util/concurrent/RejectedExecutionHandler
instanceKlass java/util/concurrent/AbstractExecutorService
instanceKlass java/util/concurrent/ExecutorService
instanceKlass java/util/concurrent/Executor
instanceKlass java/util/concurrent/Executors
instanceKlass com/mathworks/util/DaemonThreadFactory
instanceKlass java/util/concurrent/ThreadFactory
instanceKlass com/mathworks/util/ThreadUtils
instanceKlass com/mathworks/services/Prefs$TwoWayMap
instanceKlass sun/net/www/protocol/jar/JarFileFactory
instanceKlass sun/net/www/protocol/jar/URLJarFile$URLJarFileCloseController
instanceKlass java/net/URLClassLoader$2
instanceKlass java/util/ResourceBundle$Control$1
instanceKlass java/nio/file/attribute/FileTime
instanceKlass java/util/zip/ZipUtils
instanceKlass java/util/IdentityHashMap$IdentityHashMapIterator
instanceKlass sun/awt/AppContext$6
instanceKlass sun/misc/JavaAWTAccess
instanceKlass sun/awt/AppContext$GetAppContextLock
instanceKlass sun/awt/AppContext
instanceKlass java/util/jar/JarVerifier$3
instanceKlass java/security/CodeSigner
instanceKlass java/util/jar/JarVerifier
instanceKlass com/mathworks/services/Prefs$PrefString
instanceKlass com/mathworks/services/settings/SettingListener
instanceKlass com/mathworks/services/Prefs
instanceKlass com/mathworks/util/PlatformInfo
instanceKlass com/mathworks/services/FontWarningHandler
instanceKlass com/mathworks/util/LanguageUtils
instanceKlass com/mathworks/util/SystemPropertiesInitializer
instanceKlass com/mathworks/util/PostVMInit$StartupClass
instanceKlass com/mathworks/util/PostVMInit
instanceKlass com/mathworks/util/WebuiStatus
instanceKlass java/lang/Shutdown$Lock
instanceKlass java/lang/Shutdown
instanceKlass java/lang/ApplicationShutdownHooks$1
instanceKlass java/lang/ApplicationShutdownHooks
instanceKlass sun/awt/windows/WToolkit$$Lambda$6
instanceKlass java/lang/invoke/LambdaForm$DMH
instanceKlass java/lang/invoke/LambdaForm$MH
instanceKlass sun/awt/windows/WToolkit$$Lambda$5
instanceKlass sun/awt/windows/WToolkit$$Lambda$4
instanceKlass sun/awt/windows/WToolkit$$Lambda$3
instanceKlass sun/awt/AWTAutoShutdown
instanceKlass sun/misc/ThreadGroupUtils
instanceKlass sun/java2d/Disposer$$Lambda$2
instanceKlass java/lang/invoke/LambdaForm$DMH
instanceKlass sun/java2d/Disposer$1
instanceKlass sun/java2d/Disposer
instanceKlass sun/awt/windows/WToolkit$ToolkitDisposer
instanceKlass sun/java2d/DisposerRecord
instanceKlass sun/misc/PerformanceLogger$TimeData
instanceKlass sun/misc/PerformanceLogger
instanceKlass sun/awt/SunToolkit$ModalityListenerList
instanceKlass sun/awt/ModalityListener
instanceKlass java/beans/ChangeListenerMap
instanceKlass java/beans/PropertyChangeSupport
instanceKlass sun/awt/windows/WToolkit$2
instanceKlass java/awt/Component$DummyRequestFocusController
instanceKlass sun/awt/RequestFocusController
instanceKlass java/awt/Component$1
instanceKlass sun/awt/AWTAccessor$ComponentAccessor
instanceKlass java/lang/Class$4
instanceKlass java/text/AttributedCharacterIterator$Attribute
instanceKlass sun/font/AttributeValues
instanceKlass java/awt/geom/AffineTransform
instanceKlass sun/font/FontAccess
instanceKlass java/awt/Font
instanceKlass sun/awt/windows/WObjectPeer
instanceKlass java/awt/dnd/peer/DropTargetPeer
instanceKlass java/awt/peer/ComponentPeer
instanceKlass java/awt/event/InputEvent$1
instanceKlass sun/awt/AWTAccessor$InputEventAccessor
instanceKlass java/awt/event/NativeLibLoader$1
instanceKlass java/awt/event/NativeLibLoader
instanceKlass java/awt/AWTEvent$1
instanceKlass sun/awt/AWTAccessor$AWTEventAccessor
instanceKlass java/util/EventObject
instanceKlass java/awt/Component$AWTTreeLock
instanceKlass java/awt/Component
instanceKlass java/awt/MenuContainer
instanceKlass java/awt/image/ImageObserver
instanceKlass sun/awt/DisplayChangedListener
instanceKlass sun/awt/image/SurfaceManager
instanceKlass sun/awt/image/SurfaceManager$ImageAccessor
instanceKlass java/awt/ImageCapabilities
instanceKlass java/awt/Image
instanceKlass sun/java2d/DestSurfaceProvider
instanceKlass sun/java2d/loops/RenderCache$Entry
instanceKlass sun/java2d/loops/RenderCache
instanceKlass sun/java2d/pipe/DrawImage
instanceKlass sun/java2d/pipe/GeneralCompositePipe
instanceKlass sun/java2d/pipe/SpanShapeRenderer
instanceKlass sun/java2d/pipe/AlphaPaintPipe
instanceKlass sun/java2d/pipe/AAShapePipe
instanceKlass sun/java2d/pipe/RegionIterator
instanceKlass sun/java2d/pipe/Region
instanceKlass sun/java2d/pipe/SpanClipRenderer
instanceKlass sun/java2d/pipe/PixelToShapeConverter
instanceKlass sun/java2d/pipe/AlphaColorPipe
instanceKlass sun/java2d/pipe/CompositePipe
instanceKlass sun/java2d/pipe/GlyphListPipe
instanceKlass sun/java2d/pipe/OutlineTextRenderer
instanceKlass sun/java2d/pipe/RenderingEngine$1
instanceKlass sun/java2d/pipe/RenderingEngine
instanceKlass sun/java2d/pipe/LoopPipe
instanceKlass sun/java2d/pipe/LoopBasedPipe
instanceKlass sun/java2d/pipe/ParallelogramPipe
instanceKlass sun/java2d/pipe/NullPipe
instanceKlass sun/java2d/pipe/DrawImagePipe
instanceKlass sun/java2d/pipe/TextPipe
instanceKlass sun/java2d/pipe/ShapeDrawPipe
instanceKlass sun/java2d/pipe/PixelFillPipe
instanceKlass sun/java2d/pipe/PixelDrawPipe
instanceKlass sun/java2d/StateTrackableDelegate$2
instanceKlass sun/java2d/StateTrackableDelegate
instanceKlass java/awt/color/ICC_Profile$1
instanceKlass sun/java2d/cmm/ProfileActivator
instanceKlass sun/java2d/cmm/ProfileDeferralMgr
instanceKlass java/awt/color/ICC_Profile
instanceKlass java/awt/color/ColorSpace
instanceKlass java/awt/image/ColorModel$1
instanceKlass java/awt/image/ColorModel
instanceKlass sun/awt/image/PixelConverter
instanceKlass sun/java2d/loops/SurfaceType
instanceKlass sun/java2d/SurfaceData
instanceKlass sun/java2d/Surface
instanceKlass sun/java2d/StateTrackable
instanceKlass sun/java2d/DisposerTarget
instanceKlass java/awt/Transparency
instanceKlass sun/awt/windows/WToolkit$1
instanceKlass sun/util/calendar/CalendarSystem
instanceKlass java/util/Date
instanceKlass sun/util/logging/LoggingSupport$2
instanceKlass java/util/logging/LoggingProxyImpl
instanceKlass sun/util/logging/LoggingProxy
instanceKlass sun/util/logging/LoggingSupport$1
instanceKlass sun/util/logging/LoggingSupport
instanceKlass sun/util/logging/PlatformLogger$LoggerProxy
instanceKlass sun/util/logging/PlatformLogger$1
instanceKlass sun/util/logging/PlatformLogger
instanceKlass java/util/concurrent/locks/AbstractQueuedSynchronizer$ConditionObject
instanceKlass java/util/concurrent/locks/Condition
instanceKlass java/util/concurrent/locks/AbstractQueuedSynchronizer$Node
instanceKlass java/util/concurrent/locks/AbstractOwnableSynchronizer
instanceKlass sun/awt/KeyboardFocusManagerPeerProvider
instanceKlass sun/awt/InputMethodSupport
instanceKlass sun/awt/ComponentFactory
instanceKlass sun/awt/WindowClosingListener
instanceKlass sun/awt/WindowClosingSupport
instanceKlass java/awt/Toolkit$2
instanceKlass java/awt/Insets
instanceKlass java/util/TreeMap$Entry
instanceKlass java/lang/ProcessEnvironment$CheckedEntry
instanceKlass java/lang/ProcessEnvironment$CheckedEntrySet$1
instanceKlass java/util/NavigableMap
instanceKlass java/util/SortedMap
instanceKlass java/util/Collections$UnmodifiableMap
instanceKlass java/lang/ProcessEnvironment$EntryComparator
instanceKlass java/lang/ProcessEnvironment$NameComparator
instanceKlass java/lang/invoke/LambdaForm$MH
instanceKlass java/lang/invoke/LambdaForm$MH
instanceKlass java/lang/invoke/InnerClassLambdaMetafactory$1
instanceKlass java/awt/GraphicsEnvironment$$Lambda$1
instanceKlass java/lang/invoke/InfoFromMemberName
instanceKlass java/lang/invoke/MethodHandleInfo
instanceKlass sun/security/util/SecurityConstants
instanceKlass java/security/AccessController$1
instanceKlass java/lang/invoke/AbstractValidatingLambdaMetafactory
instanceKlass java/lang/invoke/LambdaForm$BMH
instanceKlass java/lang/invoke/LambdaForm$BMH
instanceKlass java/lang/invoke/LambdaForm$BMH
instanceKlass java/lang/invoke/LambdaForm$BMH
instanceKlass sun/reflect/UnsafeFieldAccessorFactory
instanceKlass jdk/internal/org/objectweb/asm/FieldVisitor
instanceKlass java/lang/invoke/BoundMethodHandle$Factory$1
instanceKlass java/lang/invoke/BoundMethodHandle$SpeciesData$1
instanceKlass java/lang/invoke/LambdaForm$BMH
instanceKlass java/lang/invoke/LambdaForm$MH
instanceKlass java/lang/invoke/LambdaForm$BMH
instanceKlass java/lang/invoke/LambdaForm$MH
instanceKlass java/lang/invoke/LambdaForm$DMH
instanceKlass java/lang/invoke/LambdaForm$DMH
instanceKlass java/lang/invoke/LambdaForm$BMH
instanceKlass java/lang/invoke/LambdaForm$BMH
instanceKlass java/lang/invoke/LambdaForm$MH
instanceKlass java/lang/invoke/LambdaFormBuffer
instanceKlass java/lang/invoke/LambdaFormEditor
instanceKlass java/lang/invoke/LambdaForm$BMH
instanceKlass java/lang/invoke/LambdaForm$DMH
instanceKlass java/lang/invoke/LambdaForm$DMH
instanceKlass java/lang/invoke/LambdaForm$DMH
instanceKlass java/lang/invoke/LambdaForm$DMH
instanceKlass java/lang/invoke/LambdaForm$MH
instanceKlass java/lang/invoke/LambdaForm$DMH
instanceKlass java/lang/invoke/LambdaForm$DMH
instanceKlass java/lang/invoke/LambdaForm$MH
instanceKlass java/lang/invoke/LambdaForm$DMH
instanceKlass java/lang/invoke/LambdaForm$DMH
instanceKlass java/lang/invoke/LambdaForm$MH
instanceKlass java/lang/invoke/LambdaForm$DMH
instanceKlass java/lang/invoke/LambdaForm$DMH
instanceKlass java/lang/invoke/LambdaForm$MH
instanceKlass java/lang/invoke/LambdaForm$DMH
instanceKlass java/lang/invoke/LambdaForm$DMH
instanceKlass java/lang/invoke/LambdaForm$MH
instanceKlass java/lang/invoke/LambdaForm$DMH
instanceKlass java/lang/invoke/LambdaForm$MH
instanceKlass java/lang/invoke/LambdaForm$DMH
instanceKlass java/lang/invoke/LambdaForm$DMH
instanceKlass java/lang/invoke/LambdaForm$MH
instanceKlass java/lang/invoke/LambdaForm$DMH
instanceKlass java/lang/invoke/LambdaForm$DMH
instanceKlass java/lang/invoke/LambdaForm$MH
instanceKlass java/lang/invoke/LambdaForm$DMH
instanceKlass java/lang/invoke/LambdaForm$MH
instanceKlass java/lang/invoke/LambdaForm$DMH
instanceKlass java/lang/invoke/LambdaForm$MH
instanceKlass java/lang/invoke/LambdaForm$DMH
instanceKlass java/lang/invoke/MethodHandleImpl$Lazy
instanceKlass java/lang/invoke/LambdaForm$BMH
instanceKlass java/lang/invoke/LambdaForm$MH
instanceKlass java/lang/invoke/LambdaForm$DMH
instanceKlass java/lang/invoke/LambdaForm$DMH
instanceKlass java/lang/invoke/LambdaForm$DMH
instanceKlass java/lang/invoke/LambdaForm$DMH
instanceKlass java/lang/invoke/LambdaForm$DMH
instanceKlass java/util/SubList$1
instanceKlass java/util/ListIterator
instanceKlass java/lang/invoke/LambdaForm$MH
instanceKlass java/lang/invoke/LambdaForm$MH
instanceKlass java/lang/invoke/LambdaForm$MH
instanceKlass java/lang/invoke/LambdaForm$MH
instanceKlass java/lang/invoke/LambdaForm$MH
instanceKlass java/lang/invoke/LambdaForm$MH
instanceKlass java/lang/invoke/LambdaForm$MH
instanceKlass java/lang/invoke/LambdaForm$MH
instanceKlass java/lang/invoke/LambdaForm$MH
instanceKlass java/lang/invoke/LambdaForm$MH
instanceKlass java/lang/invoke/LambdaForm$MH
instanceKlass java/lang/invoke/LambdaForm$MH
instanceKlass java/lang/invoke/InvokerBytecodeGenerator$CpPatch
instanceKlass java/lang/invoke/LambdaForm$DMH
instanceKlass java/lang/invoke/LambdaForm$DMH
instanceKlass java/lang/invoke/LambdaForm$DMH
instanceKlass java/lang/invoke/LambdaForm$DMH
instanceKlass java/lang/invoke/LambdaForm$DMH
instanceKlass java/lang/invoke/LambdaForm$DMH
instanceKlass sun/invoke/empty/Empty
instanceKlass sun/invoke/util/VerifyType
instanceKlass java/lang/invoke/InvokerBytecodeGenerator$2
instanceKlass jdk/internal/org/objectweb/asm/AnnotationVisitor
instanceKlass jdk/internal/org/objectweb/asm/Frame
instanceKlass jdk/internal/org/objectweb/asm/Label
instanceKlass jdk/internal/org/objectweb/asm/Type
instanceKlass jdk/internal/org/objectweb/asm/MethodVisitor
instanceKlass jdk/internal/org/objectweb/asm/Item
instanceKlass jdk/internal/org/objectweb/asm/ByteVector
instanceKlass jdk/internal/org/objectweb/asm/ClassVisitor
instanceKlass java/lang/invoke/InvokerBytecodeGenerator
instanceKlass java/util/AbstractList$Itr
instanceKlass java/util/Collections$UnmodifiableCollection$1
instanceKlass java/lang/invoke/DirectMethodHandle$Lazy
instanceKlass sun/invoke/util/BytecodeDescriptor
instanceKlass java/lang/invoke/BoundMethodHandle$Factory
instanceKlass java/lang/invoke/BoundMethodHandle$SpeciesData
instanceKlass java/lang/invoke/LambdaForm$NamedFunction
instanceKlass java/lang/invoke/LambdaForm$Name
instanceKlass sun/invoke/util/ValueConversions
instanceKlass sun/invoke/util/VerifyAccess
instanceKlass java/lang/Long$LongCache
instanceKlass java/lang/Character$CharacterCache
instanceKlass java/lang/Short$ShortCache
instanceKlass java/lang/Byte$ByteCache
instanceKlass sun/invoke/util/Wrapper$Format
instanceKlass java/lang/invoke/MethodHandles
instanceKlass java/lang/invoke/Invokers
instanceKlass java/lang/invoke/MethodTypeForm
instanceKlass java/lang/invoke/MethodType$ConcurrentWeakInternSet
instanceKlass java/lang/invoke/MethodHandles$Lookup
instanceKlass java/lang/invoke/LambdaMetafactory
instanceKlass java/awt/GraphicsEnvironment
instanceKlass java/util/Properties$LineReader
instanceKlass java/awt/Toolkit$1
instanceKlass java/awt/Toolkit$3
instanceKlass java/util/LinkedList$Node
instanceKlass java/util/ResourceBundle$CacheKeyReference
instanceKlass java/util/ResourceBundle$CacheKey
instanceKlass java/net/URLClassLoader$3$1
instanceKlass sun/misc/CompoundEnumeration
instanceKlass java/net/URLClassLoader$3
instanceKlass sun/misc/URLClassPath$1
instanceKlass java/lang/ClassLoader$2
instanceKlass sun/misc/URLClassPath$2
instanceKlass sun/misc/Launcher$BootClassPathHolder$1
instanceKlass sun/misc/Launcher$BootClassPathHolder
instanceKlass java/util/ServiceLoader$1
instanceKlass java/util/ServiceLoader$LazyIterator
instanceKlass java/util/ServiceLoader
instanceKlass java/util/spi/ResourceBundleControlProvider
instanceKlass java/util/ResourceBundle
instanceKlass java/util/ResourceBundle$Control
instanceKlass java/awt/Toolkit$5
instanceKlass sun/awt/AWTAccessor
instanceKlass java/awt/Toolkit$4
instanceKlass sun/awt/AWTAccessor$ToolkitAccessor
instanceKlass java/awt/Toolkit
instanceKlass java/lang/reflect/WeakCache$Value
instanceKlass sun/misc/ProxyGenerator$ExceptionTableEntry
instanceKlass sun/misc/ProxyGenerator$PrimitiveTypeInfo
instanceKlass java/lang/Void
instanceKlass sun/misc/ProxyGenerator$FieldInfo
instanceKlass java/util/ArrayList$Itr
instanceKlass java/io/DataOutput
instanceKlass sun/misc/ProxyGenerator$ConstantPool$Entry
instanceKlass sun/misc/ProxyGenerator$MethodInfo
instanceKlass java/util/HashMap$HashIterator
instanceKlass sun/misc/ProxyGenerator$ProxyMethod
instanceKlass sun/misc/ProxyGenerator$ConstantPool
instanceKlass java/lang/Class$MethodArray
instanceKlass sun/security/action/GetBooleanAction
instanceKlass sun/misc/ProxyGenerator
instanceKlass java/lang/reflect/WeakCache$Factory
instanceKlass java/util/function/Supplier
instanceKlass java/lang/reflect/Proxy$ProxyClassFactory
instanceKlass java/lang/reflect/Proxy$KeyFactory
instanceKlass java/util/function/BiFunction
instanceKlass java/lang/reflect/WeakCache
instanceKlass java/lang/reflect/Proxy
instanceKlass com/mathworks/util/event/EventListenerList$1
instanceKlass com/mathworks/util/Disposable
instanceKlass java/lang/reflect/InvocationHandler
instanceKlass com/mathworks/util/event/EventListenerList
instanceKlass java/util/Collections$SynchronizedMap
instanceKlass com/mathworks/util/event/GlobalEventManager
instanceKlass com/mathworks/jmi/Matlab$4
instanceKlass java/util/Timer$1
instanceKlass java/util/TaskQueue
instanceKlass java/util/Timer
instanceKlass com/mathworks/jmi/bean/IMatlabObjectListener
instanceKlass java/beans/PropertyChangeListener
instanceKlass com/mathworks/jmi/bean/UDDObject
instanceKlass com/mathworks/jmi/bean/DynamicProperties
instanceKlass com/mathworks/jmi/bean/MTObject
instanceKlass com/mathworks/services/Browseable
instanceKlass com/mathworks/jmi/bean/TreeObject
instanceKlass com/mathworks/jmi/types/MLArrayRef
instanceKlass com/mathworks/jmi/idlebusy/MatlabIdleBusyStatusEvent
instanceKlass com/mathworks/mvm/eventmgr/FirableMvmEvent
instanceKlass com/mathworks/mvm/eventmgr/MvmTypedEvent
instanceKlass com/mathworks/mvm/eventmgr/MvmEvent
instanceKlass java/lang/ClassLoaderHelper
instanceKlass com/mathworks/util/NativeJavaSwitch
instanceKlass com/mathworks/util/ClassLoaderBridge
instanceKlass com/mathworks/jmi/Matlab$2
instanceKlass com/mathworks/util/FactoryUtilAdapter
instanceKlass com/mathworks/jmi/Matlab$MatlabQuitListener
instanceKlass com/mathworks/jmi/MatlabLooper
instanceKlass java/util/TimerTask
instanceKlass com/mathworks/util/event/GlobalEventListener
instanceKlass com/mathworks/util/ClassLoaderSupplier
instanceKlass com/mathworks/util/FactoryUtilSupplier
instanceKlass com/mathworks/jmi/MatlabListener
instanceKlass java/util/EventListener
instanceKlass com/mathworks/jmi/CompletionObserver
instanceKlass com/mathworks/jmi/Matlab
instanceKlass com/mathworks/mvm/helpers/MatlabPrintStreamManager
instanceKlass com/mathworks/jmi/MatlabLanguage
instanceKlass com/mathworks/jmi/NativeMatlab$MCRIDGetter
instanceKlass com/mathworks/jmi/NativeMatlab
instanceKlass com/mathworks/util/FactoryUtils
instanceKlass java/io/ObjectStreamConstants
instanceKlass java/io/ObjectInput
instanceKlass java/io/DataInput
instanceKlass com/mathworks/jmi/OpaqueJavaInterface
instanceKlass java/io/FilePermission$1
instanceKlass sun/net/www/MessageHeader
instanceKlass java/net/URLConnection
instanceKlass java/security/PermissionCollection
instanceKlass sun/nio/ByteBuffered
instanceKlass java/lang/Package
instanceKlass sun/misc/ASCIICaseInsensitiveComparator
instanceKlass java/util/jar/Attributes$Name
instanceKlass java/lang/StringCoding$StringDecoder
instanceKlass java/util/jar/Attributes
instanceKlass sun/misc/Resource
instanceKlass sun/misc/IOUtils
instanceKlass java/util/zip/ZStreamRef
instanceKlass java/util/zip/Inflater
instanceKlass java/util/zip/ZipEntry
instanceKlass sun/misc/ExtensionDependency
instanceKlass sun/misc/JarIndex
instanceKlass sun/nio/ch/DirectBuffer
instanceKlass sun/misc/PerfCounter$CoreCounters
instanceKlass sun/misc/Perf
instanceKlass sun/misc/Perf$GetPerfAction
instanceKlass sun/misc/PerfCounter
instanceKlass java/util/zip/ZipCoder
instanceKlass java/util/Deque
instanceKlass java/util/Queue
instanceKlass java/nio/charset/StandardCharsets
instanceKlass java/util/jar/JavaUtilJarAccessImpl
instanceKlass sun/misc/JavaUtilJarAccess
instanceKlass sun/misc/FileURLMapper
instanceKlass sun/misc/URLClassPath$JarLoader$1
instanceKlass sun/nio/cs/ThreadLocalCoders$Cache
instanceKlass sun/nio/cs/ThreadLocalCoders
instanceKlass java/util/zip/ZipFile$1
instanceKlass sun/misc/JavaUtilZipFileAccess
instanceKlass java/util/zip/ZipFile
instanceKlass java/util/zip/ZipConstants
instanceKlass sun/misc/URLClassPath$Loader
instanceKlass sun/misc/URLClassPath$3
instanceKlass sun/net/util/URLUtil
instanceKlass java/net/URLClassLoader$1
instanceKlass java/io/FileOutputStream$1
instanceKlass java/lang/StringCoding$StringEncoder
instanceKlass java/lang/ThreadLocal$ThreadLocalMap
instanceKlass java/lang/StringCoding
instanceKlass sun/usagetracker/UsageTrackerClient$3
instanceKlass sun/usagetracker/UsageTrackerClient$2
instanceKlass sun/usagetracker/UsageTrackerClient$4
instanceKlass sun/usagetracker/UsageTrackerClient$1
instanceKlass java/util/concurrent/atomic/AtomicBoolean
instanceKlass sun/usagetracker/UsageTrackerClient
instanceKlass sun/misc/PostVMInitHook$1
instanceKlass jdk/internal/util/EnvUtils
instanceKlass sun/misc/PostVMInitHook$2
instanceKlass sun/misc/PostVMInitHook
instanceKlass java/lang/invoke/MethodHandleStatics$1
instanceKlass java/lang/invoke/MethodHandleStatics
instanceKlass java/lang/invoke/MemberName$Factory
instanceKlass java/lang/ClassValue$Version
instanceKlass java/lang/ClassValue$Identity
instanceKlass java/lang/ClassValue
instanceKlass java/lang/invoke/MethodHandleImpl$3
instanceKlass java/lang/invoke/MethodHandleImpl$2
instanceKlass java/util/function/Function
instanceKlass java/lang/invoke/MethodHandleImpl$1
instanceKlass java/lang/Integer$IntegerCache
instanceKlass java/lang/invoke/MethodHandleImpl
instanceKlass java/lang/SystemClassLoaderAction
instanceKlass java/util/LinkedHashMap$LinkedHashIterator
instanceKlass sun/misc/Launcher$AppClassLoader$1
instanceKlass sun/misc/URLClassPath
instanceKlass java/security/Principal
instanceKlass java/security/ProtectionDomain$Key
instanceKlass java/security/ProtectionDomain$2
instanceKlass sun/misc/JavaSecurityProtectionDomainAccess
instanceKlass java/security/ProtectionDomain$JavaSecurityAccessImpl
instanceKlass sun/misc/JavaSecurityAccess
instanceKlass java/net/URLStreamHandler
instanceKlass java/net/Parts
instanceKlass java/util/BitSet
instanceKlass sun/net/www/ParseUtil
instanceKlass java/io/FileInputStream$1
instanceKlass sun/util/locale/LocaleUtils
instanceKlass java/util/Locale$LocaleKey
instanceKlass sun/util/locale/BaseLocale$Key
instanceKlass sun/util/locale/BaseLocale
instanceKlass java/util/concurrent/ConcurrentHashMap$CollectionView
instanceKlass java/util/concurrent/ConcurrentHashMap$CounterCell
instanceKlass java/util/concurrent/ConcurrentHashMap$Node
instanceKlass java/util/concurrent/locks/ReentrantLock
instanceKlass java/util/concurrent/locks/Lock
instanceKlass java/util/concurrent/ConcurrentMap
instanceKlass sun/util/locale/LocaleObjectCache
instanceKlass java/util/Locale
instanceKlass java/lang/reflect/Array
instanceKlass java/nio/charset/CoderResult$Cache
instanceKlass java/nio/charset/CoderResult
instanceKlass java/nio/charset/CharsetDecoder
instanceKlass sun/nio/cs/ArrayDecoder
instanceKlass java/io/Reader
instanceKlass java/lang/Readable
instanceKlass sun/misc/MetaIndex
instanceKlass java/util/StringTokenizer
instanceKlass sun/misc/Launcher$ExtClassLoader$1
instanceKlass java/net/URLClassLoader$7
instanceKlass sun/misc/JavaNetAccess
instanceKlass java/lang/ClassLoader$ParallelLoaders
instanceKlass sun/security/util/Debug
instanceKlass sun/misc/Launcher$Factory
instanceKlass java/net/URLStreamHandlerFactory
instanceKlass java/lang/Compiler$1
instanceKlass java/lang/Compiler
instanceKlass java/lang/System$2
instanceKlass sun/misc/JavaLangAccess
instanceKlass sun/io/Win32ErrorMode
instanceKlass sun/misc/OSEnvironment
instanceKlass sun/misc/NativeSignalHandler
instanceKlass sun/misc/Signal
instanceKlass java/lang/Terminator$1
instanceKlass sun/misc/SignalHandler
instanceKlass java/lang/Terminator
instanceKlass java/lang/ClassLoader$NativeLibrary
instanceKlass java/io/ExpiringCache$Entry
instanceKlass java/lang/ClassLoader$3
instanceKlass java/nio/file/Path
instanceKlass java/nio/file/Watchable
instanceKlass java/lang/Enum
instanceKlass java/io/ExpiringCache
instanceKlass java/io/FileSystem
instanceKlass java/io/DefaultFileSystem
instanceKlass java/lang/Runtime
instanceKlass java/nio/Bits$1
instanceKlass sun/misc/JavaNioAccess
instanceKlass java/nio/ByteOrder
instanceKlass java/nio/Bits
instanceKlass java/nio/charset/CodingErrorAction
instanceKlass java/nio/charset/CharsetEncoder
instanceKlass sun/nio/cs/ArrayEncoder
instanceKlass sun/reflect/ReflectionFactory$1
instanceKlass java/lang/Class$1
instanceKlass sun/nio/cs/HistoricallyNamedCharset
instanceKlass sun/security/action/GetPropertyAction
instanceKlass java/lang/ThreadLocal
instanceKlass java/nio/charset/spi/CharsetProvider
instanceKlass java/nio/charset/Charset
instanceKlass java/io/Writer
instanceKlass java/util/Arrays
instanceKlass sun/reflect/misc/ReflectUtil
instanceKlass java/lang/reflect/ReflectAccess
instanceKlass sun/reflect/LangReflectAccess
instanceKlass java/lang/reflect/Modifier
instanceKlass sun/reflect/annotation/AnnotationType
instanceKlass java/lang/Class$AnnotationData
instanceKlass sun/reflect/generics/repository/AbstractRepository
instanceKlass java/lang/Class$Atomic
instanceKlass java/lang/Class$ReflectionData
instanceKlass java/lang/Class$3
instanceKlass java/util/concurrent/atomic/AtomicReferenceFieldUpdater$AtomicReferenceFieldUpdaterImpl$1
instanceKlass java/security/PrivilegedExceptionAction
instanceKlass java/util/concurrent/atomic/AtomicReferenceFieldUpdater
instanceKlass java/io/OutputStream
instanceKlass java/io/Flushable
instanceKlass java/io/FileDescriptor$1
instanceKlass sun/misc/JavaIOFileDescriptorAccess
instanceKlass java/io/FileDescriptor
instanceKlass sun/misc/Version
instanceKlass java/lang/CharacterData
instanceKlass java/util/Hashtable$Enumerator
instanceKlass java/util/Iterator
instanceKlass java/util/Enumeration
instanceKlass java/util/Objects
instanceKlass java/util/Collections$SynchronizedCollection
instanceKlass java/lang/Math
instanceKlass java/util/Hashtable$Entry
instanceKlass sun/misc/VM
instanceKlass java/util/HashMap$Node
instanceKlass java/util/Map$Entry
instanceKlass sun/reflect/Reflection
instanceKlass sun/misc/SharedSecrets
instanceKlass java/lang/ref/Reference$1
instanceKlass sun/misc/JavaLangRefAccess
instanceKlass java/lang/ref/ReferenceQueue$Lock
instanceKlass java/util/Collections$UnmodifiableCollection
instanceKlass java/util/AbstractMap
instanceKlass java/util/Set
instanceKlass java/util/Collections
instanceKlass java/lang/ref/Reference$Lock
instanceKlass sun/reflect/ReflectionFactory
instanceKlass java/util/AbstractCollection
instanceKlass java/util/RandomAccess
instanceKlass java/util/List
instanceKlass java/util/Collection
instanceKlass java/lang/Iterable
instanceKlass java/security/cert/Certificate
instanceKlass sun/reflect/ReflectionFactory$GetReflectionFactoryAction
instanceKlass java/security/PrivilegedAction
instanceKlass java/security/AccessController
instanceKlass java/security/Permission
instanceKlass java/security/Guard
instanceKlass java/lang/String$CaseInsensitiveComparator
instanceKlass java/util/Comparator
instanceKlass java/io/ObjectStreamField
instanceKlass java/lang/Number
instanceKlass java/lang/Character
instanceKlass java/lang/Boolean
instanceKlass java/nio/Buffer
instanceKlass java/lang/StackTraceElement
instanceKlass java/security/CodeSource
instanceKlass sun/misc/Launcher
instanceKlass java/util/jar/Manifest
instanceKlass java/net/URL
instanceKlass java/io/File
instanceKlass java/io/InputStream
instanceKlass java/io/Closeable
instanceKlass java/lang/AutoCloseable
instanceKlass sun/misc/Unsafe
instanceKlass java/lang/AbstractStringBuilder
instanceKlass java/lang/Appendable
instanceKlass java/lang/invoke/CallSite
instanceKlass java/lang/invoke/MethodType
instanceKlass java/lang/invoke/LambdaForm
instanceKlass java/lang/invoke/MethodHandleNatives
instanceKlass java/lang/invoke/MemberName
instanceKlass java/lang/invoke/MethodHandle
instanceKlass sun/reflect/CallerSensitive
instanceKlass java/lang/annotation/Annotation
instanceKlass sun/reflect/FieldAccessor
instanceKlass sun/reflect/ConstantPool
instanceKlass sun/reflect/ConstructorAccessor
instanceKlass sun/reflect/MethodAccessor
instanceKlass sun/reflect/MagicAccessorImpl
instanceKlass java/lang/reflect/Parameter
instanceKlass java/lang/reflect/Member
instanceKlass java/lang/reflect/AccessibleObject
instanceKlass java/util/Dictionary
instanceKlass java/util/Map
instanceKlass java/lang/ThreadGroup
instanceKlass java/lang/Thread$UncaughtExceptionHandler
instanceKlass java/lang/Thread
instanceKlass java/lang/Runnable
instanceKlass java/lang/ref/ReferenceQueue
instanceKlass java/lang/ref/Reference
instanceKlass java/security/AccessControlContext
instanceKlass java/security/ProtectionDomain
instanceKlass java/lang/SecurityManager
instanceKlass java/lang/Throwable
instanceKlass java/lang/System
instanceKlass java/lang/ClassLoader
instanceKlass java/lang/Cloneable
instanceKlass java/lang/Class
instanceKlass java/lang/reflect/Type
instanceKlass java/lang/reflect/GenericDeclaration
instanceKlass java/lang/reflect/AnnotatedElement
instanceKlass java/lang/String
instanceKlass java/lang/CharSequence
instanceKlass java/lang/Comparable
instanceKlass java/io/Serializable
ciInstanceKlass java/lang/Object 1 1 78 100 10 10 10 10 8 10 10 10 100 8 10 3 8 10 10 7 1 1 1 1 1 1 1 1 1 1 1 1 1 1 1 1 1 100 1 1 1 1 1 1 7 1 1 100 1 1 1 1 12 12 100 12 12 1 12 100 12 12 1 1 12 1 12 12 1 1 1 1 1 1 1 1 1 1 1 1
ciInstanceKlass java/io/Serializable 1 1 7 100 100 1 1 1 1
ciInstanceKlass java/lang/String 1 1 548 10 8 9 9 10 100 10 10 10 10 100 10 10 10 10 10 100 8 10 10 8 10 10 10 10 10 10 10 10 10 10 10 100 10 10 10 10 10 10 10 10 10 7 10 10 10 100 7 10 10 11 11 10 10 9 11 10 10 10 10 7 3 10 10 10 10 10 10 10 10 10 10 10 10 10 10 10 11 10 10 10 10 10 7 10 10 8 10 10 3 3 7 10 10 10 10 10 11 7 10 10 100 10 10 10 11 11 11 7 3 10 10 10 10 8 8 8 10 10 10 10 10 10 10 10 10 10 10 7 10 10 10 10 8 10 10 8 8 10 10 10 10 7 9 7 10 7 100 100 100 1 1 1 1 1 1 1 1 1 5 0 1 1 1 1 1 1 1 1 1 1 1 1 1 1 100 100 1 100 1 100 1 1 1 1 1 1 1 1 7 1 100 1 1 1 1 100 100 100 1 1 1 1 1 1 1 1 1 1 1 1 1 1 1 1 1 1 1 1 1 1 1 1 1 1 1 1 1 100 1 1 1 1 1 1 1 1 1 1 1 1 1 1 1 1 1 1 1 1 1 1 1 1 1 1 1 1 1 1 1 1 1 1 1 1 100 1 1 1 100 100 1 100 1 1 1 100 1 1 1 1 1 1 1 1 1 1 1 1 1 1 1 1 1 1 1 1 1 1 1 1 1 12 1 12 12 7 12 1 12 12 12 12 1 100 12 12 12 12 12 1 1 7 12 1 12 12 12 12 12 12 12 100 12 12 1 12 12 7 12 100 12 12 12 12 1 12 1 1 12 12 12 12 7 12 12 7 12 12 12 12 12 1 12 12 12 12 12 12 12 12 12 12 12 12 12 12 12 12 12 12 7 12 12 1 12 12 1 12 1 12 12 12 12 7 12 1 12 12 1 12 12 100 12 100 12 12 1 12 12 12 7 12 1 1 1 100 12 12 12 12 12 12 12 12 12 12 12 1 12 12 1 12 1 1 100 12 100 12 100 12 12 1 12 1 12 1 1 1 1 1 1 1 1 1 1 1 1 1 1 1 1 1 1 1 1 1 1 1 1 1 1 1 1 1 1 1 1 1 1 1 1 1 1 1 1 1 1 1 1 1 1 1 1 1 1 1 1 1 1 1 1 1 1 1 1 1 1 1 1 1 1 1 1 1 1 1 1 1 1 1 1 1 1 1 1 1 1 1 1 1 1 1 1 1 1 1 1 1 1 1 1 1 1 1 1 1
staticfield java/lang/String serialPersistentFields [Ljava/io/ObjectStreamField; 0 [Ljava/io/ObjectStreamField;
staticfield java/lang/String CASE_INSENSITIVE_ORDER Ljava/util/Comparator; java/lang/String$CaseInsensitiveComparator
ciInstanceKlass java/lang/Class 1 1 1224 9 9 10 10 10 10 9 9 9 9 7 10 10 8 10 8 8 10 10 10 10 10 10 10 10 10 8 10 8 8 10 11 10 10 10 10 10 9 10 100 10 9 7 100 8 10 10 7 10 10 7 100 10 10 10 10 9 10 7 10 100 10 10 10 9 10 10 10 10 10 7 100 10 10 10 10 10 9 10 7 10 10 10 10 10 10 10 10 10 10 10 10 10 10 10 10 10 10 100 8 10 10 100 10 100 11 10 10 10 10 10 10 10 8 10 10 10 8 10 10 10 8 10 8 10 10 10 10 8 10 100 10 10 10 10 100 10 100 10 10 10 10 10 10 10 10 7 10 10 10 10 10 10 10 10 10 10 10 10 10 9 10 9 7 10 9 10 7 10 9 10 10 10 10 10 10 10 8 10 10 9 10 7 9 10 10 7 10 10 10 10 9 10 9 10 10 10 10 9 9 10 9 7 10 7 10 10 11 11 11 7 11 11 9 9 7 7 10 9 9 10 10 9 7 10 10 10 10 10 10 10 10 10 10 10 10 10 10 10 10 10 10 10 10 10 10 10 10 10 8 7 10 8 8 8 8 10 10 9 9 10 7 9 7 10 7 7 10 10 10 8 10 7 10 7 10 100 8 10 7 10 10 11 10 100 10 10 8 8 10 10 9 11 7 11 9 10 10 10 9 9 10 10 10 10 10 11 11 11 11 100 11 10 10 100 11 10 10 10 11 11 7 10 10 9 9 10 10 10 10 7 9 100 100 100 100 1 1 1 1 7 1 1 1 1 1 3 1 3 1 3 1 1 1 1 1 1 1 1 1 1 1 1 1 1 1 1 1 1 1 1 1 1 1 5 0 1 1 1 1 1 1 1 1 1 1 1 1 1 1 1 1 100 1 1 1 1 1 1 1 1 1 1 1 100 100 100 1 100 1 1 1 100 1 1 1 1 100 1 1 1 1 1 1 100 100 100 1 1 1 1 1 1 1 1 1 1 1 1 1 1 1 1 100 1 1 1 100 1 1 1 1 1 1 1 1 1 1 100 1 1 1 1 100 1 1 1 1 1 1 1 1 1 1 100 100 100 100 100 1 1 1 1 1 1 1 1 100 1 1 1 1 1 1 100 1 1 1 1 1 1 1 100 1 1 1 1 1 1 1 1 1 1 1 100 1 1 1 1 1 1 1 1 1 1 1 1 1 1 1 1 1 1 1 100 1 1 1 1 1 1 1 1 1 1 100 1 1 1 1 1 1 1 1 1 1 1 1 1 1 1 1 1 1 100 1 1 100 100 1 1 1 1 1 1 1 1 1 1 100 1 1 1 1 1 1 1 1 1 1 1 1 1 1 1 1 1 1 1 100 1 1 1 1 1 1 1 1 1 1 1 1 1 100 1 1 1 1 1 1 1 1 100 1 100 1 1 1 1 1 1 1 1 1 1 1 1 1 1 1 1 1 1 1 1 1 1 1 100 1 1 100 100 1 1 1 1 1 1 1 1 1 1 1 1 1 1 1 1 1 1 1 1 1 12 12 12 12 12 12 12 12 12 12 1 12 1 12 1 1 12 12 12 12 7 12 12 12 12 1 12 1 1 12 12 7 12 7 12 12 7 12 100 12 7 12 100 12 1 12 12 1 1 1 12 12 1 12 7 12 1 1 12 12 12 12 12 1 100 12 12 12 12 12 12 12 12 7 1 1 12 12 7 12 12 12 12 7 12 1 12 12 12 12 12 12 100 12 12 12 12 12 12 7 12 12 12 1 1 12 1 12 1 12 100 12 12 12 100 12 12 1 12 12 12 1 12 12 12 1 12 1 12 12 12 12 1 12 1 12 12 12 1 12 1 12 12 12 12 12 12 12 12 1 12 12 12 12 12 12 12 12 12 12 12 12 12 12 1 12 12 1 12 12 100 12 12 12 100 12 12 12 12 1 12 12 12 12 1 12 12 12 1 12 12 7 12 7 12 12 12 12 12 12 12 12 12 12 12 12 1 1 12 7 12 12 7 12 1 12 7 12 12 1 1 12 12 12 12 12 12 1 12 12 12 12 12 12 12 12 12 12 12 12 12 12 12 12 12 12 12 12 1 1 7 1 1 1 1 12 12 12 12 12 1 12 1 1 1 1 12 7 1 12 1 12 1 12 1 1 1 12 7 12 12 1 12 1 1 7 12 12 12 12 1 12 12 100 12 7 12 12 12 12 12 12 12 12 12 12 7 12 12 1 1 12 100 12 12 1 100 12 12 12 12 1 12 12 12 100 12 12 100 12 12 12 1 12 1 1 1 1 1 100 1 1 1 1 1 1 1 1 1 1 1 1 1 1 1 1 1 1 1 1 1 1 1 1 1 1 1 1 1 1 1 1 1 1 1 1 1 1 1 1 1 1 1 1 1 1 1 1 1 1 1 1 1 1 1 1 1 1 1 1 1 1 1 1 1 1 1 1 1 1 1 1 1 1 1 1 1 1 1 1 1 1 1 1 1 1 1 1 1 1 1 1 1 1 1 1 1 1 1 1 1 1 1 1 1 1 1 1 1 1 1 1 1 1 1 1 1 1 1 1 1 1 1 1 1 1 1 1 1 1 1 1 1 1 1 1 1 1 1 1 1 1 1 1 1 1 1 1 1 1 1 1 1 1 1 1 1 1 1 1 1 1 1 1 1 1 1 1 1 1 1 1 1 1 1 1 1 1 1 1 1 1 1 1 1 1 1 1 1 1 1 1 1 1 1 1 1 1 1 1 1 1 1 1 1 1 1 1 1
staticfield java/lang/Class serialPersistentFields [Ljava/io/ObjectStreamField; 0 [Ljava/io/ObjectStreamField;
ciInstanceKlass java/lang/Cloneable 1 1 7 100 100 1 1 1 1
instanceKlass java/util/ResourceBundle$RBClassLoader
instanceKlass sun/reflect/DelegatingClassLoader
instanceKlass java/security/SecureClassLoader
ciInstanceKlass java/lang/ClassLoader 1 1 865 9 9 9 10 10 10 10 7 10 7 7 7 10 10 9 7 10 9 9 9 9 9 9 10 10 7 10 9 9 7 10 10 9 7 9 7 10 10 10 10 10 10 10 10 10 7 10 10 10 10 10 10 10 10 10 10 10 10 10 10 10 100 10 100 10 10 11 10 10 10 100 100 10 8 10 10 10 8 10 100 8 10 10 10 10 10 10 10 10 10 10 10 10 10 10 10 10 10 10 10 10 10 10 10 10 8 11 9 11 10 8 8 10 10 10 10 10 10 10 10 7 7 10 10 10 7 10 10 10 7 10 10 10 10 10 10 7 10 10 10 100 10 10 10 9 9 100 8 10 10 10 7 10 10 100 10 100 10 100 10 10 10 10 10 9 10 10 100 10 7 10 10 10 10 10 10 10 10 11 11 11 100 10 9 10 10 7 8 10 9 8 10 9 8 7 10 10 100 8 10 10 10 8 8 10 10 10 8 8 10 10 7 10 10 10 9 10 10 7 9 10 10 8 8 10 10 10 8 10 10 10 10 9 10 10 10 100 10 10 10 10 9 9 9 9 9 10 7 7 10 1 1 7 1 1 1 1 1 1 1 1 1 1 1 1 1 1 1 1 1 1 1 1 1 1 1 1 1 1 1 1 1 1 1 1 1 1 1 1 1 1 1 1 1 1 1 1 1 1 1 1 1 1 1 1 1 100 1 1 100 100 1 1 1 1 1 1 100 100 100 100 100 1 1 1 1 1 1 100 100 1 1 1 1 100 1 1 1 1 1 1 1 1 1 1 100 1 1 1 1 1 1 1 1 1 1 1 1 1 1 1 1 100 100 1 1 1 1 1 1 1 1 1 1 1 1 1 1 100 1 1 1 1 1 1 1 1 1 1 1 100 100 1 1 1 1 1 100 100 1 1 1 1 1 100 100 1 1 1 1 1 1 1 1 1 1 1 1 100 1 1 1 1 1 1 1 1 100 1 1 100 1 1 1 1 100 100 1 1 1 1 1 1 1 1 1 1 100 1 100 1 1 1 1 1 1 1 1 1 12 12 12 12 7 12 100 12 12 1 1 1 12 12 12 1 12 12 12 12 12 12 12 12 1 12 12 1 7 12 12 1 12 1 12 12 12 12 12 12 12 12 1 12 7 12 12 12 12 12 12 12 12 12 100 12 7 12 12 12 12 1 12 1 12 7 12 7 12 12 12 12 1 1 1 12 12 1 12 1 1 12 12 12 12 7 12 12 12 12 12 12 100 12 12 12 12 12 12 12 12 12 12 7 12 12 1 100 12 12 12 12 1 1 12 12 12 12 12 12 12 12 1 1 12 12 12 1 12 12 7 12 1 12 12 12 7 12 100 12 1 12 7 12 1 12 12 12 12 12 1 1 12 12 1 12 12 1 12 1 100 1 12 12 12 12 12 100 12 12 12 1 1 12 12 12 12 12 12 12 100 12 1 12 12 12 12 1 1 12 1 12 12 1 1 12 1 1 12 12 1 1 12 12 7 12 1 1 12 1 12 12 12 12 12 1 12 12 1 1 12 1 12 12 12 12 12 12 12 12 1 12 12 12 12 100 12 12 12 12 12 12 1 1 1 1 1 1 1 1 1 1 1 1 1 1 1 1 1 1 1 1 1 1 1 1 1 1 1 1 1 1 1 1 1 1 1 1 1 1 1 1 1 1 1 1 1 1 1 1 1 1 1 1 1 1 1 1 1 1 1 1 1 1 1 1 1 1 1 1 1 1 1 1 1 1 1 1 1 1 1 1 1 1 1 1 1 1 1 1 1 1 1 1 1 1 1 1 1 1 1 1 1 1 1 1 1 1 1 1 1 1 1 1 1 1 1 1 1 1 1 1 1 1 1 1 1 1 1 1 1 1 1 1 1 1 1 1 1 1 1 1 1 1 1 1 1 1 1 1 1 1 1 1 1 1 1 1 1 1 1 1 1 1 1
staticfield java/lang/ClassLoader nocerts [Ljava/security/cert/Certificate; 0 [Ljava/security/cert/Certificate;
ciInstanceKlass java/lang/System 1 1 375 10 10 10 10 10 9 7 10 11 10 10 10 100 8 10 10 8 10 100 10 8 10 10 100 10 10 9 10 9 9 7 10 10 10 10 10 10 100 100 8 10 10 7 10 100 8 10 8 10 100 8 10 100 10 8 10 10 10 8 10 10 10 10 10 10 10 10 10 7 7 10 10 100 10 10 8 10 7 9 10 7 9 10 9 7 10 8 10 8 8 10 10 10 10 10 10 10 10 7 10 10 10 9 9 9 100 1 1 1 1 1 1 1 1 1 1 1 1 1 1 1 1 1 1 1 1 1 1 1 1 1 1 1 100 100 1 1 1 100 1 100 1 1 1 1 1 100 1 1 1 1 1 1 1 1 1 1 1 1 1 1 1 1 1 1 1 1 1 1 1 1 1 1 1 1 1 1 1 1 1 1 1 1 1 1 1 1 1 1 1 100 1 1 1 1 1 12 12 12 12 12 12 1 7 12 100 12 100 12 12 12 1 1 12 100 12 1 12 1 12 12 100 12 1 12 100 12 12 12 12 12 1 12 12 12 12 12 1 1 1 12 12 1 12 1 1 1 12 1 1 1 1 12 12 7 12 1 12 7 12 12 12 12 12 7 12 12 12 1 1 12 12 1 12 7 12 1 7 12 1 7 12 12 1 12 12 1 12 1 12 1 1 12 7 12 12 7 12 12 7 12 12 12 1 12 12 12 12 12 1 1 1 1 1 1 1 1 1 1 1 1 1 1 1 1 1 1 1 1 1 1 1 1 1 1 1 1 1 1 1 1 1 1 1 1 1 1 1 1 1 1 1 1 1 1 1 1 1 1 1 1 1 1 1 1 1 1 1 1 1 1 1 1 1
staticfield java/lang/System in Ljava/io/InputStream; java/io/BufferedInputStream
staticfield java/lang/System out Ljava/io/PrintStream; java/io/PrintStream
staticfield java/lang/System err Ljava/io/PrintStream; java/io/PrintStream
instanceKlass java/lang/Exception
instanceKlass java/lang/Error
ciInstanceKlass java/lang/Throwable 1 1 340 10 9 9 9 9 9 10 9 10 10 100 7 10 8 10 8 10 10 10 100 8 10 10 10 10 8 9 10 100 10 10 100 10 10 11 10 10 10 8 10 10 7 8 8 10 10 8 8 9 10 100 10 11 8 8 10 8 10 8 100 10 9 10 10 7 10 7 10 10 100 8 10 10 11 7 10 11 11 11 8 8 10 11 10 9 8 10 9 10 9 11 100 10 10 7 100 100 1 1 1 100 1 100 1 1 1 1 5 0 1 1 1 1 1 1 1 1 1 1 1 1 1 1 1 1 1 1 1 1 1 1 1 1 1 1 1 1 1 1 100 100 1 1 1 1 1 1 1 1 1 1 1 1 100 100 100 1 1 1 1 1 1 1 1 1 1 1 1 1 1 1 1 1 100 100 1 100 100 1 1 1 1 1 1 1 1 12 12 12 12 12 12 12 12 12 12 1 1 1 12 1 100 12 12 1 1 12 7 12 12 1 100 12 12 1 12 12 1 7 12 100 12 12 12 12 1 12 12 1 1 1 12 12 1 1 12 100 12 1 12 1 1 12 1 12 1 1 12 12 12 7 12 12 1 12 100 1 1 12 100 12 100 12 1 12 12 100 12 12 1 1 100 12 1 100 12 100 12 12 12 12 12 1 1 1 1 1 1 1 1 1 1 1 1 1 1 1 1 1 1 1 1 1 1 1 1 1 1 1 1 1 1 1 1 1 1 1 1 1 1 1 1 1 1 1 1 1 1 1 1 1 1 1 1 1 1 1 1 1
staticfield java/lang/Throwable UNASSIGNED_STACK [Ljava/lang/StackTraceElement; 0 [Ljava/lang/StackTraceElement;
staticfield java/lang/Throwable SUPPRESSED_SENTINEL Ljava/util/List; java/util/Collections$UnmodifiableRandomAccessList
staticfield java/lang/Throwable EMPTY_THROWABLE_ARRAY [Ljava/lang/Throwable; 0 [Ljava/lang/Throwable;
staticfield java/lang/Throwable $assertionsDisabled Z 1
instanceKlass com/google/common/util/concurrent/ExecutionError
instanceKlass org/apache/xerces/impl/dv/ObjectFactory$ConfigurationError
instanceKlass org/apache/xerces/parsers/ObjectFactory$ConfigurationError
instanceKlass java/util/ServiceConfigurationError
instanceKlass java/lang/AssertionError
instanceKlass java/lang/VirtualMachineError
instanceKlass java/lang/LinkageError
instanceKlass java/lang/ThreadDeath
ciInstanceKlass java/lang/Error 1 1 30 10 10 10 10 10 100 7 1 1 1 5 0 1 1 1 1 1 1 1 1 1 1 12 12 12 12 12 1 1
ciInstanceKlass java/lang/ThreadDeath 0 0 18 10 100 100 1 1 1 5 0 1 1 1 1 1 1 12 1 1
instanceKlass org/apache/xerces/impl/dv/DatatypeException
instanceKlass javax/xml/transform/TransformerException
instanceKlass org/xml/sax/SAXException
instanceKlass com/mathworks/mwswing/binding/ReadWriteException
instanceKlass com/mathworks/jmi/MatlabException
instanceKlass javax/xml/bind/JAXBException
instanceKlass com/mathworks/services/lmgr/JNIException
instanceKlass java/util/concurrent/ExecutionException
instanceKlass com/mathworks/addons_common/exceptions/MultipleVersionsFoundException
instanceKlass com/mathworks/addons_common/exceptions/IdentifierNotFoundException
instanceKlass com/mathworks/addons_common/exceptions/AddOnNotFoundException
instanceKlass java/awt/FontFormatException
instanceKlass javax/swing/UnsupportedLookAndFeelException
instanceKlass java/text/ParseException
instanceKlass javax/naming/NamingException
instanceKlass java/net/URISyntaxException
instanceKlass java/lang/CloneNotSupportedException
instanceKlass com/mathworks/capabilities/UnsatisfiedCapabilityException
instanceKlass java/util/concurrent/TimeoutException
instanceKlass java/security/GeneralSecurityException
instanceKlass javax/swing/text/BadLocationException
instanceKlass com/mathworks/services/settings/SettingException
instanceKlass java/beans/IntrospectionException
instanceKlass com/mathworks/util/MatlabThreadException
instanceKlass java/security/PrivilegedActionException
instanceKlass java/io/IOException
instanceKlass java/lang/InterruptedException
instanceKlass java/lang/ReflectiveOperationException
instanceKlass java/lang/RuntimeException
ciInstanceKlass java/lang/Exception 1 1 30 10 10 10 10 10 100 7 1 1 1 5 0 1 1 1 1 1 1 1 1 1 1 12 12 12 12 12 1 1
instanceKlass java/util/ConcurrentModificationException
instanceKlass com/google/common/util/concurrent/UncheckedExecutionException
instanceKlass com/google/common/cache/CacheLoader$InvalidCacheLoadException
instanceKlass org/apache/xerces/impl/dv/DVFactoryException
instanceKlass org/apache/xerces/xni/XNIException
instanceKlass com/mathworks/util/ShutdownRuntimeException
instanceKlass com/google/gson/JsonParseException
instanceKlass com/mathworks/supportsoftwareinstaller/api/SsiException
instanceKlass com/mathworks/mladdonpackaging/AddonPackageException
instanceKlass org/apache/logging/log4j/core/config/ConfigurationException
instanceKlass java/util/MissingResourceException
instanceKlass org/apache/logging/log4j/util/InternalException
instanceKlass java/util/NoSuchElementException
instanceKlass org/apache/logging/log4j/LoggingException
instanceKlass java/util/concurrent/RejectedExecutionException
instanceKlass com/mathworks/mvm/MvmTerminatedException
instanceKlass com/mathworks/services/settings/SettingLevelRuntimeException
instanceKlass com/mathworks/services/settings/SettingNameRuntimeException
instanceKlass java/lang/UnsupportedOperationException
instanceKlass com/mathworks/services/settings/SettingUnsupportedTypeRuntimeException
instanceKlass java/lang/IllegalStateException
instanceKlass java/lang/invoke/WrongMethodTypeException
instanceKlass java/lang/reflect/UndeclaredThrowableException
instanceKlass java/lang/IndexOutOfBoundsException
instanceKlass java/lang/SecurityException
instanceKlass com/mathworks/util/AggregateException
instanceKlass java/lang/IllegalArgumentException
instanceKlass java/lang/ArithmeticException
instanceKlass java/lang/NullPointerException
instanceKlass java/lang/IllegalMonitorStateException
instanceKlass java/lang/ArrayStoreException
instanceKlass java/lang/ClassCastException
ciInstanceKlass java/lang/RuntimeException 1 1 30 10 10 10 10 10 100 7 1 1 1 5 0 1 1 1 1 1 1 1 1 1 1 12 12 12 12 12 1 1
ciInstanceKlass java/lang/SecurityManager 0 0 383 9 10 100 9 10 9 100 10 100 8 10 10 10 10 10 10 10 10 10 100 10 10 9 10 10 10 100 8 10 9 9 8 9 100 10 8 10 10 10 100 10 10 100 100 8 10 8 8 8 8 8 8 10 8 8 8 8 8 10 10 8 100 8 10 8 8 8 8 8 10 8 100 8 8 10 8 9 8 9 9 8 10 100 8 10 10 100 10 10 10 8 9 9 100 10 10 10 9 8 8 9 9 100 10 9 8 8 8 10 10 9 100 10 10 100 1 1 1 1 1 1 1 1 1 1 1 1 1 1 1 1 1 1 1 1 1 1 100 1 1 1 100 100 100 1 1 1 1 100 1 1 1 100 1 1 1 1 1 1 1 1 1 1 1 1 1 1 1 1 1 1 100 1 1 1 1 1 1 1 100 1 1 1 1 1 1 1 1 1 1 1 1 1 100 1 1 1 1 1 100 1 1 1 1 1 100 100 1 1 1 1 1 100 1 1 1 1 1 1 1 1 12 12 1 12 12 12 1 100 12 1 1 12 12 12 12 12 12 12 100 12 1 12 100 12 12 100 12 1 1 12 12 1 12 1 1 12 12 12 1 12 1 1 1 12 1 1 1 1 1 1 12 1 1 1 1 1 12 12 1 1 1 1 1 1 1 1 100 12 1 1 1 1 1 100 12 1 12 12 1 12 1 1 12 1 12 12 12 1 12 12 1 12 12 12 12 1 1 12 12 1 12 1 1 1 12 100 12 12 1 12 1 1 1 1 1 1 1 1 1 1 1 1 1 1 1 1 1 1 1 1 1 1 1 1 1 1 1 1 1 1 1 1 1 1 1 1 1 1 1 1 1 1 1 1 1 1 1 1 1 1 1
ciInstanceKlass java/security/ProtectionDomain 1 1 287 9 10 9 7 10 9 9 9 10 7 9 9 7 9 10 100 10 10 10 10 9 10 8 100 8 10 10 10 10 10 8 11 8 10 8 8 10 10 10 10 8 10 8 8 10 9 10 9 10 100 100 10 10 7 10 100 10 10 11 11 11 100 10 10 11 11 10 10 11 10 7 10 10 8 10 7 10 10 7 7 1 1 1 1 1 1 1 1 1 1 1 1 1 1 1 1 1 1 1 1 1 1 1 100 100 100 1 100 1 1 1 1 1 1 1 1 1 1 1 1 1 1 100 100 1 100 100 1 100 100 100 100 100 100 100 1 1 1 1 1 1 12 12 12 1 12 12 12 12 12 1 12 12 1 12 100 12 100 100 12 12 12 100 12 1 1 1 12 12 100 12 12 1 1 12 1 1 12 12 12 12 1 12 1 1 100 12 12 12 12 100 12 1 1 100 12 1 1 12 12 100 12 12 100 12 1 12 12 12 12 100 12 12 12 1 12 7 12 1 7 12 1 12 1 1 1 1 1 1 1 1 1 1 1 1 1 1 1 1 1 1 1 1 1 1 1 1 1 1 1 1 1 1 1 1 1 1 1 1 1 1 1 1 1 1 1 1 1 1 1 1 1 1 1 1 1 1 1 1 1 1 1 1 1 1 1
staticfield java/security/ProtectionDomain debug Lsun/security/util/Debug; null
ciInstanceKlass java/security/AccessControlContext 1 1 313 9 9 10 8 10 10 9 9 9 10 7 100 10 11 11 11 11 7 11 10 10 9 10 11 10 7 100 8 10 10 7 9 9 9 9 9 9 9 10 9 10 10 8 10 10 10 100 10 10 10 10 8 10 8 10 8 8 10 8 10 8 10 10 10 8 8 100 10 10 100 10 8 10 10 10 8 10 10 10 7 10 10 10 10 10 10 10 10 7 1 1 1 1 1 1 1 1 1 1 1 1 1 1 1 1 1 1 1 1 1 1 1 1 1 1 100 100 1 1 100 1 100 100 1 1 1 1 1 1 1 1 100 1 1 1 100 1 1 100 1 1 1 1 1 1 1 1 1 1 1 1 1 1 1 1 1 1 1 1 1 1 1 12 12 100 12 1 100 12 12 12 12 12 7 12 1 12 100 12 12 12 12 1 12 12 7 12 100 12 100 12 100 12 1 1 1 12 12 1 12 12 12 12 12 12 12 7 12 12 12 12 1 12 12 100 12 1 12 100 12 1 100 12 1 100 12 1 1 12 1 12 1 12 12 12 1 1 1 12 12 1 12 1 12 1 12 12 12 1 12 12 12 12 12 12 1 1 1 1 1 1 1 1 1 1 1 1 1 1 1 1 1 1 1 1 1 1 1 1 1 1 1 1 1 1 1 1 1 1 1 1 1 1 1 1 1 1 1 1 1 1 1 1 1 1 1 1 1 1 1 1 1
instanceKlass java/net/URLClassLoader
ciInstanceKlass java/security/SecureClassLoader 1 1 134 10 7 10 9 10 10 9 10 10 10 10 10 7 10 10 7 10 10 10 9 100 10 8 10 10 10 10 8 100 8 10 8 10 10 7 7 1 1 1 1 1 1 1 1 1 1 1 1 1 100 100 100 1 1 1 1 1 1 1 1 1 1 100 100 100 1 1 1 1 12 1 12 12 7 12 100 12 12 12 12 12 12 12 1 12 1 12 12 12 12 1 1 12 12 12 7 12 1 1 1 12 1 12 12 1 1 1 1 1 1 1 1 1 1 1 1 1 1 1 1 1 1 1 1 1 1 1 1 1 1 1 1 1
staticfield java/security/SecureClassLoader debug Lsun/security/util/Debug; null
instanceKlass java/lang/InstantiationException
instanceKlass java/lang/NoSuchMethodException
instanceKlass java/lang/IllegalAccessException
instanceKlass java/lang/NoSuchFieldException
instanceKlass java/lang/reflect/InvocationTargetException
instanceKlass java/lang/ClassNotFoundException
ciInstanceKlass java/lang/ReflectiveOperationException 1 1 27 10 10 10 10 100 7 1 1 1 5 0 1 1 1 1 1 1 1 1 1 12 12 12 12 1 1
ciInstanceKlass java/lang/ClassNotFoundException 1 1 32 100 10 10 9 100 7 1 1 1 5 0 1 1 1 1 1 1 1 1 1 1 1 1 1 1 12 12 12 1 1 1
instanceKlass java/lang/UnsatisfiedLinkError
instanceKlass java/lang/ExceptionInInitializerError
instanceKlass java/lang/IncompatibleClassChangeError
instanceKlass java/lang/BootstrapMethodError
instanceKlass java/lang/NoClassDefFoundError
ciInstanceKlass java/lang/LinkageError 1 1 24 10 10 10 100 7 1 1 1 5 0 1 1 1 1 1 1 1 1 12 12 12 1 1
ciInstanceKlass java/lang/NoClassDefFoundError 0 0 21 10 10 100 100 1 1 1 5 0 1 1 1 1 1 1 1 12 12 1 1
ciInstanceKlass java/lang/ClassCastException 1 1 21 10 10 100 100 1 1 1 5 0 1 1 1 1 1 1 1 12 12 1 1
ciInstanceKlass java/lang/ArrayStoreException 1 1 21 10 10 100 100 1 1 1 5 0 1 1 1 1 1 1 1 12 12 1 1
instanceKlass java/lang/InternalError
instanceKlass java/lang/StackOverflowError
instanceKlass java/lang/OutOfMemoryError
ciInstanceKlass java/lang/VirtualMachineError 1 1 27 10 10 10 10 100 100 1 1 1 5 0 1 1 1 1 1 1 1 1 1 12 12 12 12 1 1
ciInstanceKlass java/lang/OutOfMemoryError 1 1 21 10 10 100 100 1 1 1 5 0 1 1 1 1 1 1 1 12 12 1 1
ciInstanceKlass java/lang/StackOverflowError 1 1 21 10 10 100 100 1 1 1 5 0 1 1 1 1 1 1 1 12 12 1 1
ciInstanceKlass java/lang/IllegalMonitorStateException 1 1 21 10 10 100 100 1 1 1 5 0 1 1 1 1 1 1 1 12 12 1 1
instanceKlass java/lang/ref/PhantomReference
instanceKlass java/lang/ref/FinalReference
instanceKlass java/lang/ref/WeakReference
instanceKlass java/lang/ref/SoftReference
ciInstanceKlass java/lang/ref/Reference 1 1 141 9 9 7 9 10 100 10 100 10 9 9 10 9 9 10 10 7 10 10 10 10 7 8 10 7 10 10 10 7 10 10 7 7 1 1 1 1 1 1 1 1 1 1 1 1 1 1 1 1 1 1 1 1 1 1 1 100 100 100 100 100 100 100 1 1 1 1 1 1 1 1 1 1 1 1 1 1 100 1 1 1 12 12 1 12 12 1 12 1 12 12 7 12 12 12 12 12 12 1 12 12 12 7 12 1 1 12 1 12 12 12 1 7 12 1 1 1 1 1 1 1 1 1 1 1 1 1 1 1 1 1 1 1 1 1 1 1 1 1 1
instanceKlass com/google/common/cache/LocalCache$SoftValueReference
instanceKlass sun/misc/SoftCache$ValueCell
instanceKlass sun/util/locale/provider/LocaleResources$ResourceReference
instanceKlass java/util/ResourceBundle$BundleReference
instanceKlass java/lang/invoke/LambdaFormEditor$Transform
instanceKlass sun/util/locale/LocaleObjectCache$CacheEntry
ciInstanceKlass java/lang/ref/SoftReference 1 1 35 10 9 9 10 10 7 7 1 1 1 1 1 1 1 1 1 1 1 1 1 1 100 1 1 1 1 12 12 12 12 12 1 1 1
instanceKlass com/mathworks/mwswing/WeakPropertyChangeCoupler$ProxyListener
instanceKlass sun/awt/image/ImageWatched$AccWeakReference
instanceKlass com/jidesoft/plaf/WindowsDesktopProperty$WeakPCL
instanceKlass com/sun/java/swing/plaf/windows/DesktopProperty$WeakPCL
instanceKlass java/util/logging/LogManager$LoggerWeakRef
instanceKlass java/lang/invoke/MethodType$ConcurrentWeakInternSet$WeakEntry
instanceKlass java/util/ResourceBundle$LoaderReference
instanceKlass java/lang/reflect/WeakCache$CacheValue
instanceKlass java/lang/reflect/Proxy$Key1
instanceKlass java/lang/reflect/WeakCache$CacheKey
instanceKlass java/lang/ThreadLocal$ThreadLocalMap$Entry
instanceKlass java/lang/ClassValue$Entry
instanceKlass java/util/WeakHashMap$Entry
ciInstanceKlass java/lang/ref/WeakReference 1 1 20 10 10 100 7 1 1 1 1 1 1 1 1 1 1 1 12 12 1 1
instanceKlass java/lang/ref/Finalizer
ciInstanceKlass java/lang/ref/FinalReference 1 1 16 10 100 7 1 1 1 1 1 1 1 1 1 12 1 1
instanceKlass sun/misc/Cleaner
ciInstanceKlass java/lang/ref/PhantomReference 1 1 19 10 100 7 1 1 1 1 1 1 1 1 1 1 1 1 12 1 1
ciInstanceKlass sun/misc/Cleaner 1 1 75 9 9 9 9 10 9 7 10 10 10 11 100 100 10 10 7 10 7 1 1 1 1 1 1 1 1 1 1 1 1 1 1 1 1 1 1 1 1 1 1 1 1 100 1 1 1 1 12 12 12 12 12 12 1 12 12 12 7 12 1 1 12 100 12 1 12 1 1 1 1 1 1 1 1
staticfield sun/misc/Cleaner dummyQueue Ljava/lang/ref/ReferenceQueue; java/lang/ref/ReferenceQueue
ciInstanceKlass java/lang/ref/Finalizer 1 1 153 9 9 9 10 9 9 10 10 7 10 10 10 10 7 11 100 10 100 10 10 10 100 10 10 100 10 7 10 7 10 10 10 10 7 10 7 10 10 10 7 1 1 1 1 1 1 1 1 1 1 1 1 1 1 1 1 1 1 1 100 100 1 1 1 1 1 1 1 1 1 1 1 1 1 1 1 1 1 1 1 1 1 1 1 1 100 1 1 1 12 12 12 12 12 12 12 12 1 12 12 12 12 1 7 12 1 12 1 12 100 12 100 12 1 12 12 1 1 1 12 12 7 12 1 12 1 12 12 12 1 1 1 1 1 1 1 1 1 1 1 1 1 1 1 1 1 1 1 1 1 1 1
staticfield java/lang/ref/Finalizer lock Ljava/lang/Object; java/lang/Object
instanceKlass java/lang/ref/ReferenceQueue$Null
ciInstanceKlass java/lang/ref/ReferenceQueue 1 1 133 10 7 10 9 9 9 9 9 9 9 100 10 9 7 10 10 10 100 8 10 10 10 5 0 10 11 7 10 7 10 7 100 1 1 1 1 1 1 1 1 1 1 1 1 1 1 1 1 1 1 1 1 1 1 1 1 100 100 100 100 1 1 1 1 1 1 1 1 100 1 1 1 1 1 1 1 1 12 1 12 12 12 12 7 12 12 12 12 1 12 1 7 12 12 12 1 1 12 100 12 12 12 100 12 1 7 12 1 1 1 1 1 1 1 1 1 1 1 1 1 1 1 1 1 1 1 1 1 1 1 1 1
staticfield java/lang/ref/ReferenceQueue $assertionsDisabled Z 1
instanceKlass com/mathworks/matlabserver/connector/impl/ConnectorImpl$1
instanceKlass java/awt/EventDispatchThread
instanceKlass sun/awt/image/ImageFetcher
instanceKlass java/util/logging/LogManager$Cleaner
instanceKlass java/util/TimerThread
instanceKlass java/lang/ref/Finalizer$FinalizerThread
instanceKlass java/lang/ref/Reference$ReferenceHandler
ciInstanceKlass java/lang/Thread 1 1 550 9 9 9 9 100 8 10 3 8 3 10 10 100 8 10 9 10 10 10 10 10 10 10 9 10 10 9 10 9 10 9 10 9 10 9 9 10 9 10 9 10 9 100 10 10 9 9 9 7 7 10 8 10 10 10 10 10 100 10 10 10 10 100 11 10 9 10 9 10 100 10 10 100 10 10 11 10 100 10 10 10 7 10 10 10 10 10 10 10 10 10 10 7 8 10 10 10 8 10 8 10 8 8 10 10 7 8 10 9 9 10 10 10 9 10 100 10 11 9 9 10 100 10 11 100 10 10 11 10 100 10 10 10 8 9 10 11 10 11 10 7 8 7 1 1 100 1 100 1 100 1 1 1 1 1 1 1 1 1 1 1 1 1 1 1 1 1 1 1 1 1 1 1 100 1 1 1 1 1 1 1 1 1 1 1 1 1 1 1 3 1 3 1 3 1 1 1 1 1 1 1 1 1 1 1 1 1 1 1 1 1 1 1 1 1 1 1 1 1 100 100 100 100 1 1 1 1 1 1 100 1 1 1 1 100 100 100 100 100 1 1 1 1 1 1 1 1 1 1 1 1 1 1 1 1 1 1 1 1 1 1 1 1 1 1 1 1 1 1 1 1 1 1 1 1 1 1 1 1 1 1 1 1 1 1 1 1 1 1 1 1 1 1 1 100 100 1 1 100 100 1 1 1 1 100 100 1 1 1 1 1 1 1 1 1 1 1 1 1 1 100 1 1 1 1 100 1 1 1 1 1 1 1 1 1 1 1 12 12 12 12 1 1 12 1 12 12 1 1 12 12 7 12 100 12 7 12 12 12 12 12 12 12 12 12 12 12 12 12 7 12 12 12 12 12 7 12 12 12 12 1 12 12 12 12 1 1 1 12 12 12 12 12 1 12 12 12 1 12 12 12 100 12 12 1 12 1 12 100 12 12 1 12 12 1 12 12 12 12 12 12 12 12 12 1 1 12 12 1 12 1 1 1 100 12 100 12 1 12 12 12 12 12 12 1 12 100 12 12 12 12 1 12 100 12 1 12 12 12 12 1 12 12 100 12 12 12 12 100 12 12 12 1 1 1 1 1 1 1 1 1 1 1 1 1 1 1 1 1 1 1 1 1 1 1 1 1 1 1 1 1 1 1 1 1 1 1 1 1 1 1 1 1 1 1 1 1 1 1 1 1 1 1 1 1 1 1 1 1 1 1 1 1 1 1 1 1 1 1 1 1 1 1 1 1 1 1 1 1
staticfield java/lang/Thread EMPTY_STACK_TRACE [Ljava/lang/StackTraceElement; 0 [Ljava/lang/StackTraceElement;
staticfield java/lang/Thread SUBCLASS_IMPLEMENTATION_PERMISSION Ljava/lang/RuntimePermission; java/lang/RuntimePermission
ciInstanceKlass java/lang/ThreadGroup 1 1 275 10 9 8 9 7 9 9 10 10 10 10 10 9 9 10 10 9 10 9 9 10 100 10 10 10 9 10 10 9 10 10 10 10 10 10 10 10 10 10 10 100 10 10 10 7 10 7 10 9 10 8 10 10 10 10 11 100 9 100 10 8 10 10 8 10 10 10 10 10 8 10 8 10 8 7 100 1 1 1 1 1 1 1 1 1 1 1 1 1 1 1 1 1 1 1 1 1 1 1 1 1 1 1 1 1 1 1 1 1 1 1 1 1 1 1 1 100 100 100 1 1 1 100 1 1 1 1 1 1 1 1 1 1 1 1 1 1 1 1 1 100 1 1 1 1 1 1 1 1 1 1 1 100 1 1 100 1 1 1 1 12 12 1 12 1 12 12 12 12 12 12 12 12 12 12 12 12 100 12 12 12 7 12 12 7 12 100 12 12 12 12 12 12 12 12 12 12 12 12 12 12 1 12 12 1 12 12 12 12 1 100 12 12 12 12 1 12 1 1 12 12 1 12 100 12 100 12 12 100 1 1 12 1 1 1 1 1 1 1 1 1 1 1 1 1 1 1 1 1 1 1 1 1 1 1 1 1 1 1 1 1 1 1 1 1 1 1 1 1 1 1 1 1 1
ciInstanceKlass java/util/Map 1 1 139 11 11 10 11 11 11 11 100 11 11 100 100 10 11 11 11 11 10 11 11 7 100 1 1 1 1 1 1 1 1 1 1 1 1 1 1 1 1 1 1 1 1 1 1 1 1 1 1 1 1 1 1 1 1 1 1 1 1 100 1 1 1 100 100 100 100 100 1 1 1 100 1 1 1 1 1 1 1 1 1 1 1 1 1 1 1 1 1 1 1 12 12 7 12 12 100 12 100 12 12 1 12 12 1 1 12 100 12 100 12 12 12 12 12 7 12 1 1 1 1 1 1 1 1 1 1 1 1 1 1 1 1 1 1 1 1 1 1
instanceKlass java/util/Hashtable
ciInstanceKlass java/util/Dictionary 1 1 31 10 100 7 1 1 1 1 1 1 1 1 1 1 1 1 1 1 1 1 1 1 1 1 1 1 1 1 12 1 1
instanceKlass javax/swing/UIDefaults
instanceKlass java/util/Properties
ciInstanceKlass java/util/Hashtable 1 1 431 100 9 9 9 10 10 100 100 10 8 10 10 10 10 10 8 10 9 7 7 4 10 9 4 10 11 10 10 10 100 10 9 10 9 10 10 3 9 9 3 10 10 10 11 11 11 11 7 11 11 10 10 10 9 9 9 100 100 10 10 8 10 10 8 10 8 10 7 10 10 100 10 10 7 10 100 10 10 7 11 11 100 10 10 10 11 100 10 100 11 11 10 10 10 10 10 100 10 10 8 10 10 100 11 10 10 10 7 100 100 100 1 1 1 1 1 1 1 1 1 1 1 1 1 1 1 1 1 1 1 5 0 1 1 1 1 1 1 1 1 1 1 3 1 3 1 3 1 1 1 1 1 100 1 1 1 1 1 1 1 1 1 1 1 1 1 1 1 100 1 1 100 1 1 1 1 1 1 1 1 1 1 1 1 100 1 1 1 100 1 1 100 100 100 1 1 1 1 1 1 1 1 1 1 1 1 100 100 100 1 1 1 1 1 100 1 1 1 100 1 1 1 1 1 1 1 1 100 1 1 1 1 1 1 1 1 1 1 100 1 100 1 1 100 1 1 1 1 1 1 1 1 1 1 1 1 1 1 1 1 12 12 12 12 12 1 1 1 12 12 12 12 7 12 1 12 12 1 1 7 12 12 12 12 12 12 12 1 12 7 12 12 12 12 12 12 12 12 12 12 7 12 7 12 12 1 12 12 12 12 12 12 12 1 1 12 1 12 1 1 7 12 1 12 12 1 12 12 1 1 12 1 12 12 1 7 12 7 12 1 100 12 100 12 12 100 12 12 12 100 12 1 12 1 12 100 12 1 100 12 12 12 1 1 1 1 1 1 1 1 1 1 1 1 1 1 1 1 1 1 1 1 1 1 1 1 1 1 1 1 1 1 1 1 1 1 1 1 1 1 1 1 1 1 1 1 1 1 1 1 1 1 1 1 1 1 1 1 1 1 1 1 1 1 1 1 1 1 1 1
instanceKlass com/mathworks/services/Prefs$PrefsProperties
ciInstanceKlass java/util/Properties 1 1 273 10 10 9 10 7 10 10 10 10 9 10 100 3 100 8 10 7 10 10 100 10 10 10 10 10 8 10 10 10 10 10 100 100 10 10 100 8 10 10 100 10 10 100 10 10 10 10 11 11 10 10 8 10 10 100 10 10 8 10 100 10 10 10 7 10 10 10 10 8 10 8 10 10 9 7 100 1 1 1 1 1 1 5 0 1 1 1 1 1 1 1 1 1 1 1 1 1 1 1 1 1 1 100 100 100 1 1 1 1 100 1 1 100 100 1 1 100 1 1 1 1 1 100 1 1 100 100 100 1 100 1 1 1 1 1 1 1 1 1 1 1 1 1 1 100 1 1 1 1 1 1 1 1 1 1 1 1 12 12 12 12 1 12 12 12 12 12 12 1 1 1 12 1 12 12 1 12 12 12 12 12 1 12 12 12 12 12 1 1 12 12 1 1 12 12 1 12 1 12 7 12 12 12 12 1 12 100 12 1 12 12 1 12 1 12 12 1 12 12 12 1 100 12 1 100 12 1 1 1 1 1 1 1 1 1 1 1 1 1 1 1 1 1 1 1 1 1 1 1 1 1 1 1 1 1 1 1 1 1 1 1 1 1 1 1 1 1 1 1 1 1 1
staticfield java/util/Properties hexDigit [C 16
instanceKlass java/lang/reflect/Executable
instanceKlass java/lang/reflect/Field
ciInstanceKlass java/lang/reflect/AccessibleObject 1 1 147 10 9 10 10 7 10 7 100 8 10 9 10 100 8 10 11 10 10 10 9 10 10 100 10 10 7 8 10 7 10 10 7 9 7 7 100 1 1 1 1 1 1 1 1 1 1 1 1 1 100 1 1 1 1 1 1 1 1 1 1 1 1 1 1 1 1 1 1 1 1 1 1 1 1 1 100 100 100 1 1 1 1 1 1 1 7 12 12 100 12 12 1 12 1 1 1 12 12 12 1 1 12 12 12 12 12 12 100 12 12 1 12 7 12 1 1 1 1 1 7 12 1 12 1 1 1 1 1 1 1 1 1 1 1 1 1 1 1 1 1 1 1 1 1 1 1
staticfield java/lang/reflect/AccessibleObject ACCESS_PERMISSION Ljava/security/Permission; java/lang/reflect/ReflectPermission
staticfield java/lang/reflect/AccessibleObject reflectionFactory Lsun/reflect/ReflectionFactory; sun/reflect/ReflectionFactory
ciInstanceKlass java/lang/reflect/Field 1 1 367 9 10 10 10 9 10 10 10 10 9 9 9 9 9 9 9 100 8 10 7 10 9 9 10 7 10 10 10 10 10 10 10 7 10 8 10 10 8 10 10 8 10 11 9 10 10 10 10 11 11 11 11 11 11 11 11 11 11 11 11 11 11 11 11 11 11 10 10 9 10 10 10 10 11 10 100 10 10 9 10 11 10 10 9 10 7 100 1 1 1 1 1 1 1 1 1 1 1 1 1 1 1 1 1 1 1 1 1 1 1 1 1 1 1 1 1 1 1 1 1 1 1 1 1 1 1 1 1 1 1 1 1 1 1 1 1 1 1 100 1 1 100 100 1 100 1 1 1 100 1 1 1 1 1 1 1 1 1 1 1 1 1 1 1 1 1 1 1 1 1 1 1 1 1 1 1 1 1 1 1 1 1 1 1 1 1 100 1 1 1 1 1 1 1 1 1 1 1 1 1 1 1 1 1 1 1 1 12 12 100 12 100 12 12 12 12 100 12 12 12 12 12 12 12 12 12 1 1 12 1 12 12 12 12 1 12 12 12 12 12 7 100 12 1 1 12 12 1 12 12 1 100 12 7 12 12 12 12 7 12 12 12 12 12 12 12 12 12 12 12 12 12 12 12 12 12 12 12 12 12 7 12 12 100 12 12 100 12 1 100 12 100 12 12 100 12 100 12 12 12 100 12 100 12 1 1 1 1 1 1 1 1 1 1 1 1 1 1 1 1 1 1 1 1 1 1 1 1 1 1 1 1 1 1 1 1 1 1 1 1 1 1 1 1 1 1 1 1 1 1 1 1 1 1 1 1 100 1 1 1 1 1 1 1 1 1
ciInstanceKlass java/lang/reflect/Parameter 0 0 215 10 9 9 9 9 9 9 100 10 10 10 100 10 10 11 10 10 10 10 10 8 8 10 10 10 8 10 8 10 10 10 10 10 10 10 10 10 10 11 10 100 10 10 10 10 10 9 100 10 11 11 100 100 1 1 1 1 1 1 1 1 1 1 1 1 1 1 1 1 1 1 1 1 1 1 1 100 1 1 1 1 1 1 100 100 100 1 1 1 1 1 1 1 1 1 100 1 1 1 1 1 1 1 1 1 1 1 1 1 1 1 1 1 1 100 1 1 1 12 12 12 12 12 12 12 1 12 12 100 12 1 12 100 12 12 100 12 12 12 12 1 1 100 12 12 12 1 1 12 12 12 12 12 12 12 100 12 12 100 12 100 12 1 100 12 12 12 12 12 12 1 12 12 1 1 1 1 1 1 1 1 1 1 1 1 1 1 1 1 1 1 1 1 1 1 1 1 1 1 1 1 1 1 1 1 1 1 1 1 1 1 1 1 1
instanceKlass java/lang/reflect/Constructor
instanceKlass java/lang/reflect/Method
ciInstanceKlass java/lang/reflect/Executable 1 1 385 10 10 10 11 10 10 10 8 10 10 10 7 8 7 10 10 10 10 8 10 100 8 10 8 10 10 8 10 10 11 10 8 8 10 10 7 10 100 10 10 10 10 10 10 100 10 10 10 10 10 100 10 100 8 10 10 100 8 10 10 10 10 10 8 8 3 8 9 10 100 8 9 10 10 10 10 10 10 100 10 10 10 10 11 10 7 10 10 9 10 10 10 9 10 10 9 10 9 10 9 7 7 100 100 1 1 1 1 1 1 1 1 1 1 1 1 1 1 1 1 1 1 1 1 1 1 1 1 1 1 1 1 1 1 1 1 1 100 100 100 100 1 1 1 1 1 100 100 100 100 1 1 1 1 1 1 1 1 1 1 1 1 1 1 1 1 1 1 100 1 1 1 1 1 1 100 1 1 1 1 1 1 1 1 1 1 1 1 1 1 1 1 1 1 1 1 1 1 1 1 1 1 1 1 1 1 1 1 1 1 1 12 7 12 12 7 12 7 12 12 12 1 12 12 12 1 1 1 12 12 12 1 12 1 1 12 1 12 100 1 12 12 12 1 1 100 12 12 1 12 1 12 12 100 12 12 12 1 12 12 12 12 100 12 12 1 1 12 12 1 1 12 12 12 12 1 1 1 12 12 1 1 12 12 12 12 12 12 12 1 12 12 7 12 12 7 12 12 1 100 12 12 12 12 12 12 100 12 100 12 12 12 12 12 12 12 1 1 1 1 1 1 1 1 1 1 1 1 1 1 1 1 1 1 1 1 1 1 1 1 1 1 1 1 1 1 1 1 1 1 1 1 1 1 1 1 1 1 1 1 1 1 1 1 1 1 1 1 100 1 1 1 1 1 1 1 1 1 1 1 1 1 1 1
ciInstanceKlass java/lang/reflect/Method 1 1 353 9 10 10 9 10 10 10 10 9 9 9 9 9 9 9 9 9 9 9 100 8 10 7 10 9 10 10 7 7 10 10 10 7 10 10 10 10 10 10 10 10 10 10 10 10 10 10 10 10 10 11 9 10 10 10 10 11 10 7 10 10 10 10 9 10 10 10 10 10 11 10 7 100 7 10 8 10 10 10 10 10 10 10 8 7 1 1 1 1 1 1 1 1 1 1 1 1 1 1 1 1 1 1 1 1 1 1 1 1 1 1 1 1 1 1 1 1 1 1 1 1 1 1 1 1 1 1 1 1 1 1 1 1 1 1 1 1 1 1 1 1 1 1 1 1 1 1 1 1 1 1 1 100 1 1 1 1 1 1 1 1 100 1 100 100 1 1 1 1 1 1 1 1 1 1 1 1 1 100 100 1 1 1 1 1 1 1 1 1 1 1 1 1 1 12 100 12 100 12 12 12 12 100 12 12 12 12 12 12 12 12 12 12 12 12 12 1 1 12 1 12 12 12 12 1 1 12 12 7 12 12 7 12 12 12 7 12 12 7 100 12 12 12 12 12 12 12 12 12 7 12 7 12 12 12 12 7 12 12 1 12 12 12 12 12 7 12 12 7 12 7 12 7 12 7 12 7 12 1 1 1 1 12 12 12 12 12 12 1 1 1 1 1 1 1 1 1 1 1 1 1 1 1 1 1 1 1 1 1 1 1 1 1 1 1 1 1 1 1 1 1 1 1 1 1 1 1 1 1 1 1 1 1 1 1 1 1 1 1 1 1 1 1 1 1 1 1 1 1 1 1 1
ciInstanceKlass java/lang/reflect/Constructor 1 1 335 10 10 9 10 10 10 9 10 9 9 9 9 9 9 9 9 100 8 10 7 10 9 10 10 10 10 100 100 10 7 10 10 10 10 10 10 10 10 10 10 10 9 10 10 10 10 100 8 10 11 10 10 10 9 10 10 10 10 10 10 10 10 10 100 8 10 10 10 10 10 10 11 9 10 7 1 1 1 1 1 1 1 1 1 1 1 1 1 1 1 1 1 1 1 1 1 1 1 1 1 1 1 1 1 1 1 1 1 1 1 1 1 1 1 1 1 1 1 1 1 1 1 1 1 1 1 1 1 1 1 1 1 1 1 1 1 1 1 1 1 1 1 1 1 1 100 1 100 100 100 1 1 1 1 1 1 1 1 1 1 1 1 1 1 1 1 1 1 1 1 1 1 1 100 1 1 1 1 1 1 100 12 100 12 12 12 12 100 12 12 12 12 12 12 12 12 12 12 12 1 1 12 1 12 12 12 7 12 12 12 1 1 7 12 12 7 12 12 100 12 12 12 12 100 12 12 12 12 7 12 12 12 12 1 1 12 7 12 12 12 12 12 7 12 12 12 12 12 12 12 12 12 1 1 12 12 12 12 100 12 100 12 100 12 100 12 1 1 1 1 1 1 1 1 1 1 1 1 1 1 1 1 1 1 1 1 1 1 1 1 1 1 1 1 1 1 1 1 1 1 1 1 1 1 1 1 1 1 1 1 1 1 1 1 1 1 1 1 1 1 1 1 1 1 100 1 1 1 1 1 1 1 1 1
instanceKlass sun/reflect/FieldAccessorImpl
instanceKlass sun/reflect/ConstructorAccessorImpl
instanceKlass sun/reflect/MethodAccessorImpl
ciInstanceKlass sun/reflect/MagicAccessorImpl 1 1 13 10 100 7 1 1 1 1 1 1 12 1 1
instanceKlass sun/reflect/GeneratedMethodAccessor1
instanceKlass sun/reflect/DelegatingMethodAccessorImpl
instanceKlass sun/reflect/NativeMethodAccessorImpl
ciInstanceKlass sun/reflect/MethodAccessorImpl 1 1 22 10 100 7 100 1 1 1 1 1 1 1 100 100 1 1 12 1 1 1 1 1
instanceKlass sun/reflect/GeneratedConstructorAccessor3
instanceKlass sun/reflect/GeneratedConstructorAccessor2
instanceKlass sun/reflect/BootstrapConstructorAccessorImpl
instanceKlass sun/reflect/GeneratedConstructorAccessor1
instanceKlass sun/reflect/DelegatingConstructorAccessorImpl
instanceKlass sun/reflect/NativeConstructorAccessorImpl
ciInstanceKlass sun/reflect/ConstructorAccessorImpl 1 1 24 10 100 7 100 1 1 1 1 1 1 1 100 100 100 1 1 12 1 1 1 1 1 1
ciInstanceKlass sun/reflect/DelegatingClassLoader 1 1 13 10 100 7 1 1 1 1 1 1 12 1 1
ciInstanceKlass sun/reflect/ConstantPool 1 1 106 10 9 10 10 10 10 10 10 10 10 10 10 10 10 10 10 7 7 8 10 100 1 1 1 1 1 1 1 1 1 1 1 1 1 1 1 1 1 1 1 1 1 1 1 1 1 1 1 1 1 1 1 1 1 1 1 1 1 1 1 1 1 1 1 1 1 1 1 1 1 1 1 1 1 1 1 1 1 1 1 1 12 12 12 12 12 12 12 12 12 12 12 12 12 12 12 12 1 1 7 12 1 1 1 1
instanceKlass sun/reflect/UnsafeFieldAccessorImpl
ciInstanceKlass sun/reflect/FieldAccessorImpl 1 1 56 10 100 7 100 1 1 1 1 1 1 1 100 1 1 1 1 1 1 1 1 1 1 1 1 1 1 1 1 1 1 100 1 1 1 1 1 1 1 1 1 1 1 1 1 1 1 1 1 1 12 1 1 1 1 1
instanceKlass sun/reflect/UnsafeObjectFieldAccessorImpl
instanceKlass sun/reflect/UnsafeStaticFieldAccessorImpl
ciInstanceKlass sun/reflect/UnsafeFieldAccessorImpl 1 1 233 10 9 10 10 9 10 9 10 10 9 10 10 10 10 100 10 10 10 8 10 10 100 8 10 8 10 8 10 100 10 10 8 10 8 10 8 10 8 10 8 10 8 10 8 10 8 10 8 10 10 8 8 8 8 8 8 10 8 8 8 10 10 7 7 1 1 1 1 1 1 1 1 1 1 1 1 1 100 100 1 1 1 1 1 1 1 1 1 100 100 1 1 1 1 1 1 1 1 1 1 1 1 1 1 1 1 1 1 1 1 1 1 1 1 12 12 7 12 7 12 12 7 12 12 12 12 12 12 7 12 7 12 12 1 12 12 1 12 1 1 12 1 12 1 12 1 12 1 12 1 100 12 1 100 12 1 100 12 1 100 12 1 100 12 1 100 12 1 100 12 1 100 12 12 1 1 1 1 1 1 100 12 1 1 1 12 12 1 1 1 1 1 1 1 1 1 1 1 1 1 1 1 1 1 1 1 1 1 1 1 1 1 1 1 1 1 1 1 1 1 1 1 1 1 1 1 1 1 1 1 1 1
staticfield sun/reflect/UnsafeFieldAccessorImpl unsafe Lsun/misc/Unsafe; sun/misc/Unsafe
instanceKlass sun/reflect/UnsafeQualifiedStaticFieldAccessorImpl
instanceKlass sun/reflect/UnsafeStaticObjectFieldAccessorImpl
ciInstanceKlass sun/reflect/UnsafeStaticFieldAccessorImpl 1 1 38 10 9 10 9 7 7 8 10 7 1 1 1 1 1 1 1 1 1 1 12 12 7 12 12 1 1 7 12 1 1 1 1 1 1 1 1 1
ciInstanceKlass sun/reflect/CallerSensitive 0 0 17 100 100 100 1 1 1 1 1 1 1 1 1 1 1 1 1
instanceKlass java/lang/invoke/DelegatingMethodHandle
instanceKlass java/lang/invoke/BoundMethodHandle
instanceKlass java/lang/invoke/DirectMethodHandle
ciInstanceKlass java/lang/invoke/MethodHandle 1 1 444 9 10 10 10 9 10 10 10 10 10 10 11 10 10 10 9 10 100 100 10 8 10 10 8 10 10 10 10 10 10 10 10 10 7 10 10 10 8 10 10 10 10 10 8 10 8 10 8 10 9 100 10 9 9 8 10 10 10 10 10 10 10 10 8 10 10 10 10 10 10 9 8 10 10 8 10 10 10 10 10 10 8 10 10 100 9 10 7 10 10 9 10 10 8 9 9 9 10 10 10 10 7 10 10 8 10 10 100 10 100 1 1 1 1 1 1 1 1 1 1 1 1 1 1 1 1 1 1 1 1 1 1 100 1 1 1 1 1 1 1 1 1 1 1 1 1 1 1 100 1 1 1 1 1 1 1 100 100 1 1 1 1 1 100 100 1 1 1 1 1 1 1 1 1 1 1 1 1 1 1 1 1 1 1 1 100 1 1 1 1 1 1 1 1 1 1 1 1 7 1 1 1 1 1 1 1 1 1 1 1 1 1 1 1 1 1 100 1 1 12 12 12 7 12 12 12 7 12 12 100 12 12 12 100 12 12 12 12 12 12 1 1 1 12 12 1 12 12 7 12 12 12 12 12 7 12 7 12 1 12 12 12 1 7 12 12 12 12 12 1 12 1 12 1 100 12 12 1 100 12 100 1 12 12 12 12 12 12 12 12 1 12 12 12 12 12 12 12 1 12 12 1 12 12 7 12 12 12 1 12 12 1 12 1 100 12 12 12 12 12 1 12 12 12 7 12 12 12 12 1 12 12 12 12 1 12 1 1 1 1 1 1 1 1 1 1 1 1 1 1 1 1 1 1 1 1 1 1 1 1 1 1 1 1 1 1 1 1 1 1 1 1 1 1 1 1 1 1 1 1 1 1 1 1 1 1 1 1 1 1 1 1 1 1 1 1 1 1 1 1 1 1 1 1 1 1 1 1 1 1 1 1 1 1 1 1 1 1 1 1 1 1 1 1 1 1 1 1 1 1 1 1 1 1 1 1 1 1 1 1 1 1 1
staticfield java/lang/invoke/MethodHandle FORM_OFFSET J 20
staticfield java/lang/invoke/MethodHandle $assertionsDisabled Z 1
instanceKlass java/lang/invoke/DirectMethodHandle$StaticAccessor
instanceKlass java/lang/invoke/DirectMethodHandle$Constructor
instanceKlass java/lang/invoke/DirectMethodHandle$Special
instanceKlass java/lang/invoke/DirectMethodHandle$Accessor
instanceKlass java/lang/invoke/DirectMethodHandle$Interface
ciInstanceKlass java/lang/invoke/DirectMethodHandle 1 1 712 100 7 7 10 10 10 100 10 10 10 10 10 7 7 10 10 10 10 10 10 10 9 100 10 9 10 10 10 10 10 10 7 10 10 10 10 7 10 7 10 7 10 10 10 7 10 10 7 10 10 10 10 10 10 10 10 8 10 10 10 10 10 9 7 10 10 10 7 10 8 10 10 10 10 10 10 10 10 10 10 10 10 10 10 10 10 10 10 10 8 8 8 8 8 8 8 8 8 8 8 10 10 7 9 7 10 100 10 10 10 10 7 9 10 9 9 9 10 7 10 9 10 10 8 10 10 10 10 9 9 10 10 7 7 7 9 10 10 10 10 9 10 100 10 100 10 10 9 9 10 9 10 10 10 10 10 9 10 10 10 10 9 9 10 10 9 9 9 9 10 9 9 10 10 9 10 9 10 10 7 10 10 10 10 10 8 8 8 9 10 7 10 10 9 9 9 9 9 9 8 8 8 8 10 10 9 9 100 1 7 1 1 1 1 1 1 100 1 1 1 1 7 1 1 1 1 1 1 1 1 1 1 1 1 1 1 1 1 1 1 1 1 1 1 1 1 100 100 100 100 1 1 1 1 1 1 1 1 1 1 100 1 1 1 1 1 1 1 1 1 1 1 1 1 1 100 100 100 1 1 1 1 1 1 1 1 1 1 1 1 100 100 1 1 1 1 7 1 1 1 1 1 1 1 1 1 1 1 1 1 1 1 1 1 1 100 100 1 1 1 1 1 7 1 1 1 1 12 12 12 1 12 12 12 12 12 1 1 12 12 12 12 12 12 12 12 1 12 12 12 12 12 12 12 1 7 12 12 12 12 1 12 1 12 1 12 12 12 1 12 12 1 12 12 12 12 100 12 100 12 12 12 12 12 12 7 12 1 12 7 12 12 1 1 12 12 12 12 12 12 12 12 12 12 12 12 7 12 12 12 12 12 1 1 1 1 1 1 1 1 1 1 1 12 12 1 12 1 12 1 7 12 12 12 12 1 12 12 12 12 12 12 1 12 12 7 12 12 1 12 12 12 12 12 12 7 12 12 1 1 1 12 12 12 12 12 12 12 1 12 1 12 12 12 12 12 12 12 12 12 12 12 12 12 7 12 12 7 12 12 12 12 12 12 12 12 12 12 12 12 12 12 12 12 12 12 12 1 12 12 7 12 12 12 1 1 1 7 12 1 12 12 12 12 12 12 12 12 1 1 1 1 12 12 12 12 1 1 1 1 1 1 1 1 1 1 1 1 1 1 1 1 1 1 1 1 1 1 1 1 1 1 1 1 1 1 1 1 1 1 1 1 1 1 1 1 1 1 1 1 1 1 1 1 1 1 1 1 1 1 1 1 1 1 1 1 1 1 1 1 1 1 1 1 1 1 1 1 1 1 1 1 1 1 1 1 1 1 1 1 1 1 1 1 1 1 1 1 1 1 1 1 1 1 100 1 1 1 1 1 1 1 1 1 1 1 1 1 1 1 1 1 1 1 1 1 1 1 1 1 1 1 1 1 1 1 1 1 1 1 1 1 1 1 1 1 1 1 1 1 1 1 1 1 1 1 1 1 1 1 1 1 1 1 1 1 1 1 1 1 1 1 1 1 1 1 1 1 1 1 1
staticfield java/lang/invoke/DirectMethodHandle IMPL_NAMES Ljava/lang/invoke/MemberName$Factory; java/lang/invoke/MemberName$Factory
staticfield java/lang/invoke/DirectMethodHandle ACCESSOR_FORMS [Ljava/lang/invoke/LambdaForm; 132 [Ljava/lang/invoke/LambdaForm;
staticfield java/lang/invoke/DirectMethodHandle $assertionsDisabled Z 1
ciInstanceKlass java/lang/invoke/MemberName 1 1 654 7 7 100 10 10 10 9 9 10 9 10 10 10 10 10 10 10 9 10 100 7 10 8 10 10 10 10 9 8 10 7 7 10 10 7 7 7 10 9 100 8 10 10 10 10 10 10 10 10 10 8 8 8 10 10 9 3 10 10 10 10 10 10 10 10 10 7 8 10 10 8 9 8 9 10 8 10 10 10 10 10 100 10 10 8 10 10 8 10 10 100 10 10 8 8 10 10 10 10 10 10 10 10 10 3 10 3 10 3 3 3 3 3 3 10 100 10 3 10 3 10 10 10 10 10 10 10 10 10 10 10 10 100 10 10 10 100 10 10 10 10 100 10 10 8 10 10 10 10 10 10 10 10 10 10 10 100 10 100 8 10 10 10 10 10 10 10 8 8 8 8 10 10 10 8 8 10 8 10 10 10 8 8 10 10 8 8 100 10 8 8 8 8 10 7 7 7 10 100 10 7 10 9 10 100 100 7 1 1 1 1 1 1 1 1 1 1 1 1 1 1 1 3 1 3 1 3 1 3 1 3 1 3 1 1 1 1 1 1 1 1 3 1 1 1 1 3 1 1 1 1 1 1 1 1 1 1 1 1 1 1 1 100 100 1 100 1 1 1 1 1 1 1 1 1 1 1 1 1 1 1 1 1 1 1 1 1 1 1 1 1 1 1 1 100 1 1 1 1 1 1 1 1 1 1 1 1 1 1 1 1 1 1 1 1 1 1 1 1 1 1 1 1 1 1 1 1 1 100 100 1 1 1 1 1 100 1 1 1 100 1 1 1 1 1 1 1 1 1 100 1 1 1 1 1 1 1 1 100 1 1 1 1 1 1 1 1 1 100 1 1 1 1 1 100 1 1 1 1 1 1 1 1 1 1 1 1 1 1 7 1 1 12 12 12 12 12 12 12 12 12 12 12 12 12 12 100 12 12 1 1 12 1 12 12 12 12 12 1 100 12 1 1 12 1 1 1 12 12 1 1 12 12 12 12 12 12 12 12 12 1 1 1 100 12 12 12 12 12 12 12 12 12 12 12 1 12 12 100 100 12 1 12 12 12 12 12 1 12 12 1 12 12 1 12 12 1 12 12 1 1 12 12 12 12 12 12 12 12 12 12 12 100 1 1 7 12 12 12 12 12 7 12 12 12 12 12 12 1 12 1 12 12 1 12 100 12 100 12 12 12 12 12 12 12 1 12 1 1 7 12 12 7 12 12 12 1 1 1 1 12 12 12 1 1 12 1 12 12 1 1 12 1 1 1 1 1 1 1 12 1 1 1 1 1 7 12 12 12 1 1 1 1 1 1 1 1 1 1 1 1 1 1 1 1 1 1 1 1 1 1 1 1 1 1 1 1 1 1 1 1 1 1 1 1 1 1 1 1 1 1 1 1 1 1 1 1 1 1 1 1 1 1 1 1 1 1 1 1 1 1 1 1 1 1 1 1 1 1 1 1 1 1 1 1 1 1 1 1 1 1 1 1
staticfield java/lang/invoke/MemberName $assertionsDisabled Z 1
ciInstanceKlass java/lang/invoke/MethodHandleNatives 1 1 442 100 10 9 10 100 10 10 10 10 8 8 8 8 8 8 8 8 8 8 7 10 7 10 10 100 10 10 8 10 8 10 8 10 9 8 10 100 10 100 100 8 7 7 10 10 7 9 10 10 10 7 10 10 10 10 100 10 9 8 10 8 10 8 8 8 100 8 10 10 10 10 10 100 10 10 8 8 10 10 10 8 10 8 8 9 10 10 10 100 100 10 10 10 100 100 10 10 100 10 10 100 100 10 10 10 10 100 10 10 10 10 10 10 10 8 8 100 10 100 10 10 10 10 7 10 10 10 9 10 10 10 1 1 1 1 1 1 1 1 1 1 1 1 1 1 1 1 100 1 1 1 1 1 1 1 1 1 1 1 1 1 1 1 1 1 1 1 1 1 1 1 1 1 1 1 1 1 1 1 1 1 1 1 100 100 100 1 1 100 100 100 100 1 1 100 1 1 100 1 1 1 1 1 1 1 1 1 1 1 1 1 100 100 100 100 1 1 1 100 100 1 1 1 1 1 1 1 1 1 12 12 12 1 12 12 12 1 1 1 1 1 1 1 1 1 1 1 12 1 12 100 12 1 12 1 12 1 12 1 12 100 12 1 100 12 1 12 1 1 1 1 1 12 1 7 12 12 12 7 12 1 12 7 12 12 12 1 100 12 12 1 12 1 12 1 1 1 1 1 12 12 12 12 12 1 12 12 1 1 12 12 1 100 12 1 1 7 12 12 12 12 1 1 12 1 1 1 1 1 100 12 12 1 12 7 12 12 12 12 12 1 1 1 12 1 12 12 12 12 1 12 12 12 12 7 12 12 12 1 1 1 1 1 1 1 1 1 1 1 1 1 1 1 1 1 1 1 1 1 1 1 1 1 1 1 1 1 1 1 1 1 1 1 1 1 1 1 1 1 1 1 1 1 1 1 1 1 1 1 1 1 1 1 100 1 1 1 1 1 1 1 1 1 1 1 1 1 1 1 1 1 1 1 1 1 1 1 1 1 1 1
staticfield java/lang/invoke/MethodHandleNatives COUNT_GWT Z 1
staticfield java/lang/invoke/MethodHandleNatives $assertionsDisabled Z 1
ciInstanceKlass java/lang/invoke/LambdaForm 1 1 986 7 100 9 10 10 9 9 10 100 10 9 10 9 10 7 9 10 9 9 9 10 7 10 10 10 10 10 10 10 9 10 8 10 10 10 10 7 10 10 8 10 10 10 100 8 10 10 10 10 10 7 10 7 10 10 9 9 10 10 100 10 10 10 10 10 10 10 10 10 10 8 10 10 8 8 9 9 9 10 10 10 9 10 10 10 10 10 10 10 10 8 8 8 8 8 8 8 8 10 9 10 10 10 10 10 10 10 7 10 10 9 10 10 10 10 10 10 8 10 100 100 10 10 10 10 11 11 11 7 10 10 10 10 7 10 8 10 10 8 10 10 10 7 10 8 10 9 10 10 8 8 10 10 8 8 8 10 10 9 10 8 8 9 10 10 8 8 8 100 8 100 8 100 8 10 8 10 9 10 10 9 10 10 10 10 10 10 10 10 10 10 8 100 10 10 9 10 8 8 100 8 8 9 8 8 8 10 8 8 8 10 10 8 8 8 10 8 10 8 8 8 8 8 10 10 10 10 10 10 10 10 10 10 10 10 10 10 10 10 10 10 10 9 8 10 11 11 9 9 9 9 9 10 10 8 10 8 9 7 10 100 10 7 10 9 10 10 10 10 9 10 10 9 10 9 10 9 7 9 9 10 100 10 10 10 10 9 100 1 100 1 100 1 1 1 7 1 1 1 1 1 1 1 1 1 1 1 1 1 1 1 1 1 1 1 1 1 3 1 3 1 3 1 1 1 3 1 1 1 7 1 1 1 1 1 1 1 1 1 1 1 1 1 1 1 1 1 1 1 1 100 100 100 1 1 1 1 1 1 100 1 1 1 1 1 1 1 100 100 100 100 1 1 1 1 1 1 1 1 1 1 1 1 1 1 1 1 1 1 1 1 1 1 1 1 1 1 1 1 1 1 1 100 1 1 1 1 100 1 100 100 1 1 1 1 1 1 1 1 1 100 1 1 1 1 1 1 1 100 1 1 1 1 1 1 1 1 1 1 1 1 100 1 1 1 1 1 1 1 1 1 1 1 1 1 1 1 1 1 100 1 1 1 1 100 1 1 1 100 1 1 1 1 1 1 1 1 1 1 1 1 1 1 1 1 1 1 1 1 1 1 1 100 100 100 1 1 1 1 1 1 1 1 1 1 1 1 1 1 1 1 1 1 1 1 1 1 1 1 1 1 100 1 1 12 12 12 12 12 12 1 12 12 12 7 12 12 12 12 12 12 12 1 12 12 100 12 100 12 12 12 12 12 12 1 12 12 12 7 12 1 12 1 12 12 12 1 1 12 12 12 12 12 1 12 1 12 12 12 12 12 12 1 12 12 12 12 12 12 100 12 12 1 12 12 1 1 12 12 12 12 7 12 12 12 7 12 12 12 12 12 12 12 1 1 1 1 1 1 1 1 12 12 12 12 12 12 12 12 12 1 12 12 12 12 12 12 12 7 12 12 1 1 7 12 12 12 7 12 7 12 12 1 12 12 12 12 1 12 1 12 12 1 12 12 1 12 1 12 12 12 12 1 1 12 12 1 1 1 12 12 100 12 12 1 1 12 12 12 1 1 1 1 1 1 1 1 1 12 1 12 7 12 12 12 12 12 12 12 12 12 12 12 12 1 1 12 12 12 12 1 1 1 1 1 12 1 1 1 100 12 1 1 1 12 12 1 1 1 12 1 12 1 1 1 1 1 12 12 12 7 12 12 12 12 12 12 12 12 12 12 12 12 12 12 12 12 1 12 12 12 12 12 12 12 12 12 12 1 12 1 12 1 12 1 12 1 12 12 12 12 12 12 12 7 12 12 12 12 12 12 12 12 1 12 12 12 1 1 1 1 1 1 1 1 1 1 1 1 1 1 1 1 1 1 1 1 1 1 1 1 1 1 1 1 1 1 1 1 1 1 1 1 1 1 1 1 1 1 1 1 1 1 1 1 1 1 1 1 1 1 1 1 1 1 1 1 1 1 1 1 1 1 1 1 1 1 1 1 1 1 1 1 1 1 1 1 1 1 1 1 1 1 1 1 1 1 1 1 1 1 1 1 1 1 1 1 1 1 1 1 1 1 1 1 1 1 1 1 1 1 1 1 1 1 1 1 1 1 1 1 1 1 1 1 1 1 1 1 1 1 1 1 1 1 1 1 1 1 1 1 1 1 1 1 1 1 1 1 1 1 1 1 1 1 1 1 1 1 1 1 1 1 1 1 1 1 1 1 1 1 1 1 1 1
staticfield java/lang/invoke/LambdaForm COMPILE_THRESHOLD I 0
staticfield java/lang/invoke/LambdaForm INTERNED_ARGUMENTS [[Ljava/lang/invoke/LambdaForm$Name; 5 [[Ljava/lang/invoke/LambdaForm$Name;
staticfield java/lang/invoke/LambdaForm IMPL_NAMES Ljava/lang/invoke/MemberName$Factory; java/lang/invoke/MemberName$Factory
staticfield java/lang/invoke/LambdaForm LF_identityForm [Ljava/lang/invoke/LambdaForm; 6 [Ljava/lang/invoke/LambdaForm;
staticfield java/lang/invoke/LambdaForm LF_zeroForm [Ljava/lang/invoke/LambdaForm; 6 [Ljava/lang/invoke/LambdaForm;
staticfield java/lang/invoke/LambdaForm NF_identity [Ljava/lang/invoke/LambdaForm$NamedFunction; 6 [Ljava/lang/invoke/LambdaForm$NamedFunction;
staticfield java/lang/invoke/LambdaForm NF_zero [Ljava/lang/invoke/LambdaForm$NamedFunction; 6 [Ljava/lang/invoke/LambdaForm$NamedFunction;
staticfield java/lang/invoke/LambdaForm DEBUG_NAME_COUNTERS Ljava/util/HashMap; null
staticfield java/lang/invoke/LambdaForm TRACE_INTERPRETER Z 0
staticfield java/lang/invoke/LambdaForm $assertionsDisabled Z 1
ciInstanceKlass java/lang/invoke/MethodType 1 1 610 7 10 10 10 9 10 7 9 9 10 9 8 10 10 9 9 10 7 10 8 10 10 10 100 8 10 100 10 10 10 10 11 9 11 7 10 9 10 10 10 10 10 9 7 10 7 10 10 10 10 10 10 10 10 10 10 8 8 10 9 100 10 10 10 10 10 10 10 10 10 8 10 10 10 10 10 11 10 10 10 10 10 7 10 10 10 10 9 7 10 10 10 10 10 10 10 10 8 8 10 8 10 10 9 10 10 10 10 10 10 10 10 10 10 10 10 9 7 10 10 10 10 10 8 10 11 9 10 10 10 10 10 10 10 10 10 9 9 10 9 10 7 10 7 9 8 10 10 8 100 100 10 100 1 1 1 1 1 5 0 1 1 1 1 1 1 1 1 1 1 1 1 1 1 1 1 1 1 1 3 1 3 1 3 1 1 1 1 1 1 1 1 1 1 1 1 1 1 1 1 1 100 100 1 1 1 1 1 1 1 1 1 1 1 1 1 1 1 1 1 1 1 1 1 1 1 1 1 1 1 1 1 1 1 1 1 1 1 1 1 1 1 1 1 1 1 1 1 1 1 1 1 1 1 1 1 1 1 1 1 1 1 1 1 1 1 1 1 1 1 1 1 1 1 1 1 1 1 1 1 1 1 1 1 1 1 1 1 1 1 1 1 1 1 1 1 1 1 1 1 1 100 1 1 1 1 100 1 1 1 1 1 1 1 100 1 1 100 1 1 1 1 1 1 100 100 1 100 1 1 1 1 1 100 1 1 100 1 1 1 1 1 100 1 1 100 1 1 1 12 12 12 12 7 12 12 12 7 12 7 12 1 7 12 12 7 7 12 1 1 12 12 12 1 1 12 1 12 12 12 7 12 12 12 1 7 12 12 12 12 12 12 12 12 1 12 1 12 12 100 12 12 12 12 12 12 12 12 1 1 12 12 1 12 12 12 12 100 12 12 12 1 12 12 7 12 12 12 12 12 12 12 12 12 1 12 12 12 12 1 12 7 12 12 7 12 12 12 1 1 12 1 100 12 12 12 12 12 12 12 12 12 100 12 12 12 12 12 12 1 12 12 12 7 12 12 1 7 12 12 12 12 12 100 12 12 12 12 100 12 12 100 12 12 7 12 12 12 1 1 12 12 12 1 1 12 1 1 1 1 1 1 1 1 1 1 1 1 1 1 1 1 1 1 1 1 1 1 1 1 1 1 1 1 1 1 1 1 1 1 1 1 1 1 1 1 1 1 1 1 1 1 1 1 1 1 1 1 1 1 1 1 1 1 1 1 1 1 1 1 1 1 1 1 1 1 1 1 1 1 1 1 1 1 1 1 1 1 1 1 1 1 1 1 1 1 1 1 1 1 1 1 1 1 1 1 1 1 1
staticfield java/lang/invoke/MethodType internTable Ljava/lang/invoke/MethodType$ConcurrentWeakInternSet; java/lang/invoke/MethodType$ConcurrentWeakInternSet
staticfield java/lang/invoke/MethodType NO_PTYPES [Ljava/lang/Class; 0 [Ljava/lang/Class;
staticfield java/lang/invoke/MethodType objectOnlyTypes [Ljava/lang/invoke/MethodType; 20 [Ljava/lang/invoke/MethodType;
staticfield java/lang/invoke/MethodType serialPersistentFields [Ljava/io/ObjectStreamField; 0 [Ljava/io/ObjectStreamField;
staticfield java/lang/invoke/MethodType rtypeOffset J 12
staticfield java/lang/invoke/MethodType ptypesOffset J 16
staticfield java/lang/invoke/MethodType $assertionsDisabled Z 1
ciInstanceKlass java/lang/BootstrapMethodError 0 0 39 10 10 10 10 10 100 100 1 1 1 5 0 1 1 1 1 1 1 1 1 100 100 1 1 12 12 12 100 12 12 1 1 1 1 1 1 1 1
instanceKlass java/lang/invoke/VolatileCallSite
instanceKlass java/lang/invoke/MutableCallSite
instanceKlass java/lang/invoke/ConstantCallSite
ciInstanceKlass java/lang/invoke/CallSite 1 1 322 10 10 9 10 10 100 7 10 7 10 10 10 100 100 10 10 10 8 10 10 10 9 10 10 10 10 100 8 10 10 10 100 10 9 10 10 10 10 9 9 10 10 9 10 10 10 10 10 10 7 10 10 10 10 10 10 7 100 8 10 10 10 10 10 7 100 8 10 10 100 8 10 7 10 10 10 8 10 10 8 10 10 100 10 8 10 10 100 100 10 1 1 1 1 1 1 1 1 1 1 1 1 1 1 1 1 1 1 1 1 1 100 1 1 1 1 1 1 1 1 100 1 1 1 1 1 100 100 100 100 100 100 100 1 1 1 1 1 1 1 1 100 100 1 1 12 12 12 12 12 1 1 12 1 12 12 12 1 1 100 12 12 1 12 12 12 12 12 100 12 12 1 1 12 12 1 12 12 12 12 12 100 12 7 12 12 7 12 12 7 12 12 12 12 12 7 12 12 1 12 12 12 12 12 12 1 1 1 12 12 100 12 12 1 1 1 12 1 1 12 1 12 12 7 12 12 12 12 12 1 12 12 12 1 1 12 1 1 1 1 1 1 1 1 1 1 1 1 1 1 1 1 1 1 1 1 1 1 1 1 1 1 1 1 1 1 1 1 1 1 1 1 1 1 1 1 1 1 1 1 1 1 1 1 1 1 1 1 1 1 1 1 1 1 1 1 1 1 1 1 1 1 1 1 1 1 1 1 1 1 1 1 1 1 1 1 1 1 1 1 1
staticfield java/lang/invoke/CallSite GET_TARGET Ljava/lang/invoke/MethodHandle; java/lang/invoke/DirectMethodHandle
staticfield java/lang/invoke/CallSite THROW_UCS Ljava/lang/invoke/MethodHandle; java/lang/invoke/MethodHandleImpl$AsVarargsCollector
staticfield java/lang/invoke/CallSite TARGET_OFFSET J 12
ciInstanceKlass java/lang/invoke/ConstantCallSite 1 1 42 10 9 10 100 10 9 100 10 10 7 7 1 1 1 1 1 1 1 1 100 1 1 1 1 1 1 1 12 12 12 1 12 12 1 12 1 1 1 1 1 1
ciInstanceKlass java/lang/invoke/MutableCallSite 0 0 57 10 10 9 10 10 10 9 10 10 100 10 100 100 1 1 1 1 1 1 1 1 1 1 1 1 1 1 1 1 1 1 12 12 12 12 12 12 12 12 100 12 1 12 1 1 1 1 1 1 1 1 1 1 1 1 1
ciInstanceKlass java/lang/invoke/VolatileCallSite 0 0 33 10 10 10 10 10 10 100 100 1 1 1 1 1 1 1 1 1 1 1 12 12 12 12 12 12 1 1 1 1 1 1 1
instanceKlass java/lang/StringBuilder
instanceKlass java/lang/StringBuffer
ciInstanceKlass java/lang/AbstractStringBuilder 1 1 318 7 10 9 9 10 10 10 7 3 10 3 100 10 100 10 10 10 10 100 10 10 10 8 10 10 10 10 10 10 10 10 10 10 10 7 10 11 10 8 100 10 8 10 10 8 8 10 10 11 3 8 10 10 7 5 0 8 10 10 10 10 10 10 10 10 100 10 8 8 10 10 10 8 8 8 10 10 8 10 10 10 10 10 10 10 10 10 10 10 10 10 10 10 7 100 7 1 1 1 1 1 1 1 1 1 1 1 1 1 1 1 1 1 1 1 1 1 1 1 1 1 1 1 1 1 1 1 1 1 1 1 1 1 1 1 1 1 1 1 1 1 1 1 1 1 1 1 1 1 1 1 1 1 1 1 1 1 1 1 1 1 1 1 1 1 1 1 1 1 1 1 1 1 1 1 1 1 1 1 1 1 100 1 1 1 1 1 12 12 12 12 12 7 12 1 12 1 1 12 12 100 12 12 1 12 12 1 12 7 12 12 12 12 12 12 100 1 12 12 1 1 1 12 12 1 1 12 12 1 12 12 1 1 12 12 100 12 12 12 12 12 1 1 1 12 12 12 1 1 1 12 12 1 12 12 12 12 12 12 12 12 12 12 12 12 12 12 12 1 1 1 1 1 1 1 1 1 1 1 1 1 1 1 1 1 1 1 1 1 1 1 1 1 1 1 1 1 1 1 1 1 1 1 1 1 1 1 1 1 1 1 1 1 1 1 1 1
ciInstanceKlass java/lang/StringBuffer 1 1 371 10 10 10 11 10 10 9 9 10 10 9 10 100 10 10 10 10 10 10 10 10 10 10 10 10 10 10 10 10 10 10 10 10 10 10 10 10 10 10 10 10 10 10 10 10 10 10 10 10 10 10 10 10 10 10 10 7 10 10 8 10 8 10 8 10 10 10 10 7 10 10 10 10 10 10 10 10 10 10 10 10 10 10 10 10 10 10 10 10 10 10 10 10 10 10 10 10 10 10 7 10 9 9 9 7 7 100 100 1 1 1 1 1 5 0 1 1 1 1 1 1 1 1 1 1 1 1 1 1 1 1 1 1 1 1 1 1 1 1 1 1 1 1 1 1 1 1 1 1 1 1 1 1 1 1 1 1 1 1 1 1 1 1 1 1 1 1 1 1 1 1 1 1 1 1 1 1 1 1 1 1 1 1 1 1 1 1 1 1 1 1 1 100 1 1 100 1 1 1 1 1 1 1 1 1 1 1 1 1 1 1 1 1 1 1 1 1 1 1 1 1 1 1 1 1 1 1 1 1 1 12 12 12 12 12 12 12 12 12 12 1 12 12 12 12 12 12 12 12 12 12 12 12 12 12 12 12 12 12 12 12 12 12 12 12 12 12 12 12 12 12 12 12 12 12 12 12 12 12 12 7 12 1 12 100 12 1 100 12 1 12 1 12 12 100 12 100 12 12 12 12 12 12 12 12 12 12 12 12 12 12 12 12 12 12 12 12 12 12 12 12 12 12 12 12 12 12 12 1 12 7 12 7 12 1 1 1 1 1 1 1 1 1 1 1 1 1 1 1 1 1 1 1 1 1 1 1 1 1 1 1 1 1 1 1 1 1 1 1 1
staticfield java/lang/StringBuffer serialPersistentFields [Ljava/io/ObjectStreamField; 3 [Ljava/io/ObjectStreamField;
ciInstanceKlass java/lang/StringBuilder 1 1 326 10 10 10 11 10 10 10 10 10 10 10 10 10 10 10 10 10 10 10 10 10 10 10 10 10 10 10 10 10 10 10 10 10 10 10 10 10 10 10 10 7 9 9 10 10 10 10 10 10 10 100 10 10 10 10 10 10 10 10 10 10 10 10 10 10 10 10 10 10 10 10 10 10 10 10 10 10 10 10 10 10 10 10 10 10 10 10 10 10 10 10 10 10 10 7 7 100 100 1 1 1 5 0 1 1 1 1 1 1 1 1 1 1 1 1 1 1 1 1 1 1 1 1 1 1 1 1 1 1 1 1 1 1 1 1 1 1 1 1 1 1 1 1 1 1 1 1 1 1 1 1 1 1 100 1 1 100 1 1 1 1 1 1 1 1 1 1 1 1 1 1 1 1 1 1 1 1 1 1 1 1 1 1 1 1 1 1 1 1 1 1 1 1 1 1 1 1 1 1 1 1 1 1 1 1 1 1 1 1 1 1 1 12 12 12 12 12 12 12 12 12 12 12 12 12 12 12 12 12 12 12 12 12 12 12 12 12 12 12 12 12 12 12 12 12 12 12 12 12 12 1 12 12 12 100 12 12 12 100 12 12 12 1 12 12 12 12 12 12 12 12 12 12 12 12 12 12 12 12 12 12 12 12 12 12 12 12 12 12 12 12 12 12 12 12 12 12 12 12 12 12 12 12 12 12 1 1 1 1 1 1 1 1 1 1 1 1 1 1 1 1 1 1 1 1
ciInstanceKlass sun/misc/Unsafe 1 1 390 10 10 10 10 100 8 10 9 10 10 10 10 10 10 10 10 10 10 10 10 10 10 10 10 10 10 10 10 10 10 10 10 10 10 10 10 10 10 10 10 100 10 10 7 7 8 10 10 7 10 9 7 9 7 9 7 9 7 9 7 9 7 9 7 9 7 9 10 9 9 9 9 9 9 9 9 9 10 9 7 1 1 1 1 1 3 1 1 1 1 1 1 1 1 1 1 1 1 1 1 1 1 1 1 1 1 1 1 1 1 1 1 1 100 1 1 1 1 1 1 1 1 1 1 1 1 1 1 1 1 1 1 1 1 1 1 1 1 1 1 1 1 1 1 1 1 1 1 1 1 1 1 1 1 1 1 1 1 1 1 1 1 1 1 1 1 1 1 1 1 1 1 1 1 1 1 1 1 1 1 1 1 1 1 1 1 1 1 1 1 1 1 1 1 1 1 1 1 1 1 1 1 1 100 1 1 1 1 1 1 1 1 1 1 1 1 1 1 1 1 1 1 1 1 1 1 1 1 1 1 1 100 1 1 1 1 1 1 1 1 1 1 1 1 1 1 1 1 1 1 1 1 1 1 1 1 1 1 1 1 1 1 1 1 1 1 1 1 1 1 1 1 1 1 1 1 1 1 1 1 1 1 1 1 1 1 12 7 12 7 12 7 12 1 1 12 12 12 12 12 12 12 12 12 12 12 12 12 12 12 12 12 12 12 12 12 12 100 12 100 12 12 12 12 12 12 12 12 12 12 12 1 12 1 1 12 1 12 12 1 12 1 12 1 12 1 12 1 12 1 12 1 12 1 12 12 12 12 12 12 12 12 12 12 12 12 12 1 1 1 1 1 1 1 1 1 1 1 1 1 1 1 1 1 1 1 1 1 1
staticfield sun/misc/Unsafe theUnsafe Lsun/misc/Unsafe; sun/misc/Unsafe
staticfield sun/misc/Unsafe ARRAY_BOOLEAN_BASE_OFFSET I 16
staticfield sun/misc/Unsafe ARRAY_BYTE_BASE_OFFSET I 16
staticfield sun/misc/Unsafe ARRAY_SHORT_BASE_OFFSET I 16
staticfield sun/misc/Unsafe ARRAY_CHAR_BASE_OFFSET I 16
staticfield sun/misc/Unsafe ARRAY_INT_BASE_OFFSET I 16
staticfield sun/misc/Unsafe ARRAY_LONG_BASE_OFFSET I 16
staticfield sun/misc/Unsafe ARRAY_FLOAT_BASE_OFFSET I 16
staticfield sun/misc/Unsafe ARRAY_DOUBLE_BASE_OFFSET I 16
staticfield sun/misc/Unsafe ARRAY_OBJECT_BASE_OFFSET I 16
staticfield sun/misc/Unsafe ARRAY_BOOLEAN_INDEX_SCALE I 1
staticfield sun/misc/Unsafe ARRAY_BYTE_INDEX_SCALE I 1
staticfield sun/misc/Unsafe ARRAY_SHORT_INDEX_SCALE I 2
staticfield sun/misc/Unsafe ARRAY_CHAR_INDEX_SCALE I 2
staticfield sun/misc/Unsafe ARRAY_INT_INDEX_SCALE I 4
staticfield sun/misc/Unsafe ARRAY_LONG_INDEX_SCALE I 8
staticfield sun/misc/Unsafe ARRAY_FLOAT_INDEX_SCALE I 4
staticfield sun/misc/Unsafe ARRAY_DOUBLE_INDEX_SCALE I 8
staticfield sun/misc/Unsafe ARRAY_OBJECT_INDEX_SCALE I 4
staticfield sun/misc/Unsafe ADDRESS_SIZE I 8
instanceKlass org/apache/xerces/impl/XMLEntityManager$RewindableInputStream
instanceKlass sun/java2d/cmm/ProfileDeferralInfo
instanceKlass java/io/ObjectInputStream
instanceKlass java/util/zip/ZipFile$ZipFileInputStream
instanceKlass java/io/FilterInputStream
instanceKlass java/io/FileInputStream
instanceKlass java/io/ByteArrayInputStream
ciInstanceKlass java/io/InputStream 1 1 63 10 10 100 10 100 10 10 100 100 5 0 10 8 10 7 100 1 1 1 3 1 1 1 1 1 1 1 1 1 1 100 1 1 100 100 1 1 1 1 1 1 1 1 1 12 12 1 1 12 1 1 100 12 1 12 1 1 1 1 1 1 1
ciInstanceKlass java/io/ByteArrayInputStream 1 1 62 10 9 9 9 9 10 100 10 100 10 10 7 7 1 1 1 1 1 1 1 1 1 1 1 1 1 1 1 1 1 1 1 1 1 1 1 1 1 100 1 1 12 12 12 12 12 7 12 1 1 7 12 1 1 1 1 1 1 1 1 1
ciInstanceKlass java/io/File 1 1 593 9 9 10 9 9 9 10 9 100 10 8 10 9 10 100 10 10 10 10 10 100 8 10 10 8 10 8 10 8 10 8 10 8 10 8 10 8 10 9 10 10 10 10 10 10 7 10 10 10 10 10 100 8 10 10 10 8 10 7 10 10 10 10 100 10 100 10 10 10 10 10 8 7 10 100 100 10 10 10 7 10 10 10 10 10 10 10 10 10 10 10 7 10 11 11 11 7 11 7 10 10 10 10 100 11 10 10 10 10 10 10 10 8 10 10 10 10 10 10 10 10 100 8 10 10 10 8 8 10 10 100 8 10 10 10 10 10 10 10 10 8 10 10 9 9 10 9 10 9 10 10 10 10 10 10 9 10 9 9 10 10 10 8 100 7 100 100 100 1 1 7 1 1 1 1 1 1 1 1 1 1 1 1 1 1 1 1 1 1 1 1 1 5 0 1 1 1 1 1 1 1 1 1 100 100 1 1 1 1 1 100 1 1 1 1 100 1 1 1 1 1 1 1 1 1 1 1 1 1 1 1 1 1 1 1 1 1 100 1 100 1 1 1 1 1 1 1 1 1 1 1 1 1 1 1 100 1 1 1 100 100 1 100 1 1 100 1 1 1 1 1 1 1 1 1 1 1 1 1 1 1 1 1 100 1 1 1 1 1 1 1 1 1 1 1 100 100 1 1 100 100 100 1 1 100 1 1 1 1 12 12 12 12 12 12 12 12 1 1 12 12 12 1 12 12 12 12 1 1 12 12 1 12 1 12 1 12 1 12 1 12 1 12 1 12 12 12 12 12 12 12 12 1 12 12 12 12 12 1 1 12 12 1 12 1 12 12 12 1 1 12 12 12 12 1 1 12 1 1 12 7 12 100 12 1 12 12 12 12 12 12 12 12 100 12 12 12 1 7 12 7 12 12 1 12 1 12 1 100 12 12 12 12 12 12 12 12 1 12 12 12 12 12 12 12 12 1 1 12 12 1 1 12 12 1 1 12 12 12 12 100 12 12 100 12 100 12 12 12 12 7 12 12 12 12 100 12 100 12 7 12 7 12 12 12 12 12 12 12 12 12 12 1 1 1 1 1 1 1 1 1 1 1 1 1 1 1 1 1 1 1 1 1 1 1 1 1 1 1 1 1 1 1 1 1 1 1 1 1 1 1 1 1 1 1 1 1 1 1 1 1 1 1 1 1 1 1 1 1 1 1 1 1 1 1 1 1 1 1 1 1 1 1 1 1 1 1 1 1 1 1 1 1 1 1 1 1 1 1 1 1 1 1 1 1 1 1 1 1 1 1 1 1 1 1 1 1 1 1 1 1 1 1 1 1 1 1 1 1 1 1 1
staticfield java/io/File fs Ljava/io/FileSystem; java/io/WinNTFileSystem
staticfield java/io/File separatorChar C 92
staticfield java/io/File separator Ljava/lang/String; "\"
staticfield java/io/File pathSeparatorChar C 59
staticfield java/io/File pathSeparator Ljava/lang/String; ";"
staticfield java/io/File PATH_OFFSET J 16
staticfield java/io/File PREFIX_LENGTH_OFFSET J 12
staticfield java/io/File UNSAFE Lsun/misc/Unsafe; sun/misc/Unsafe
staticfield java/io/File $assertionsDisabled Z 1
instanceKlass sun/misc/Launcher$ExtClassLoader
instanceKlass sun/misc/Launcher$AppClassLoader
ciInstanceKlass java/net/URLClassLoader 1 1 550 9 10 9 10 7 10 9 10 10 10 7 10 10 10 10 10 10 7 10 10 10 100 100 100 8 10 10 10 10 11 11 11 100 11 11 10 11 11 11 10 10 10 7 10 10 7 100 10 7 10 10 10 10 100 100 10 8 10 8 10 10 10 8 8 10 10 10 100 100 8 10 10 10 10 10 10 10 10 10 7 10 10 10 10 10 10 10 10 8 10 11 9 10 9 9 9 9 9 9 10 8 10 7 10 10 7 10 10 7 10 10 10 10 7 10 9 10 8 100 8 10 10 8 10 10 9 10 10 10 10 100 8 10 100 10 10 100 10 10 7 100 10 7 10 10 10 7 1 1 1 1 1 1 1 1 1 1 1 1 1 1 100 100 100 100 1 100 1 1 1 100 1 1 100 100 100 100 100 100 100 100 100 1 1 100 100 100 100 1 1 1 1 1 1 1 100 100 1 1 1 100 1 1 100 1 1 100 1 1 100 100 1 1 1 1 1 1 1 1 1 100 100 100 1 1 1 1 1 1 1 1 1 1 1 1 12 12 12 12 1 12 12 7 12 100 12 7 12 1 12 12 12 12 7 12 1 12 12 12 1 1 1 1 12 12 12 12 100 12 100 12 12 1 12 100 12 12 12 12 12 12 12 1 12 12 1 1 12 1 12 7 12 12 1 1 1 12 1 12 12 1 1 12 12 12 1 1 1 12 12 7 12 7 12 12 12 12 12 12 1 12 7 12 12 12 12 12 7 12 12 1 12 7 12 7 12 7 12 12 12 12 12 12 12 7 12 1 12 1 12 1 12 12 1 12 12 12 12 1 7 12 7 12 12 1 1 1 12 12 1 12 12 12 100 12 12 12 12 1 1 1 12 7 12 1 12 12 1 1 1 12 7 12 1 1 1 1 1 1 1 1 1 1 1 1 1 1 1 1 1 1 1 1 1 1 1 1 1 1 1 1 1 1 1 1 1 1 1 1 1 1 1 1 1 1 1 1 1 1 1 1 1 1 1 1 1 1 1 1 1 1 1 1 1 1 1 1 1 1 1 1 1 1 1 1 1 1 1 1 1 1 1 1 1 1 1 1 1 1 1 1 1 1 1 1 1 1 1 1 1 1 1 1 1 1 1 1 1 1 1 1 1 1 1 1 1 1 1 1 1 1 1 1 1 1 1 1 1 1 1 1 1 1 1 1 1 1 1 1 1 1 1 1 1 1 1 1 1 1 1 1 1 1 1 1 1 1 1 1
ciInstanceKlass java/net/URL 1 1 566 10 10 10 9 9 10 10 10 9 10 8 10 7 10 10 8 10 9 100 8 10 10 8 9 7 10 10 9 10 9 8 9 10 9 10 8 9 10 10 10 10 8 10 10 10 10 8 9 8 10 10 100 10 10 10 10 9 10 9 10 10 10 7 10 10 10 10 10 100 10 10 10 100 8 10 9 10 10 9 10 100 10 10 10 10 10 10 10 10 10 10 10 9 9 100 8 10 10 9 10 10 7 11 7 8 8 10 10 7 8 8 7 10 10 10 10 8 8 10 100 10 10 10 10 10 10 8 10 100 10 8 8 10 8 8 8 8 100 10 9 10 10 10 10 10 10 10 10 10 10 10 10 10 10 10 100 8 10 10 10 7 10 7 7 10 9 9 100 1 1 1 1 1 5 0 1 1 1 1 1 1 1 1 1 1 1 1 1 1 1 1 1 1 1 1 1 1 1 1 1 1 1 1 1 1 1 1 1 1 1 1 100 100 100 100 1 1 1 100 100 1 1 1 1 1 1 100 100 1 1 1 1 1 1 1 1 1 1 1 1 1 1 1 1 1 1 1 1 1 100 1 1 1 100 100 100 1 1 1 1 1 1 1 100 1 1 100 100 100 1 1 1 1 100 100 1 100 1 1 1 1 1 1 1 1 1 1 1 1 12 12 12 12 12 7 12 12 12 12 12 1 12 1 12 1 12 12 1 1 12 12 1 12 1 12 12 12 12 1 12 12 12 12 1 12 12 12 12 12 1 12 12 12 12 1 12 1 12 12 1 12 12 7 12 12 100 12 100 12 12 12 12 12 1 12 12 12 12 12 1 12 1 1 100 12 100 12 12 100 12 12 1 12 12 12 12 12 100 12 12 12 7 12 12 12 12 12 1 1 12 12 12 12 1 100 12 1 1 1 12 7 12 1 1 1 1 12 12 12 1 1 7 12 1 100 12 12 12 12 100 12 100 12 100 12 1 12 1 12 12 12 12 12 12 12 12 12 12 12 12 12 12 1 1 12 1 1 1 12 7 12 12 1 1 1 1 1 1 1 1 1 1 1 1 1 1 1 1 1 1 1 1 1 1 1 1 1 1 1 1 1 1 1 1 1 1 1 1 1 1 1 1 1 1 1 1 1 1 1 1 1 1 1 1 1 1 1 1 1 1 1 1 1 1 1 1 1 1 1 1 1 1 1 1 1 1 1 1 1 1 1 1 1 1 1 1 1 1 1 1 1 1 1 1 1 1 1 1 1 1 1 1 1 1 1 1 1 1 1 1 1 1 1 1 1
staticfield java/net/URL serialPersistentFields [Ljava/io/ObjectStreamField; 7 [Ljava/io/ObjectStreamField;
ciInstanceKlass java/util/jar/Manifest 1 1 265 10 7 10 9 7 10 9 9 10 10 10 10 10 11 11 10 10 100 100 10 8 10 10 10 10 11 100 10 10 11 11 11 11 100 100 8 10 11 7 8 10 10 10 8 10 10 10 11 10 10 10 8 10 7 10 10 10 100 8 10 10 8 10 10 10 10 11 10 10 10 100 7 10 11 10 11 10 7 100 1 1 1 1 1 1 1 1 1 1 1 1 1 1 1 1 1 1 1 1 1 1 1 1 1 1 1 100 1 1 1 100 100 100 100 100 1 1 1 100 100 100 100 1 1 100 1 1 1 1 1 1 1 1 1 1 12 1 12 1 12 12 12 12 12 12 12 7 12 12 100 12 1 1 1 12 12 12 12 1 12 12 12 100 12 100 12 12 1 1 1 1 12 1 1 12 12 12 1 12 12 12 12 12 12 1 12 1 12 12 12 1 1 12 1 12 7 12 12 12 12 12 7 12 12 1 1 12 12 12 1 1 1 1 1 1 1 1 1 1 1 1 1 1 1 1 1 1 1 1 1 1 1 1 1 1 1 1 1 1 1 1 1 1 1 1 1 1 1 1 1 1 1 1 1 1 1 1 1 1 1 1 1 1 1
ciInstanceKlass sun/misc/Launcher 1 1 228 9 10 10 9 9 10 10 100 100 8 10 10 9 8 10 10 8 10 8 10 8 100 10 10 10 100 100 100 100 10 100 10 8 10 10 10 9 7 10 9 10 7 10 10 8 10 10 10 10 10 100 10 7 10 7 10 8 7 100 1 1 7 1 7 1 7 1 1 1 1 1 1 1 1 1 1 1 1 1 1 1 1 1 1 100 100 100 100 100 100 100 100 100 1 1 1 1 1 1 100 1 1 100 1 1 100 1 1 1 1 1 1 1 1 1 12 12 12 12 12 12 12 1 1 1 12 12 12 1 7 12 12 1 7 12 1 7 12 1 1 100 12 100 12 1 1 1 1 12 1 1 12 12 12 12 1 12 12 12 1 12 1 12 12 12 12 7 12 1 12 1 12 1 1 1 1 1 1 1 1 1 1 1 1 1 1 1 1 1 1 1 1 1 1 1 1 1 1 1 1 1 1 1 1 1 1 1 1 1 1 1 1 1 1 1 1 1 1 1 1 1 1 1 1 1 1 1
ciInstanceKlass sun/misc/Launcher$AppClassLoader 1 1 203 8 10 100 10 7 10 10 7 10 10 10 11 9 10 10 10 10 10 10 10 10 100 10 10 10 7 8 10 10 9 10 100 10 10 10 10 100 10 100 100 10 100 10 10 100 10 7 10 10 7 7 1 1 1 1 1 1 1 1 1 1 1 100 100 1 100 1 1 1 1 100 1 1 1 1 1 1 1 1 100 1 1 1 1 1 7 12 1 12 1 12 7 12 1 12 12 7 12 7 12 12 7 12 7 12 12 12 100 12 12 12 12 1 12 12 12 1 1 7 12 12 100 12 1 12 12 12 1 12 1 1 12 1 12 12 1 12 1 7 12 12 1 1 1 1 1 1 1 1 1 1 1 1 1 1 1 1 1 1 1 1 1 1 1 1 1 1 1 1 1 1 1 1 1 1 1 1 1 1 1 1 1 1 1 1 1 1 1 1 1 1 1 1 1 1 1 1 1 1 1 1 1
staticfield sun/misc/Launcher$AppClassLoader $assertionsDisabled Z 1
ciInstanceKlass sun/misc/Launcher$ExtClassLoader 1 1 243 10 9 7 10 7 10 10 100 10 100 10 10 10 10 10 11 10 8 10 7 9 10 10 7 10 10 7 10 10 8 10 10 10 10 10 7 10 10 10 10 100 10 11 10 10 8 10 10 10 100 10 100 100 10 100 10 10 100 10 10 7 1 1 1 1 1 1 1 1 1 100 100 1 1 100 1 1 1 1 1 1 100 100 100 1 1 100 100 1 1 100 100 100 100 1 1 1 1 1 1 1 12 12 7 1 12 1 12 7 12 1 12 1 12 12 12 12 7 12 7 12 7 12 1 7 12 1 12 12 12 1 12 12 1 12 1 7 12 12 12 12 12 1 12 12 12 12 1 100 12 100 12 12 1 100 12 12 12 1 12 1 1 12 1 12 12 1 12 7 12 1 1 1 1 1 1 1 1 1 1 1 1 1 1 1 1 1 1 1 1 1 1 1 1 1 1 1 1 1 1 1 1 1 1 1 1 1 1 1 1 1 1 1 1 1 1 1 1 1 1 1 1 1 1 1 1 1 1 1 1 1 1 1 1 1 1 1 1 1 1 1 1
ciInstanceKlass java/security/CodeSource 1 1 351 10 9 9 9 9 10 100 10 100 10 7 10 10 10 100 10 10 10 10 10 100 10 10 10 10 10 10 10 10 10 10 10 10 10 8 10 10 10 10 8 10 10 100 10 10 8 10 10 10 8 8 9 100 8 10 10 8 10 8 8 8 10 10 10 10 10 10 100 100 10 10 10 10 10 100 10 10 8 10 10 10 100 10 100 100 8 8 10 10 10 100 10 10 11 10 10 11 10 10 8 100 10 10 100 10 11 11 7 100 1 1 1 5 0 1 1 1 1 1 1 1 1 1 1 1 1 1 1 1 100 100 1 1 1 1 1 1 1 1 1 100 1 1 1 1 1 1 1 100 1 1 100 1 1 100 100 100 1 1 1 100 100 100 100 100 100 100 100 1 1 1 1 12 12 12 12 12 100 12 100 7 12 1 12 12 100 1 12 100 12 12 12 1 12 100 100 12 100 12 12 100 12 12 12 12 1 12 12 12 12 1 12 1 12 1 12 12 12 1 1 12 1 1 12 12 1 12 1 1 1 100 12 12 12 12 12 12 1 1 12 12 12 100 12 12 1 12 1 12 12 12 1 12 1 1 1 1 12 100 12 1 12 12 100 12 12 12 100 1 1 12 12 1 12 12 1 1 1 1 1 1 1 1 1 1 1 1 1 1 1 1 1 1 1 1 1 1 1 1 1 1 1 1 1 1 1 1 1 1 1 1 1 1 1 1 1 1 1 1 1 1 1 1 1 1 1 1 1 1 1 1 1 1 1 1 1 1 1 1 1 1 1 1 1 1 1 1 1 1 1
ciInstanceKlass java/lang/StackTraceElement 1 1 101 10 8 10 100 9 8 9 9 9 100 10 10 10 8 10 8 8 8 10 8 10 8 7 10 10 10 10 100 100 1 1 1 1 1 1 1 1 1 5 0 1 1 1 1 1 1 1 1 1 1 1 1 1 1 100 100 100 1 1 1 1 1 12 1 100 12 1 12 1 12 12 12 1 12 12 1 12 1 1 1 12 1 12 1 1 12 12 12 12 1 1 1 1 1 1 1 1 1 1 1
instanceKlass java/nio/ShortBuffer
instanceKlass java/nio/IntBuffer
instanceKlass java/nio/LongBuffer
instanceKlass java/nio/CharBuffer
instanceKlass java/nio/ByteBuffer
ciInstanceKlass java/nio/Buffer 1 1 106 100 10 9 9 100 100 10 8 10 10 10 10 9 10 10 8 8 8 9 10 100 10 100 10 100 10 100 10 7 7 1 1 1 3 1 1 1 1 1 1 1 1 1 1 1 100 1 1 1 1 1 1 1 1 1 1 1 1 1 1 1 1 1 1 1 1 1 1 1 1 1 1 1 1 1 1 12 12 12 1 1 1 12 12 12 12 12 12 12 1 1 1 12 1 1 1 1 1 1 1 1 1 1 1 1
ciInstanceKlass java/lang/Boolean 1 1 112 10 9 10 10 8 10 9 9 8 10 7 10 10 100 100 10 10 8 10 9 7 100 100 1 1 1 1 1 1 1 1 1 1 1 1 5 0 1 1 1 1 1 1 1 1 1 1 1 1 100 1 1 1 100 1 1 1 1 1 1 1 100 1 1 1 1 1 1 1 1 1 1 1 1 1 1 12 12 12 12 1 7 12 12 12 1 12 1 12 7 12 1 1 12 12 1 7 12 12 1 1 1 1 1 1 1 1 1 1 1 1
staticfield java/lang/Boolean TRUE Ljava/lang/Boolean; java/lang/Boolean
staticfield java/lang/Boolean FALSE Ljava/lang/Boolean; java/lang/Boolean
staticfield java/lang/Boolean TYPE Ljava/lang/Class; java/lang/Class
ciInstanceKlass java/lang/Character 1 1 463 7 100 10 9 9 10 10 10 10 10 3 3 3 3 3 10 10 3 11 11 10 10 100 10 10 3 10 10 10 100 10 10 10 10 10 10 10 10 10 10 10 10 10 10 10 10 10 10 10 10 10 10 10 10 10 10 10 10 10 10 10 10 10 10 10 10 10 10 10 10 5 0 10 10 10 10 10 10 10 10 10 10 9 100 10 10 10 3 10 10 100 10 10 10 10 8 10 9 10 10 10 10 8 10 9 7 100 100 7 1 1 100 1 100 1 100 1 1 1 1 3 1 3 1 1 3 1 3 1 1 1 1 1 1 1 3 1 1 3 1 3 1 3 1 3 1 3 1 3 1 3 1 3 1 3 1 3 1 3 1 3 1 3 1 3 1 3 1 3 1 3 1 3 1 3 1 3 1 3 1 3 1 3 1 3 1 3 1 3 1 3 1 3 1 1 1 1 1 1 1 1 1 1 1 1 1 1 1 1 1 1 1 3 1 1 1 3 1 1 3 1 1 1 1 1 3 1 1 1 5 0 1 1 1 1 1 1 1 1 1 1 1 1 1 1 1 1 1 1 1 1 1 1 1 1 1 1 1 1 1 1 1 1 1 1 1 1 1 1 1 1 1 1 1 1 1 1 1 1 1 1 1 1 1 1 1 1 1 1 1 1 1 1 1 1 1 1 1 1 1 1 1 1 1 1 1 1 1 1 1 1 1 1 1 1 1 1 1 1 1 1 1 1 1 1 1 1 1 1 1 1 1 1 100 100 1 1 1 1 1 1 1 1 12 12 12 12 12 12 100 12 12 12 12 7 12 12 12 12 1 12 12 12 12 1 12 12 12 12 12 12 7 12 12 12 12 12 12 12 12 12 12 12 12 12 12 12 12 12 12 12 12 12 12 12 12 12 12 12 12 12 12 1 12 12 100 12 12 1 12 12 12 1 100 12 100 12 12 12 7 12 1 12 12 1 1 1 1 1 1 1 1 1 1 1 1 1 1 1 1 1 1 1 1 1 1 1 1 1 1 1 1 1 1 1 1 1 1 1 1 1 1
staticfield java/lang/Character TYPE Ljava/lang/Class; java/lang/Class
staticfield java/lang/Character $assertionsDisabled Z 1
instanceKlass com/google/gson/BufferedImageConverter$OptimizedImageElementNumber
instanceKlass java/math/BigDecimal
instanceKlass com/google/gson/internal/LazilyParsedNumber
instanceKlass java/math/BigInteger
instanceKlass com/mathworks/util/types/UnsignedNumber
instanceKlass java/util/concurrent/atomic/AtomicLong
instanceKlass java/util/concurrent/atomic/AtomicInteger
instanceKlass java/lang/Long
instanceKlass java/lang/Integer
instanceKlass java/lang/Short
instanceKlass java/lang/Byte
instanceKlass java/lang/Double
instanceKlass java/lang/Float
ciInstanceKlass java/lang/Number 1 1 34 10 10 100 7 100 1 1 1 5 0 1 1 1 1 1 1 1 1 1 1 1 1 1 1 1 1 1 1 12 12 1 1 1
ciInstanceKlass java/lang/Float 1 1 175 7 100 10 10 100 4 100 10 10 8 8 10 10 10 10 4 4 4 10 9 10 10 10 10 10 10 3 3 3 10 10 10 10 8 10 9 7 100 1 1 1 1 1 4 1 1 1 4 1 1 3 1 3 1 3 1 3 1 1 1 1 1 1 1 5 0 1 1 1 1 1 1 1 1 1 100 1 1 1 1 1 1 1 1 1 1 1 1 1 1 1 1 1 1 1 1 1 1 1 1 1 1 1 1 1 1 1 1 1 1 1 1 1 1 1 1 1 1 1 1 1 1 1 1 1 7 12 100 12 1 1 12 100 12 1 1 100 12 12 12 12 12 12 12 12 12 12 12 12 12 12 12 1 7 12 12 1 1 1 1 1 1 1 1 1 1 1 1 1 1 1 1 1 1
staticfield java/lang/Float TYPE Ljava/lang/Class; java/lang/Class
ciInstanceKlass java/lang/Double 1 1 229 7 100 10 10 10 100 10 10 6 0 8 10 8 10 8 100 6 0 10 5 0 5 0 8 8 10 10 8 10 8 8 8 10 10 10 10 10 10 10 10 6 0 6 0 6 0 10 9 10 10 10 10 5 0 5 0 10 10 10 10 8 10 9 7 100 1 1 1 1 1 6 0 1 1 1 6 0 1 1 3 1 3 1 3 1 3 1 1 1 1 1 1 1 5 0 1 1 1 1 1 1 100 100 1 1 1 100 1 1 1 1 1 1 1 1 1 1 1 1 1 1 1 1 1 1 1 1 1 1 1 1 1 1 1 1 1 1 1 1 1 1 1 1 1 1 1 1 1 1 1 1 1 1 1 1 1 7 12 12 12 1 12 100 12 1 12 1 12 1 1 12 1 1 100 12 100 12 1 12 1 1 1 12 12 12 12 12 12 12 12 12 12 12 12 12 12 12 12 12 1 7 12 12 1 1 1 1 1 1 1 1 1 1 1 1 1 1 1 1 1 1 1 1 1 1 1 1 1
staticfield java/lang/Double TYPE Ljava/lang/Class; java/lang/Class
ciInstanceKlass java/lang/Byte 1 1 153 7 10 9 10 100 100 10 8 10 8 10 10 10 10 10 10 10 10 8 8 10 9 10 10 10 10 5 0 10 8 10 9 7 100 7 1 1 1 1 1 3 1 3 1 1 1 1 1 1 1 3 1 3 1 1 5 0 1 1 1 1 1 1 1 1 1 1 1 1 1 1 1 1 1 1 1 1 1 1 1 1 1 1 1 1 1 1 1 1 1 1 1 1 1 1 1 1 1 1 1 1 1 1 1 1 100 12 12 12 1 1 12 1 12 1 12 12 12 12 12 12 12 12 1 1 12 12 12 12 12 12 1 7 12 12 1 1 1 1 1 1 1 1 1 1 1 1 1 1 1 1 1
staticfield java/lang/Byte TYPE Ljava/lang/Class; java/lang/Class
ciInstanceKlass java/lang/Short 1 1 161 7 100 10 10 100 100 10 8 10 8 10 10 10 10 10 10 9 10 10 10 8 8 10 9 10 10 10 10 3 3 5 0 10 8 10 9 7 100 7 1 1 1 1 1 3 1 3 1 1 1 1 1 1 1 3 1 3 1 1 5 0 1 1 1 1 1 1 1 1 1 1 1 1 1 1 1 1 1 1 1 1 1 1 1 1 1 1 1 1 1 1 1 1 1 1 1 1 1 1 1 1 1 1 1 1 1 1 1 1 1 1 1 100 12 12 1 1 12 1 12 1 12 12 12 12 12 12 12 12 12 12 1 1 12 12 12 12 12 12 1 7 12 12 1 1 1 1 1 1 1 1 1 1 1 1 1 1 1 1 1
staticfield java/lang/Short TYPE Ljava/lang/Class; java/lang/Class
ciInstanceKlass java/lang/Integer 1 1 314 7 100 7 10 9 7 10 10 10 10 10 10 10 10 3 8 10 10 10 3 9 9 3 9 100 8 10 100 10 8 10 10 8 10 8 10 3 10 10 10 10 8 100 10 10 5 0 8 10 10 7 9 9 10 10 9 10 10 10 10 100 100 10 8 8 10 8 8 8 8 8 8 10 10 10 5 0 3 3 3 3 3 10 10 8 10 9 3 3 3 3 3 3 7 100 1 1 1 1 1 1 1 1 1 1 1 1 1 1 1 1 1 1 3 1 3 1 1 5 0 1 1 1 1 1 100 1 1 1 1 1 1 1 1 1 1 1 1 1 1 100 1 1 1 1 1 1 1 1 1 1 1 1 1 1 1 1 1 1 1 1 1 1 1 1 1 1 1 100 1 100 100 1 1 1 1 1 1 1 1 1 1 1 1 1 1 1 1 1 1 1 1 1 1 1 1 1 1 1 1 1 1 1 1 12 12 1 12 12 100 12 12 12 7 12 12 12 1 12 12 12 12 12 12 1 1 12 1 12 1 12 12 1 12 1 12 12 12 12 12 1 1 12 12 1 12 12 1 12 12 12 12 12 12 12 7 12 1 1 12 1 1 12 1 1 1 1 1 1 12 12 12 12 12 1 7 12 12 1 1 1 1 1 1 1 1 1 1 1 1 1 1 1 1 1 1 1 1 1 1 1 1 1 1 1 1 1 1 1 1 1 1 1
staticfield java/lang/Integer TYPE Ljava/lang/Class; java/lang/Class
staticfield java/lang/Integer digits [C 36
staticfield java/lang/Integer DigitTens [C 100
staticfield java/lang/Integer DigitOnes [C 100
staticfield java/lang/Integer sizeTable [I 10
ciInstanceKlass java/lang/Long 1 1 361 7 100 7 10 9 7 10 10 10 10 10 5 0 5 0 100 10 10 10 10 10 10 10 10 10 10 10 10 10 10 10 5 0 8 10 10 10 7 5 0 5 0 9 9 3 3 100 8 10 8 10 8 8 10 5 0 10 10 10 10 8 100 10 10 8 10 8 10 10 5 0 5 0 9 10 8 8 10 8 8 8 8 8 8 10 10 10 10 9 10 10 10 100 100 10 10 10 10 10 5 0 5 0 5 0 5 0 5 0 10 10 10 8 10 9 7 100 7 1 1 1 1 1 1 5 0 1 1 1 1 1 1 1 3 1 3 1 5 0 1 1 1 1 1 100 1 1 1 1 1 1 1 1 1 1 1 1 1 1 1 1 100 1 1 1 1 1 1 1 1 100 100 1 1 1 1 1 1 1 1 1 1 1 1 1 1 1 1 1 1 1 1 1 1 100 1 1 1 1 1 1 1 1 1 1 1 1 1 1 1 1 1 1 1 1 1 1 1 1 1 1 1 1 1 1 1 1 12 12 1 12 12 12 12 12 1 12 12 12 12 12 12 100 12 12 12 12 12 12 7 12 12 12 1 12 12 12 1 12 12 1 1 12 1 12 1 1 12 12 12 12 12 1 1 12 12 1 12 1 12 12 12 12 1 1 12 1 1 1 1 1 1 12 12 12 12 12 12 100 12 1 1 12 12 12 12 12 12 12 1 7 12 12 1 1 1 1 1 1 1 1 1 1 1 1 1 1 1 1 1 1 1 1 1 1 1 1 1 1 1 1 1 1 1 1 1 1 1 1 1 1 1 1 1 1 1 1 1 1 1
staticfield java/lang/Long TYPE Ljava/lang/Class; java/lang/Class
ciInstanceKlass java/lang/NullPointerException 1 1 21 10 10 100 100 1 1 1 5 0 1 1 1 1 1 1 1 12 12 1 1
ciInstanceKlass java/lang/ArithmeticException 1 1 21 10 10 100 100 1 1 1 5 0 1 1 1 1 1 1 1 12 12 1 1
ciInstanceKlass java/util/Comparator 1 1 263 10 10 18 7 7 11 11 11 11 11 11 10 9 100 10 18 18 18 18 18 10 10 8 10 8 8 8 8 8 10 10 8 10 10 8 10 8 10 10 8 10 100 8 8 100 8 8 100 8 100 100 8 10 11 10 11 10 11 10 11 100 11 11 100 1 1 1 1 1 1 1 1 1 1 1 1 1 1 1 1 1 1 1 1 1 1 1 1 1 1 1 1 1 1 1 1 1 1 1 1 1 1 1 1 1 1 1 1 1 100 1 1 1 1 1 1 1 1 1 1 1 1 1 1 1 1 1 100 12 7 12 1 15 16 15 3 3 12 1 1 12 12 12 12 12 12 12 100 12 100 1 1 1 12 15 12 15 12 15 12 15 12 15 12 100 12 100 12 12 12 12 12 12 12 12 12 1 1 1 1 1 1 12 12 100 12 12 100 12 12 100 12 12 1 12 12 1 1 1 1 1 1 10 11 1 1 1 1 1 1 1 1 11 1 11 11 11 11 1 1 1 1 1 1 1 1 1 1 1 1 1 1 1 1 1 1 1 1 1 1 1 1 1 1 1 1 7 12 12 12 12 12 12 12 1 1 100 1 1 100 1 1
ciInstanceKlass java/security/AccessController 1 1 190 10 10 10 10 10 10 10 10 100 8 10 10 10 10 10 10 10 10 10 7 10 7 10 10 7 10 10 10 8 10 8 10 8 100 10 10 10 10 10 8 10 8 8 10 8 10 10 7 100 1 1 1 1 1 1 1 1 1 1 1 1 1 100 1 1 1 1 100 1 1 100 1 1 1 1 1 1 100 1 1 1 1 1 1 1 1 1 1 1 1 1 1 100 100 100 1 1 12 12 12 12 7 12 12 12 12 1 1 12 12 12 12 12 12 12 100 12 12 1 12 1 12 12 1 12 12 12 1 12 1 100 12 1 1 12 12 100 12 12 1 100 12 1 1 12 1 12 12 1 1 1 1 1 1 1 1 1 1 1 1 1 1 1 1 1 1 1 1 1 1 1 1 1 1 1 1 1 1 1 1 1 1 1 1 1 1 1 1 1
ciInstanceKlass java/security/PrivilegedAction 1 0 12 100 100 1 1 1 1 1 1 1 1 1
ciInstanceKlass java/security/cert/Certificate 0 0 110 10 9 9 100 10 10 100 10 100 10 100 10 10 100 100 10 8 10 8 10 10 10 100 100 1 1 1 1 1 5 0 1 1 1 1 1 1 1 1 1 1 1 1 1 100 1 1 100 1 1 1 100 1 1 100 100 100 100 1 1 1 1 1 1 1 100 1 1 12 12 12 1 100 12 100 12 1 12 1 1 12 12 1 1 1 12 1 12 12 12 1 1 1 1 1 1 1 1 1 1 1 1 1 1 1 1 1 1 1
ciInstanceKlass java/util/List 1 1 116 10 11 11 11 11 11 11 10 100 10 100 100 100 1 1 1 1 1 1 1 1 1 1 1 1 1 1 1 1 1 1 1 1 1 1 1 1 1 1 1 1 1 1 1 100 1 1 1 100 100 100 1 1 1 1 1 1 1 1 1 1 1 1 1 1 1 1 1 1 1 1 1 1 1 1 1 1 1 1 1 1 100 12 12 100 12 12 100 12 12 12 100 12 1 100 12 1 1 1 1 1 1 1 1 1 1 1 1 1 1 1 1 1 1 1
instanceKlass java/util/WeakHashMap$Values
instanceKlass com/fasterxml/jackson/databind/util/internal/LinkedDeque
instanceKlass java/util/LinkedHashMap$LinkedValues
instanceKlass java/util/concurrent/ConcurrentLinkedDeque
instanceKlass org/apache/logging/log4j/ThreadContext$EmptyThreadContextStack
instanceKlass java/util/AbstractQueue
instanceKlass java/util/IdentityHashMap$Values
instanceKlass java/util/HashMap$Values
instanceKlass java/util/ArrayDeque
instanceKlass java/util/AbstractSet
instanceKlass java/util/AbstractList
ciInstanceKlass java/util/AbstractCollection 1 1 149 100 10 10 10 11 11 10 7 10 10 10 10 10 7 10 7 3 10 100 8 10 3 100 10 11 11 10 10 10 11 8 100 10 10 8 10 10 7 1 1 1 1 1 1 1 1 1 1 1 1 1 1 1 1 1 1 100 1 1 1 1 1 1 1 1 1 1 1 1 1 1 1 1 1 1 1 1 1 1 100 100 100 1 1 1 1 12 12 12 7 12 12 12 1 100 12 12 12 7 12 7 12 1 100 12 1 12 1 1 12 1 12 12 12 100 12 1 1 12 1 12 12 1 1 1 1 1 1 1 1 1 1 1 1 1 1 1 1 1 1 1 1 1 1 1 1 1 1
instanceKlass java/util/ArrayList$SubList
instanceKlass com/mathworks/services/settings/SettingPath
instanceKlass java/util/SubList
instanceKlass java/util/Arrays$ArrayList
instanceKlass java/util/AbstractSequentialList
instanceKlass java/util/Collections$EmptyList
instanceKlass java/util/ArrayList
instanceKlass java/util/Vector
ciInstanceKlass java/util/AbstractList 1 1 172 10 9 10 10 100 10 10 11 11 11 10 10 11 11 11 10 10 11 11 11 7 10 7 10 7 7 10 100 10 7 11 10 10 11 100 10 10 100 10 8 10 10 8 10 7 7 100 1 1 1 1 1 1 1 1 1 1 1 1 1 1 1 1 1 1 1 1 1 1 1 1 1 100 1 1 1 1 100 1 1 1 1 1 1 1 1 1 1 1 100 1 1 100 1 1 100 1 1 1 1 1 1 1 1 1 12 12 12 12 1 12 7 12 12 12 7 12 12 12 12 12 12 12 100 12 100 1 12 1 12 1 1 12 1 1 12 12 1 12 12 1 1 12 12 1 12 1 1 1 1 1 1 1 1 1 1 1 1 1 1 1 1 1 1 1 1 1 1 1 1 1
ciInstanceKlass java/util/ArrayList 1 1 365 100 9 10 7 9 9 100 100 10 8 10 10 10 10 9 11 10 7 10 9 10 7 10 10 10 10 3 10 100 10 3 10 10 10 100 100 10 10 10 10 10 10 10 100 10 10 8 8 10 10 11 10 10 10 100 10 10 10 10 11 10 100 10 7 10 10 7 10 8 8 8 8 8 11 100 10 100 10 11 10 10 11 10 7 100 100 100 100 1 1 1 1 1 1 1 1 5 0 1 1 3 1 1 1 1 1 1 1 1 1 1 1 100 1 1 100 1 1 1 1 1 1 1 1 1 1 1 1 1 1 1 1 1 1 1 1 1 100 1 1 1 1 1 1 1 1 1 1 1 1 1 1 1 100 1 1 1 1 1 1 1 1 1 1 1 1 1 1 1 1 1 1 100 1 1 1 1 100 1 1 100 1 1 1 1 1 1 1 1 1 1 1 1 1 1 1 100 1 1 1 1 1 1 100 100 1 1 1 1 1 1 1 1 1 1 1 1 1 1 12 12 1 12 12 1 1 1 12 12 12 12 12 7 12 12 7 12 12 12 1 12 7 12 12 12 12 1 12 12 12 1 1 12 7 12 12 12 12 12 12 1 12 1 1 7 12 12 12 100 12 12 12 1 100 12 12 100 12 100 12 12 1 12 1 12 12 1 12 1 1 1 1 1 7 12 1 12 1 12 100 12 12 12 100 12 12 1 1 1 1 1 1 1 1 1 1 1 1 1 1 1 1 1 1 1 1 1 1 1 1 1 1 1 1 1 1 1 1 1 1 1 1 1 1 1 1 1 1 1 1 1 1 1 1 1 1 1 1 1 1 1 1 1 1
staticfield java/util/ArrayList EMPTY_ELEMENTDATA [Ljava/lang/Object; 0 [Ljava/lang/Object;
staticfield java/util/ArrayList DEFAULTCAPACITY_EMPTY_ELEMENTDATA [Ljava/lang/Object; 0 [Ljava/lang/Object;
instanceKlass com/google/gson/internal/LinkedTreeMap
instanceKlass com/google/common/cache/LocalCache
instanceKlass com/fasterxml/jackson/databind/util/internal/PrivateMaxEntriesMap
instanceKlass java/util/EnumMap
instanceKlass sun/misc/SoftCache
instanceKlass java/util/TreeMap
instanceKlass java/util/IdentityHashMap
instanceKlass java/util/concurrent/ConcurrentHashMap
instanceKlass sun/util/PreHashedMap
instanceKlass java/util/WeakHashMap
instanceKlass java/util/HashMap
instanceKlass java/util/Collections$EmptyMap
ciInstanceKlass java/util/AbstractMap 1 1 161 10 10 10 11 10 11 11 11 7 11 10 11 100 10 11 11 10 11 9 100 10 9 100 10 7 11 11 11 100 100 11 8 100 10 10 8 10 10 10 7 7 100 1 1 100 1 1 1 1 1 1 1 1 1 1 1 1 1 1 1 1 1 1 1 100 1 1 1 1 1 1 1 1 100 100 1 1 1 1 1 100 1 1 100 1 1 1 1 1 100 100 100 1 1 1 100 100 1 1 1 100 1 1 1 1 1 1 12 12 12 7 12 12 7 12 12 1 12 12 12 1 12 12 12 12 1 12 12 1 1 12 12 1 1 12 1 1 12 1 12 12 12 1 1 1 1 1 1 1 1 1 1 1 1 1 1 1 1 1 1
ciInstanceKlass sun/misc/SharedSecrets 1 1 168 10 9 9 100 10 9 9 9 9 100 9 100 9 100 9 100 9 100 9 100 9 100 9 7 9 9 9 100 10 7 100 1 1 1 1 1 1 1 1 1 1 1 1 1 1 1 1 1 1 1 1 1 1 1 1 1 1 1 1 1 1 1 1 1 1 1 1 1 1 1 1 1 1 1 1 1 1 1 1 1 1 1 1 1 1 1 1 1 1 1 1 1 1 1 1 1 1 1 1 1 1 1 1 1 1 1 1 1 1 1 1 1 1 1 1 1 1 1 1 1 1 1 1 1 1 1 1 1 1 1 12 12 12 1 7 12 12 12 12 12 1 12 1 12 1 12 1 12 1 12 1 12 1 12 1 12 12 12 1 12 1 1 1 1 1 1 1
staticfield sun/misc/SharedSecrets unsafe Lsun/misc/Unsafe; sun/misc/Unsafe
instanceKlass javax/swing/UIDefaults$TextAndMnemonicHashMap
instanceKlass java/lang/ProcessEnvironment
instanceKlass com/mathworks/services/message/MWMessage
instanceKlass java/util/LinkedHashMap
ciInstanceKlass java/util/HashMap 1 1 495 10 100 10 100 10 100 11 11 11 7 3 10 100 100 10 8 10 10 10 10 10 8 10 9 10 9 4 10 10 11 9 4 10 11 11 11 11 7 11 11 10 10 9 10 9 9 9 10 9 7 10 10 10 10 10 9 10 100 3 7 7 10 10 9 9 10 10 10 10 9 7 10 9 7 10 9 7 10 100 10 11 11 11 100 10 10 100 100 10 10 10 10 10 10 10 100 10 10 8 4 10 4 10 4 10 100 11 10 10 10 10 7 7 100 100 1 1 100 1 100 1 100 1 100 1 100 1 100 1 100 1 100 1 1 1 1 1 1 1 1 5 0 1 1 3 1 1 1 1 3 1 3 1 3 1 1 1 1 1 1 1 1 1 1 1 1 1 1 1 1 1 1 1 100 100 100 100 1 1 1 1 1 1 1 1 100 1 1 1 1 1 1 100 1 1 1 1 1 1 100 1 1 1 1 1 1 1 1 1 1 1 1 1 1 1 1 1 100 1 1 1 1 1 1 1 1 1 1 100 1 1 1 100 1 1 1 1 1 1 1 1 1 1 1 100 1 1 1 100 1 1 1 1 1 1 1 1 1 1 1 1 1 100 1 1 1 1 1 100 1 1 100 100 1 1 1 1 1 1 1 1 1 1 1 1 1 1 1 1 1 1 1 1 1 1 1 7 12 1 12 1 100 12 1 12 12 12 1 12 1 1 1 12 12 12 12 7 12 1 12 12 12 12 12 12 12 12 12 12 7 12 7 12 12 1 12 12 12 12 12 12 12 12 12 12 12 1 12 12 12 12 12 12 12 1 1 12 12 12 12 12 12 12 12 1 12 12 1 12 1 1 100 12 100 12 100 12 1 12 1 1 12 12 12 100 12 12 12 100 12 1 12 1 100 12 12 100 12 1 100 12 12 12 12 1 1 1 1 1 1 1 1 1 1 1 1 1 1 1 1 1 1 1 1 1 1 1 1 1 1 1 1 1 1 1 1 1 1 1 1 1 1 1 1 1 1 1 1 1 1 1 1 1 1 1 1 1 1 1 1 1 1 1 1 1 1 1 1 1 1 1 1 1 1 1 1 1 1 1 1 1 1 1 1 1 1 1 1 1 1 1 1 1 1
instanceKlass java/util/LinkedHashMap$Entry
ciInstanceKlass java/util/HashMap$Node 1 1 85 10 9 9 9 9 100 10 10 8 10 10 10 100 11 10 11 7 7 1 1 1 1 1 1 1 1 1 1 1 1 1 1 1 1 1 1 1 1 1 1 1 1 1 1 1 1 1 1 1 1 1 1 1 1 1 12 12 12 12 12 1 12 1 12 12 100 12 100 1 12 12 12 100 1 1 1 1 1 1 1 1 1 1 1
ciInstanceKlass sun/misc/VM 1 1 245 10 9 10 7 9 9 10 10 9 9 9 9 10 100 8 10 10 8 10 8 10 7 8 10 10 10 10 5 0 8 8 8 9 10 8 8 8 8 10 9 9 9 9 9 9 9 9 10 10 100 7 5 0 7 10 10 1 1 1 1 1 3 1 1 1 1 3 1 3 1 1 1 1 1 1 1 1 1 1 1 1 1 1 1 3 1 3 1 3 1 3 1 1 1 1 1 1 1 1 1 1 1 1 1 1 1 1 1 1 1 100 100 1 1 1 100 1 1 1 1 1 1 1 1 1 100 1 1 1 1 1 1 100 1 1 1 1 1 1 100 100 1 1 1 1 12 12 100 12 1 12 12 12 12 12 12 12 12 12 1 1 12 12 1 12 1 12 1 1 12 100 12 12 7 12 1 1 1 12 100 12 1 1 1 1 7 12 12 12 12 12 12 12 12 12 12 100 12 1 1 1 1 1 100 1 1 1 1 1 1 1 1 1 1 1 1 1 1 1 1 1 1 1 1 1 1 1 1 1 1 1 1 1 1 1 1 1 100 1 1 1 1 1 1
staticfield sun/misc/VM lock Ljava/lang/Object; java/lang/Object
staticfield sun/misc/VM savedProps Ljava/util/Properties; java/util/Properties
ciInstanceKlass java/util/Hashtable$Entry 1 1 92 10 9 9 9 9 7 10 10 100 10 100 11 10 11 10 100 10 10 10 8 10 7 1 1 1 1 1 1 1 1 1 1 1 1 1 1 1 1 1 1 1 1 1 100 100 1 1 1 1 1 1 1 1 1 100 1 1 1 1 1 1 1 12 12 12 12 12 100 1 12 12 1 100 1 12 12 12 100 12 1 12 12 1 1 1 1 1 1 1 1 1
ciInstanceKlass java/lang/Math 1 1 289 10 10 10 10 10 10 10 6 0 7 6 0 10 10 10 10 10 10 10 10 10 10 10 10 100 3 3 3 10 100 5 0 5 0 5 0 5 0 5 0 9 10 100 8 10 8 10 100 5 0 5 0 100 3 5 0 3 10 10 9 9 10 10 7 6 0 9 100 10 10 10 10 10 4 10 10 10 10 10 10 10 10 10 10 10 10 5 0 5 0 3 6 0 4 6 0 6 0 7 4 4 6 0 10 9 10 9 10 4 6 0 100 100 1 1 1 1 1 6 0 1 1 1 1 1 1 1 1 1 1 1 1 1 1 1 1 1 1 1 1 1 1 1 1 1 1 1 1 1 1 1 1 1 1 1 1 1 1 1 1 1 1 1 1 1 1 1 1 1 1 1 1 1 1 1 1 1 1 1 1 1 1 1 1 1 1 1 1 1 1 1 1 1 1 1 1 1 1 1 1 1 1 1 12 100 12 12 12 12 12 12 1 12 12 12 12 12 12 12 12 12 12 12 12 1 12 1 12 100 12 1 1 12 1 12 1 1 12 12 12 12 12 12 1 12 1 12 12 12 12 12 12 12 12 12 12 12 12 12 12 12 12 1 12 12 12 12 7 12 1 1 1 1 1 1 1 1 1 1 1 1 1 1 1 1 1 1 1
staticfield java/lang/Math $assertionsDisabled Z 1
ciInstanceKlass java/util/Enumeration 1 0 14 100 100 1 1 1 1 1 1 1 1 1 1 1
instanceKlass com/fasterxml/jackson/core/util/ByteArrayBuilder
instanceKlass org/apache/logging/log4j/core/appender/ConsoleAppender$SystemErrStream
instanceKlass org/apache/logging/log4j/core/appender/ConsoleAppender$SystemOutStream
instanceKlass org/apache/logging/log4j/core/util/CloseShieldOutputStream
instanceKlass java/io/ByteArrayOutputStream
instanceKlass java/io/FilterOutputStream
instanceKlass java/io/FileOutputStream
ciInstanceKlass java/io/OutputStream 1 1 37 10 10 100 10 100 10 10 100 7 100 100 1 1 1 1 1 1 1 100 1 1 1 1 1 1 1 12 12 1 1 12 1 1 1 1 1
instanceKlass java/io/PushbackInputStream
instanceKlass sun/awt/image/PNGFilterInputStream
instanceKlass java/io/DataInputStream
instanceKlass sun/net/www/protocol/jar/JarURLConnection$JarURLInputStream
instanceKlass java/util/jar/Manifest$FastInputStream
instanceKlass java/util/zip/InflaterInputStream
instanceKlass java/io/BufferedInputStream
ciInstanceKlass java/io/FilterInputStream 1 1 51 10 9 10 10 10 10 10 10 10 10 10 7 7 1 1 1 1 1 1 1 1 1 100 1 1 1 1 1 1 1 1 1 1 1 1 1 1 12 12 12 12 12 12 12 12 12 12 1 1 1
instanceKlass java/lang/ClassValue$ClassValueMap
ciInstanceKlass java/util/WeakHashMap 1 1 330 7 7 10 7 10 9 100 100 10 8 10 10 10 10 7 3 10 8 10 10 9 9 9 4 10 11 10 10 9 10 10 10 9 10 9 9 9 10 10 10 10 10 10 10 10 9 10 10 100 3 10 11 11 11 11 100 11 11 10 10 10 10 9 7 10 9 7 10 9 100 10 10 10 11 100 10 11 7 10 7 100 100 1 100 1 100 1 100 1 100 1 1 1 1 100 1 100 1 100 1 100 1 1 1 1 1 3 1 1 1 1 1 1 1 1 1 1 1 1 1 1 1 1 1 1 1 1 1 1 1 1 1 1 1 100 1 1 1 1 1 1 100 1 1 1 1 1 1 1 1 100 100 1 1 1 1 1 1 1 1 1 1 1 1 1 1 1 1 1 1 1 1 1 100 1 1 100 1 1 1 1 1 100 1 1 1 100 1 1 1 1 100 1 1 1 100 1 1 1 1 1 1 12 1 12 1 1 1 12 12 12 12 1 7 12 1 12 12 12 12 12 12 12 100 12 12 12 12 12 12 12 12 12 12 12 12 12 12 12 12 12 12 12 12 12 1 12 12 100 12 100 12 12 1 12 12 12 100 12 12 12 1 12 12 1 12 1 100 12 12 100 12 1 100 12 1 1 1 1 1 1 1 1 1 1 1 1 1 1 1 1 1 1 1 1 1 1 1 1 1 1 1 1 1 1 1 1 1 1 1 1 1 1 1 1 1 1 1 1 1 1 1 1 1 1 1 1 1 1
staticfield java/util/WeakHashMap NULL_KEY Ljava/lang/Object; java/lang/Object
ciInstanceKlass java/util/Arrays 1 1 810 10 100 100 10 8 10 10 8 8 10 10 100 10 10 10 10 10 10 10 10 10 7 10 100 10 10 100 10 10 100 10 10 100 10 10 100 10 10 100 10 10 100 10 10 9 10 100 10 10 10 100 10 10 7 10 10 10 10 10 10 10 7 11 10 10 10 10 10 10 10 10 11 10 100 10 10 100 10 10 100 10 10 100 10 10 10 10 10 10 10 10 10 10 10 10 10 10 10 7 10 10 8 7 10 10 10 100 10 100 10 100 10 100 10 100 10 100 10 100 10 100 10 10 9 100 10 10 10 10 10 10 10 10 10 10 8 8 10 10 8 10 10 10 10 100 3 10 100 10 10 11 10 10 10 10 10 10 10 10 10 11 8 10 11 11 11 11 18 11 11 18 11 18 11 18 100 10 10 10 10 10 10 10 10 10 10 10 10 10 10 10 10 10 10 10 10 10 1 1 7 1 100 1 1 1 1 3 1 3 1 1 1 1 1 1 1 1 1 1 1 1 1 1 1 1 1 1 1 1 1 1 1 1 1 1 1 1 1 1 1 100 1 1 1 1 1 1 1 1 1 1 1 1 1 1 1 1 1 1 1 1 1 1 1 1 1 1 1 1 1 1 1 1 1 1 1 1 1 1 1 100 1 1 1 1 100 1 1 1 1 1 1 1 1 1 1 1 1 1 1 1 1 1 1 1 1 1 1 1 1 1 1 1 1 1 1 1 1 1 1 1 1 1 1 1 1 1 1 1 1 1 1 1 1 1 1 1 1 1 1 1 1 1 1 1 1 1 1 1 1 1 1 1 1 1 1 1 1 1 1 1 1 100 1 1 1 1 1 1 1 1 1 1 100 1 1 1 1 1 1 1 1 1 1 1 1 1 100 1 1 1 100 1 1 1 100 1 1 1 1 1 1 1 1 1 1 1 1 1 1 1 1 1 1 1 1 1 1 1 1 1 12 1 1 1 12 12 1 1 12 12 1 12 7 12 12 12 12 12 12 12 12 1 100 12 100 1 1 1 12 12 100 1 1 12 100 1 1 12 100 1 1 12 100 1 1 12 100 1 1 12 100 1 1 12 12 7 12 100 1 1 12 7 12 7 12 1 12 1 12 12 7 12 100 12 12 12 12 1 12 12 7 12 12 12 100 12 12 12 7 12 100 12 100 1 1 12 1 1 12 1 1 12 1 1 12 12 12 12 12 12 12 100 12 12 100 12 12 12 12 12 1 7 12 12 1 1 12 12 12 1 12 1 12 1 12 1 12 1 12 1 12 1 12 1 12 12 12 1 12 12 12 12 12 12 12 12 12 1 1 12 12 1 12 12 12 100 12 1 1 12 100 12 12 12 12 12 12 12 12 12 12 12 1 12 100 12 100 12 12 1 15 16 15 12 12 100 12 15 12 100 12 15 12 100 12 15 12 1 100 12 12 12 12 12 12 12 12 12 12 100 12 12 12 12 12 12 12 12 12 12 12 1 1 1 1 1 1 1 1 1 1 1 1 1 1 1 1 1 1 1 1 1 1 1 100 1 1 1 1 1 1 1 1 1 1 1 1 1 1 1 1 1 1 1 1 1 1 1 1 1 1 1 1 1 1 1 1 1 1 1 1 1 1 1 1 1 1 1 1 1 1 1 1 1 1 1 1 1 1 1 1 1 1 1 1 1 1 1 1 1 1 1 1 1 1 1 1 1 1 1 1 1 1 1 10 10 1 1 1 1 1 1 1 10 1 1 1 1 10 1 1 1 1 10 1 1 1 1 1 1 1 1 1 1 1 1 1 1 1 1 1 1 1 1 100 12 12 12 12 12 1 1 100 1 1 100 1 1
staticfield java/util/Arrays $assertionsDisabled Z 1
ciInstanceKlass java/io/PrintStream 1 1 287 100 10 8 10 10 100 100 100 10 10 9 9 9 7 10 9 7 10 9 10 10 10 8 7 10 10 100 10 10 10 9 100 8 10 10 10 10 10 10 7 10 10 100 10 10 10 10 10 10 10 10 10 8 8 10 10 10 10 10 10 10 8 10 10 10 10 10 10 10 10 10 10 10 10 9 10 10 100 10 10 10 11 11 10 10 10 7 100 100 1 1 1 1 1 1 1 1 1 1 1 1 1 1 1 1 1 1 1 100 1 1 1 1 1 1 1 1 1 100 1 1 1 1 1 1 100 100 100 100 1 1 1 1 1 1 1 100 1 1 1 1 1 100 1 1 1 1 1 1 100 1 1 1 1 1 1 1 100 1 1 1 1 1 1 1 12 1 12 7 12 1 1 1 12 12 12 12 1 12 1 12 12 12 12 12 1 1 12 12 1 12 12 12 1 1 12 12 12 1 12 12 1 100 12 12 12 12 12 12 100 12 12 1 1 12 12 12 12 12 1 12 12 12 12 12 12 12 12 12 12 12 12 12 100 12 1 12 12 12 100 12 12 12 12 12 1 1 1 1 1 1 1 1 1 1 1 1 1 1 1 1 1 1 1 1 1 1 1 1 1 1 1 1 1 1 1 1 1 1 1 1 1 1 1 1 1
instanceKlass sun/nio/cs/MS1252
instanceKlass sun/nio/cs/ISO_8859_1
instanceKlass sun/nio/cs/US_ASCII
instanceKlass sun/nio/cs/Unicode
ciInstanceKlass java/nio/charset/Charset 1 1 324 10 9 10 9 10 7 8 8 10 10 7 10 10 8 10 100 10 10 9 9 7 100 10 9 10 10 100 10 7 9 10 100 8 10 10 10 10 10 10 10 100 10 11 11 10 11 11 100 10 100 9 8 10 8 10 10 9 9 9 100 10 10 10 8 10 8 10 9 10 10 10 100 100 10 10 10 10 10 10 10 10 10 10 7 10 7 10 100 100 1 1 1 1 1 1 1 1 1 1 1 1 1 1 1 1 1 1 1 1 1 1 1 1 1 1 100 1 1 1 1 1 1 1 1 1 100 1 100 100 1 100 1 1 1 1 1 1 1 1 1 1 100 1 1 100 1 1 100 1 1 1 1 1 1 1 1 1 1 1 1 1 1 100 1 1 1 1 1 1 1 1 1 1 1 1 1 1 1 1 1 1 1 1 12 12 12 12 7 12 1 1 1 12 7 12 1 12 12 1 12 1 12 12 12 12 1 1 12 12 12 12 1 1 12 7 12 1 1 12 12 12 12 12 12 1 100 12 12 12 100 12 12 1 1 12 1 1 12 12 12 12 1 12 12 100 12 1 12 1 100 12 100 12 100 12 12 12 1 1 12 12 100 12 12 12 100 12 12 12 12 1 1 1 1 1 1 1 1 1 1 1 1 1 1 1 1 1 1 1 1 1 1 1 1 1 1 1 1 1 1 1 1 1 1 1 1 1 1 1 1 1 1 1 1 1 1 1 1 1 1 1 1 1
ciInstanceKlass sun/nio/cs/UTF_8 1 1 58 10 8 9 10 8 7 10 7 10 10 10 7 7 100 1 1 1 1 1 1 1 1 1 1 1 1 1 1 1 1 1 1 12 1 7 12 12 1 1 12 1 7 12 12 1 1 1 1 1 1 1 1 1 1 1 1 1
ciInstanceKlass sun/nio/cs/ArrayEncoder 1 0 9 100 100 1 1 1 1 1 1
instanceKlass sun/nio/cs/UTF_8$Encoder
ciInstanceKlass java/nio/charset/CharsetEncoder 1 1 368 10 9 9 9 7 9 9 9 100 8 10 8 8 10 8 9 9 9 10 10 10 8 8 8 10 8 10 10 100 10 10 10 10 100 10 10 10 10 10 10 10 10 8 10 10 10 10 100 100 10 100 10 10 10 10 10 10 10 9 100 10 10 9 9 10 9 10 10 10 10 10 9 10 10 10 10 10 10 10 10 10 10 10 10 10 10 100 10 10 10 100 10 11 10 100 100 10 8 10 9 8 10 10 10 7 8 8 8 8 7 1 1 1 1 1 1 1 1 1 1 1 1 1 3 1 3 1 3 1 3 1 1 1 1 1 1 1 1 1 1 1 1 1 1 100 100 100 1 1 1 1 1 1 1 1 1 100 100 100 100 100 1 1 1 1 1 1 1 1 1 1 100 100 100 1 1 1 1 1 1 1 1 1 1 1 1 1 100 100 1 1 1 1 1 1 1 12 7 12 12 12 1 12 12 12 1 1 12 1 1 7 12 1 12 12 12 12 12 7 12 1 1 1 12 1 12 12 1 12 12 12 12 1 12 12 100 12 12 12 12 12 100 12 1 12 12 12 12 1 1 12 1 12 12 12 12 12 12 12 1 12 12 12 12 12 12 12 12 12 12 12 12 12 12 12 12 12 12 12 12 12 12 12 12 1 12 12 1 12 100 12 1 1 1 12 12 1 7 12 1 1 1 1 1 1 1 1 1 1 1 1 1 1 1 1 1 1 1 1 1 1 1 1 1 1 1 1 1 1 1 1 1 1 1 1 1 1 1 1 1 1 1 1 1 1 1 1 1 1 1 1 1 1 1 1 1 1 1 1 1 1 1 1 1 1 1 1
staticfield java/nio/charset/CharsetEncoder $assertionsDisabled Z 1
ciInstanceKlass sun/nio/cs/UTF_8$Encoder 1 1 168 10 4 4 10 9 10 10 10 9 10 10 10 10 10 10 10 10 10 10 10 9 100 10 10 10 9 10 10 10 10 10 10 10 10 10 10 10 10 9 7 7 100 1 1 1 1 1 1 1 1 1 1 1 1 1 1 1 1 1 1 1 1 100 100 100 100 100 1 1 1 1 1 1 100 1 1 1 12 12 12 100 12 12 100 12 100 12 100 12 12 12 12 12 100 12 7 12 12 12 100 1 12 12 12 12 12 12 12 12 12 12 12 12 12 12 100 12 1 1 1 1 1 1 1 1 1 1 1 1 1 1 1 1 1 1 1 1 1 1 1 1 1 1 1 1 1 1 1 1 1 1 1 1 1 1 1 1 1 1 1 1 1 1 1 1 1 1
ciInstanceKlass java/nio/charset/CodingErrorAction 1 1 36 10 9 7 8 10 9 8 9 8 9 7 1 1 1 1 1 1 1 1 1 1 1 1 1 1 1 1 12 12 1 12 12 12 12 1
staticfield java/nio/charset/CodingErrorAction IGNORE Ljava/nio/charset/CodingErrorAction; java/nio/charset/CodingErrorAction
staticfield java/nio/charset/CodingErrorAction REPLACE Ljava/nio/charset/CodingErrorAction; java/nio/charset/CodingErrorAction
staticfield java/nio/charset/CodingErrorAction REPORT Ljava/nio/charset/CodingErrorAction; java/nio/charset/CodingErrorAction
instanceKlass java/nio/MappedByteBuffer
instanceKlass java/nio/HeapByteBuffer
ciInstanceKlass java/nio/ByteBuffer 1 1 257 10 9 10 9 9 9 9 10 7 10 100 10 7 10 10 100 10 10 10 10 100 10 10 10 10 100 10 100 10 10 10 9 100 10 100 10 10 10 10 8 10 10 8 10 8 10 8 10 10 7 10 10 10 10 9 10 10 7 100 1 1 1 1 1 1 1 1 1 1 1 1 1 100 100 1 1 1 1 1 1 100 1 1 1 1 1 1 1 1 1 1 1 1 1 1 1 1 1 1 1 1 1 1 1 1 1 1 1 1 1 1 1 1 100 1 1 1 1 1 1 1 1 1 1 1 1 1 1 1 1 1 1 1 1 1 1 1 1 1 1 1 1 1 1 1 1 1 1 1 1 1 1 1 1 1 1 1 1 1 1 1 1 1 1 1 1 1 1 1 1 12 12 7 12 7 12 12 12 12 12 1 12 1 12 1 12 12 1 12 12 12 1 12 12 12 1 1 12 12 12 1 1 100 12 100 12 12 1 12 12 1 12 1 12 1 12 12 1 12 100 12 12 100 12 12 12 1 1 1 1 1 1 1 1 1 1 1 1 1 1 1 1 1 1 1 1 1 1 1 1 1 1 1 1 1 1
ciInstanceKlass java/io/ExpiringCache$1 1 1 45 9 10 10 10 7 7 1 1 1 1 1 1 1 100 1 1 1 1 1 100 1 1 1 1 1 7 12 12 12 12 12 1 1 100 1 1 1 1 1 1 1 1 1 1
instanceKlass java/util/HashMap$TreeNode
ciInstanceKlass java/util/LinkedHashMap$Entry 1 1 27 10 100 7 1 1 1 1 1 1 1 1 1 1 1 1 1 1 1 1 12 100 1 100 1 1 1
instanceKlass java/lang/NumberFormatException
ciInstanceKlass java/lang/IllegalArgumentException 1 1 27 10 10 10 10 100 7 1 1 1 5 0 1 1 1 1 1 1 1 1 1 12 12 12 12 1 1
ciInstanceKlass sun/security/util/Debug 1 1 302 10 9 10 8 10 8 8 8 8 8 8 8 8 8 8 8 8 8 8 8 8 8 8 8 8 8 8 8 8 8 8 8 8 8 8 8 8 8 8 8 8 8 8 10 10 10 7 10 9 9 8 10 100 10 10 8 10 8 10 100 10 10 8 10 8 10 10 8 8 10 8 8 10 10 10 8 8 8 10 10 10 10 10 8 8 10 10 8 8 8 9 10 8 10 10 9 7 8 10 10 7 8 8 10 8 10 10 8 10 100 1 1 1 1 1 1 1 1 1 1 1 1 1 1 1 1 1 1 1 1 1 100 100 1 1 100 100 1 1 100 1 1 1 12 100 12 100 12 1 12 1 1 1 1 1 1 1 1 1 1 1 1 1 1 1 1 1 1 1 1 1 1 1 1 1 1 1 1 1 1 1 1 1 1 1 1 1 1 12 12 12 1 12 12 1 12 1 12 1 12 1 100 12 1 12 12 1 12 1 12 12 1 1 12 1 1 12 1 1 1 100 12 12 100 12 12 12 1 1 12 12 1 1 1 100 12 12 1 12 12 1 1 7 12 1 1 1 12 1 12 12 1 12 1 1 1 1 1 1 1 1 1 1 1 1 1 1 1 1 1 1 1 1 1 1 1 1 1 1 1 1 1 1 1 1 1 1 1 1 1 1 1 1 1 1 1 1 1 1 1 1
staticfield sun/security/util/Debug hexDigits [C 16
ciInstanceKlass java/util/WeakHashMap$Entry 1 1 93 10 9 9 9 10 10 100 10 11 10 10 11 10 100 10 10 8 10 10 7 7 1 1 1 1 1 1 1 1 1 1 1 1 1 1 1 1 1 1 1 1 1 1 1 1 1 1 1 100 100 1 1 1 1 1 1 1 12 12 12 12 12 100 12 100 1 12 100 12 12 100 12 1 12 12 1 12 12 1 1 1 1 1 1 1 1 1 1 1 1 1 1
ciInstanceKlass java/util/HashMap$TreeNode 0 0 182 100 10 9 9 100 9 9 9 10 100 10 9 9 9 10 10 10 10 10 10 10 10 10 9 10 10 10 10 9 10 10 10 10 10 10 10 100 1 1 1 1 1 1 1 1 1 1 1 1 1 100 1 1 1 1 1 1 1 1 100 1 1 1 100 100 1 1 1 100 100 1 1 1 1 1 1 1 1 1 1 1 1 1 1 100 1 1 1 1 1 1 1 1 1 1 1 1 1 1 1 1 1 1 1 1 1 1 1 12 12 12 1 12 12 12 12 1 12 12 12 12 100 12 12 12 12 12 12 100 12 100 12 100 12 12 12 12 12 12 12 12 12 12 12 12 12 100 1 1 1 1 1 1 1 1 1 1 1 1 1 1 1 1 1 1 1 1 1 1 1 1 1 1 1 1 1 1 1 1 1 1
instanceKlass java/nio/HeapCharBuffer
ciInstanceKlass java/nio/CharBuffer 1 1 257 10 9 9 10 100 10 7 10 10 100 10 10 10 10 10 10 10 10 100 10 11 10 10 100 10 10 10 10 100 10 100 10 10 10 10 10 10 9 100 10 10 7 10 10 10 10 10 8 10 11 11 18 7 10 10 10 10 10 10 10 100 10 100 100 100 100 1 1 1 1 1 1 1 1 1 1 1 1 1 1 1 1 100 1 1 1 100 1 100 1 1 1 1 1 1 1 1 1 1 1 1 1 1 1 1 1 1 1 1 1 1 1 1 1 1 1 100 1 1 1 1 1 1 1 1 1 1 1 1 100 1 1 1 1 1 1 1 1 1 1 1 100 1 1 1 1 1 1 1 12 12 12 12 1 12 1 12 12 1 12 12 100 12 12 12 12 12 1 12 12 12 12 1 12 12 12 1 1 12 12 100 12 12 12 1 12 1 12 12 100 12 12 1 12 12 12 1 15 16 15 16 12 1 100 12 12 12 12 12 12 12 1 12 1 1 1 1 1 1 100 1 1 1 1 1 1 1 1 1 1 1 1 1 1 1 1 1 10 10 1 1 1 1 1 1 100 12 12 1 1 100 1 1 100 1 1
ciInstanceKlass java/nio/charset/CoderResult 1 1 140 10 10 9 9 9 10 100 10 10 8 10 8 10 7 100 10 9 10 9 100 10 100 10 100 10 100 10 9 100 10 10 7 8 8 8 8 9 9 7 10 7 10 7 100 1 1 1 1 1 3 1 3 1 3 1 1 3 1 1 1 1 1 1 1 1 1 1 1 1 1 1 1 1 1 1 1 100 1 1 1 1 1 1 1 1 1 1 1 1 1 100 1 1 1 1 12 12 12 12 12 12 1 12 1 12 1 12 1 1 12 12 12 1 1 1 12 1 12 1 7 12 1 1 1 12 12 1 1 1 1 1 1 1 1 1 1 1 1 1
staticfield java/nio/charset/CoderResult names [Ljava/lang/String; 4 [Ljava/lang/String;
staticfield java/nio/charset/CoderResult UNDERFLOW Ljava/nio/charset/CoderResult; java/nio/charset/CoderResult
staticfield java/nio/charset/CoderResult OVERFLOW Ljava/nio/charset/CoderResult; java/nio/charset/CoderResult
staticfield java/nio/charset/CoderResult $assertionsDisabled Z 1
ciInstanceKlass java/util/Locale 1 1 914 10 9 9 10 10 9 100 10 10 8 10 10 10 10 10 7 10 9 10 7 9 9 10 9 10 9 9 100 8 10 10 7 8 8 10 10 7 8 10 10 10 10 8 8 8 9 10 9 10 9 10 9 10 9 10 9 8 10 8 10 100 8 10 10 10 9 100 8 10 10 9 8 10 10 10 10 10 10 10 100 7 10 8 10 10 10 10 10 10 10 10 10 10 8 10 10 10 10 8 9 10 10 10 10 7 8 10 10 10 10 11 11 11 10 10 10 10 8 10 100 10 10 10 10 10 100 8 8 10 8 10 8 8 10 10 10 10 10 10 100 10 8 10 7 10 10 10 10 10 10 8 10 8 10 10 8 100 10 10 10 10 10 10 10 11 100 7 10 100 10 10 8 10 100 100 10 10 10 10 10 100 8 10 10 10 10 10 10 8 10 8 8 8 8 8 10 10 10 10 10 100 100 10 10 10 10 8 8 8 8 8 8 8 10 8 8 10 9 8 8 9 10 9 10 10 10 10 10 10 7 10 10 9 8 9 8 9 8 9 9 8 9 8 9 8 9 8 9 8 9 8 9 8 9 9 8 9 9 9 9 8 9 8 9 8 9 9 9 10 7 10 9 9 100 100 7 1 100 1 100 1 100 1 7 1 100 1 1 1 1 1 1 1 1 1 1 1 1 1 1 1 1 1 1 1 1 1 1 1 1 1 1 1 1 1 1 1 3 1 3 1 1 5 0 1 1 3 1 3 1 3 1 3 1 1 1 1 1 1 1 1 1 1 1 1 1 1 1 1 1 1 1 1 1 1 1 100 100 1 1 1 1 1 1 1 1 1 1 1 100 100 1 1 1 1 100 1 1 1 1 1 1 1 1 1 1 1 1 1 1 1 1 1 1 1 1 1 1 1 1 1 1 1 1 1 1 1 100 1 100 100 100 1 1 100 100 100 1 1 1 1 1 1 1 1 1 1 1 100 1 1 100 100 100 1 1 100 1 1 1 1 1 1 100 1 1 1 1 1 1 1 1 100 100 100 1 1 100 100 100 100 1 100 1 1 1 1 1 1 1 1 1 1 1 1 1 1 1 1 1 1 1 1 1 1 1 1 1 1 1 12 12 12 12 12 12 1 12 1 7 12 12 12 12 12 1 12 12 12 1 12 12 12 12 12 12 12 1 1 12 12 1 1 1 12 7 12 1 1 12 12 12 12 1 1 1 12 12 12 12 12 12 12 12 12 12 12 1 1 100 12 1 1 100 12 100 12 12 1 1 12 12 12 1 12 12 12 100 12 1 1 1 12 12 12 100 12 12 100 12 12 12 12 1 12 12 12 1 12 12 12 1 1 12 12 12 7 12 7 12 12 12 12 12 1 12 1 12 12 12 12 1 1 1 1 1 1 12 12 12 12 12 12 1 12 1 12 1 12 12 12 100 12 12 12 1 100 12 1 12 12 1 1 12 12 100 12 12 12 12 12 12 1 1 12 1 12 1 1 12 12 12 1 1 12 12 12 7 12 100 12 1 100 12 1 1 1 1 1 12 12 100 12 100 12 12 1 1 12 12 12 1 1 1 1 1 1 1 12 1 1 12 1 1 12 100 12 12 12 12 12 7 12 1 12 12 12 1 12 1 12 1 12 12 1 12 1 12 1 12 1 12 1 12 1 12 1 12 12 1 12 12 12 12 1 12 12 1 12 12 12 12 1 12 12 12 1 1 1 1 1 1 1 1 1 1 1 1 1 1 1 1 1 1 1 1 1 1 1 1 1 1 1 1 1 1 1 1 1 1 1 1 1 1 1 1 1 1 1 1 1 1 1 1 1 1 1 1 1 1 1 1 1 1 1 1 1 1 1 1 1 1 1 1 1 1 1 1 1 1 1 1 1 1 1 1 1 1 1 1 1 1 1 1 1 1 1 1 1 1 1 1 1 1 1 1 100 1 1 1 1 1 1 1 1 1 1 1 1 1 1 1 1 1 1 1 1 1 1 1 1 1 1 1 1 1 1 1 1 1 1 1 1 1 1 1 1 1 1 1 1 1 1 1 1 1 1 1 1 1 1 1 1
staticfield java/util/Locale LOCALECACHE Ljava/util/Locale$Cache; java/util/Locale$Cache
staticfield java/util/Locale ENGLISH Ljava/util/Locale; java/util/Locale
staticfield java/util/Locale FRENCH Ljava/util/Locale; java/util/Locale
staticfield java/util/Locale GERMAN Ljava/util/Locale; java/util/Locale
staticfield java/util/Locale ITALIAN Ljava/util/Locale; java/util/Locale
staticfield java/util/Locale JAPANESE Ljava/util/Locale; java/util/Locale
staticfield java/util/Locale KOREAN Ljava/util/Locale; java/util/Locale
staticfield java/util/Locale CHINESE Ljava/util/Locale; java/util/Locale
staticfield java/util/Locale SIMPLIFIED_CHINESE Ljava/util/Locale; java/util/Locale
staticfield java/util/Locale TRADITIONAL_CHINESE Ljava/util/Locale; java/util/Locale
staticfield java/util/Locale FRANCE Ljava/util/Locale; java/util/Locale
staticfield java/util/Locale GERMANY Ljava/util/Locale; java/util/Locale
staticfield java/util/Locale ITALY Ljava/util/Locale; java/util/Locale
staticfield java/util/Locale JAPAN Ljava/util/Locale; java/util/Locale
staticfield java/util/Locale KOREA Ljava/util/Locale; java/util/Locale
staticfield java/util/Locale CHINA Ljava/util/Locale; java/util/Locale
staticfield java/util/Locale PRC Ljava/util/Locale; java/util/Locale
staticfield java/util/Locale TAIWAN Ljava/util/Locale; java/util/Locale
staticfield java/util/Locale UK Ljava/util/Locale; java/util/Locale
staticfield java/util/Locale US Ljava/util/Locale; java/util/Locale
staticfield java/util/Locale CANADA Ljava/util/Locale; java/util/Locale
staticfield java/util/Locale CANADA_FRENCH Ljava/util/Locale; java/util/Locale
staticfield java/util/Locale ROOT Ljava/util/Locale; java/util/Locale
staticfield java/util/Locale serialPersistentFields [Ljava/io/ObjectStreamField; 6 [Ljava/io/ObjectStreamField;
staticfield java/util/Locale $assertionsDisabled Z 1
ciInstanceKlass java/util/concurrent/ConcurrentHashMap 1 1 1036 7 7 3 3 100 10 100 10 100 11 11 11 9 9 9 10 7 10 10 10 100 10 3 10 9 10 10 5 0 10 5 0 10 10 9 10 9 9 10 9 10 9 10 100 10 100 10 10 10 10 10 10 10 100 10 10 10 11 10 11 11 11 11 100 11 11 10 10 9 10 9 10 9 10 5 0 9 7 10 9 7 10 9 7 10 100 10 10 8 10 10 100 11 100 7 4 10 10 8 10 8 10 8 10 10 10 10 5 0 7 100 10 9 9 10 9 11 11 7 10 11 10 100 10 100 10 10 9 10 10 9 10 9 10 9 9 10 10 9 9 10 10 9 9 9 9 10 7 9 9 100 10 9 10 9 7 10 9 10 100 5 0 10 100 10 10 10 100 10 10 100 100 10 10 10 100 10 10 100 10 10 100 10 100 10 10 10 100 10 10 10 100 10 10 100 10 10 100 10 10 100 10 10 100 10 10 100 10 10 100 10 10 100 10 10 100 10 10 100 10 10 100 10 10 100 10 10 100 10 10 100 10 10 100 10 10 100 10 10 100 10 10 100 10 10 100 10 10 100 10 10 100 10 10 100 10 10 100 10 10 100 10 10 10 10 10 7 10 9 9 10 8 10 10 8 8 8 8 10 10 100 8 10 100 10 7 100 100 1 1 1 1 1 1 1 1 1 1 1 1 1 1 1 1 1 1 1 1 1 1 1 1 1 1 1 1 1 1 1 1 100 1 1 1 1 100 1 100 1 100 1 100 1 100 1 100 1 1 1 100 1 1 100 1 1 1 1 1 1 1 1 1 1 1 5 0 1 1 1 3 1 3 1 1 1 1 3 1 3 1 3 1 1 1 1 1 3 1 3 1 3 1 1 1 1 1 1 1 1 1 1 1 1 1 1 1 1 1 1 1 1 1 1 1 1 1 1 1 1 1 1 1 1 1 1 1 1 1 1 1 1 1 100 100 100 100 1 1 1 1 1 1 1 1 1 1 1 1 1 1 1 1 100 1 1 1 1 1 1 1 1 1 1 100 1 1 1 1 100 1 1 1 1 1 100 1 1 100 1 1 1 100 100 1 1 1 100 1 1 100 100 1 1 100 100 1 1 1 1 1 100 1 100 100 1 1 100 1 100 1 1 100 100 1 1 1 1 1 1 1 1 1 1 1 1 1 1 1 100 1 1 1 100 1 1 1 1 1 1 1 1 1 1 1 1 1 1 1 1 1 1 1 1 1 1 1 1 1 100 100 1 1 1 1 1 1 100 100 1 1 1 1 1 1 1 1 1 1 1 1 1 1 1 1 1 1 1 1 1 1 1 1 1 1 1 1 1 1 1 1 1 1 1 1 1 1 1 1 1 1 1 1 1 1 1 1 1 1 1 1 1 1 1 1 1 1 1 1 1 1 1 1 1 1 1 1 1 1 1 1 1 1 1 1 1 1 1 1 1 1 100 1 1 1 1 1 1 7 12 1 7 12 1 12 12 12 12 12 12 7 12 1 12 12 12 1 12 12 12 12 12 12 12 12 12 12 12 12 12 12 12 12 1 1 12 12 12 12 12 12 12 1 12 12 12 12 12 12 100 12 100 12 12 1 12 12 12 12 12 12 12 12 12 12 1 12 12 1 12 12 1 1 12 1 12 12 1 1 1 12 100 12 1 100 12 1 12 1 12 12 100 12 12 1 12 12 12 12 100 12 100 12 1 7 12 12 1 12 1 7 12 12 12 12 100 12 12 12 12 12 12 100 12 12 12 12 12 12 12 12 12 12 1 12 1 12 12 12 12 1 12 12 12 1 100 12 1 12 12 12 1 12 1 1 12 1 12 1 12 1 12 1 12 12 1 12 12 1 12 1 12 1 12 1 12 1 12 1 12 1 12 1 12 1 1 1 1 12 1 12 1 12 1 12 1 12 1 1 1 1 12 1 12 1 12 1 12 1 12 12 7 12 12 1 12 12 12 12 12 12 1 12 12 1 1 12 1 12 1 1 1 1 1 1 1 1 1 1 1 1 1 1 1 1 1 1 1 1 1 1 1 1 1 1 1 1 1 1 1 1 1 1 1 1 1 1 1 1 1 1 1 1 1 1 1 1 1 1 1 1 1 1 1 1 1 1 1 1 1 1 1 1 1 1 1 1 1 1 1 1 1 1 1 1 1 1 1 1 1 1 1 1 1 1 1 1 1 1 1 1 1 1 1 1 1 1 1 1 1 1 1 1 1 1 1 1 1 1 1 1 1 1 1 1 1 1 1 1 1 1 1 1 1 1 1 1 1 1 1 1 1 1 1 1 1 1 1 1 1 1 1 1 1 1 1 1 1 1 1 1 1 1 1 1 1
staticfield java/util/concurrent/ConcurrentHashMap MAX_RESIZERS I 65535
staticfield java/util/concurrent/ConcurrentHashMap RESIZE_STAMP_SHIFT I 16
staticfield java/util/concurrent/ConcurrentHashMap NCPU I 12
staticfield java/util/concurrent/ConcurrentHashMap serialPersistentFields [Ljava/io/ObjectStreamField; 3 [Ljava/io/ObjectStreamField;
staticfield java/util/concurrent/ConcurrentHashMap U Lsun/misc/Unsafe; sun/misc/Unsafe
staticfield java/util/concurrent/ConcurrentHashMap SIZECTL J 20
staticfield java/util/concurrent/ConcurrentHashMap TRANSFERINDEX J 32
staticfield java/util/concurrent/ConcurrentHashMap BASECOUNT J 24
staticfield java/util/concurrent/ConcurrentHashMap CELLSBUSY J 36
staticfield java/util/concurrent/ConcurrentHashMap CELLVALUE J 144
staticfield java/util/concurrent/ConcurrentHashMap ABASE J 16
staticfield java/util/concurrent/ConcurrentHashMap ASHIFT I 2
instanceKlass sun/net/www/protocol/jar/Handler
instanceKlass sun/net/www/protocol/file/Handler
ciInstanceKlass java/net/URLStreamHandler 1 1 237 10 100 8 10 10 10 10 10 10 10 10 10 10 10 10 10 10 10 10 10 100 7 10 8 10 10 10 10 8 8 8 10 8 8 10 8 10 10 8 10 8 10 8 10 10 10 10 10 10 10 10 10 10 9 10 9 10 100 100 10 7 10 10 8 8 10 8 10 8 10 10 7 7 1 1 1 1 1 1 1 100 1 1 1 1 100 100 100 1 1 1 1 1 1 100 1 1 1 100 100 1 1 1 100 1 1 1 1 1 1 1 1 12 1 1 12 7 12 12 12 12 12 12 12 12 7 12 12 12 12 12 12 12 100 12 1 1 1 12 12 100 12 1 1 1 12 1 1 12 1 12 12 1 12 1 12 1 12 12 12 12 12 100 12 12 12 12 12 12 12 12 1 1 1 12 12 1 1 12 1 1 12 1 1 1 1 1 1 1 1 1 1 1 1 1 1 1 1 1 1 1 1 1 1 1 1 1 1 1 1 1 1 1 1 1 1 1 1 1 1 1 1 1 1 1 1 1 1 1 1 1 1 1 1 1 1
ciInstanceKlass sun/net/www/protocol/file/Handler 1 1 132 10 10 8 9 10 10 10 10 10 10 8 10 8 7 10 10 100 10 8 10 10 10 7 8 10 8 10 10 10 100 8 10 10 7 10 10 7 7 1 1 1 1 1 1 1 100 1 1 1 1 1 1 100 100 100 100 100 100 100 1 1 1 1 1 1 12 12 1 12 7 12 12 12 12 7 12 12 1 12 1 1 12 12 1 1 12 12 12 1 1 12 1 12 12 12 1 1 12 1 12 12 1 1 1 1 1 1 1 1 1 1 1 1 1 1 1 1 1 1 1 1 1 1 1 1 1 1 1 1 1 1
ciInstanceKlass java/security/Principal 0 0 30 10 11 100 100 1 1 1 1 1 1 1 1 1 1 1 1 1 1 100 12 100 12 1 1 1 1 1 1 1
ciInstanceKlass sun/misc/URLClassPath 1 1 532 9 9 9 9 9 9 10 10 10 7 10 9 7 10 9 9 7 10 9 9 10 10 8 11 9 10 10 100 10 10 11 11 7 10 7 11 10 10 9 10 10 7 10 100 10 9 100 10 8 10 8 10 10 10 7 10 10 7 10 10 10 9 9 10 10 10 9 9 8 10 8 10 8 8 10 10 8 10 8 8 10 10 10 10 10 10 10 100 8 8 10 10 8 7 10 10 7 10 10 100 9 10 10 10 100 10 10 10 10 10 10 100 10 10 10 10 100 10 8 10 10 10 100 8 100 10 10 10 10 7 8 10 10 7 9 8 8 8 8 8 8 8 10 10 8 8 10 7 7 100 1 1 100 1 1 1 1 1 8 1 1 1 1 1 1 1 1 1 1 1 1 1 1 1 1 1 1 1 1 1 1 1 1 1 1 1 1 1 1 1 1 1 1 1 100 100 100 1 1 1 1 100 100 100 100 1 1 1 100 100 1 1 1 1 100 100 1 1 1 1 1 1 1 1 1 1 1 1 1 1 1 1 1 1 1 1 1 1 1 1 1 1 1 1 1 1 1 1 100 100 1 100 1 1 1 1 100 100 1 1 100 1 100 100 100 1 1 1 1 1 1 1 1 1 1 1 1 1 1 1 1 12 12 12 12 12 12 12 12 12 1 12 1 12 12 1 12 12 12 12 1 7 12 12 12 100 12 1 12 100 12 12 1 12 1 100 12 12 12 12 12 1 12 12 7 12 1 1 12 1 12 100 12 12 1 12 1 12 12 12 12 12 12 12 12 12 1 12 1 12 1 1 7 12 12 1 12 1 1 12 12 12 12 12 12 12 1 1 1 12 12 1 1 12 7 12 1 12 12 1 12 12 12 12 1 12 12 12 100 12 12 12 1 12 12 100 12 100 12 1 100 12 1 12 12 12 1 1 1 12 12 12 12 1 1 12 1 12 1 1 1 1 1 1 1 12 1 1 7 12 1 1 1 1 1 1 1 1 1 1 1 1 1 1 1 1 1 1 1 1 1 1 1 1 1 1 1 1 1 1 1 1 1 1 1 1 1 1 1 1 1 1 1 1 1 1 1 1 1 1 1 1 1 1 1 1 1 1 1 1 1 1 1 1 1 1 1 1 1 1 1 1 1 1 1 1 1 1 1 1 1 1 1 1 1 1 1 1 1 1 1 1 1 1 1 1 1 1 1 1 1
staticfield sun/misc/URLClassPath JAVA_VERSION Ljava/lang/String; "1.8.0_202"
staticfield sun/misc/URLClassPath DEBUG Z 0
staticfield sun/misc/URLClassPath DEBUG_LOOKUP_CACHE Z 0
staticfield sun/misc/URLClassPath DISABLE_JAR_CHECKING Z 0
staticfield sun/misc/URLClassPath DISABLE_ACC_CHECKING Z 0
staticfield sun/misc/URLClassPath DISABLE_CP_URL_CHECK Z 1
staticfield sun/misc/URLClassPath DEBUG_CP_URL_CHECK Z 0
ciInstanceKlass java/net/URLClassLoader$1 1 1 81 9 9 10 10 8 10 10 10 10 100 100 10 10 7 7 100 1 1 1 1 1 1 1 1 1 1 1 100 100 100 100 1 1 1 1 100 1 1 1 1 7 12 12 12 12 7 12 1 12 12 7 12 12 1 1 12 12 1 1 1 1 1 1 1 1 1 1 1 1 1 1 1 1 1 1 1 1 1 1 1
instanceKlass sun/misc/URLClassPath$JarLoader
ciInstanceKlass sun/misc/URLClassPath$Loader 1 1 128 9 10 100 10 10 100 100 8 10 10 10 100 8 10 10 10 10 10 100 100 10 10 9 100 10 10 10 7 7 100 1 1 1 1 1 1 1 1 1 1 1 1 1 1 1 100 100 100 100 100 100 1 1 1 1 1 1 100 1 1 1 1 1 1 12 12 1 100 12 12 1 1 1 12 100 12 12 1 1 12 12 100 12 12 100 12 1 1 12 100 12 12 1 12 12 100 1 1 1 1 1 1 1 1 1 1 1 1 1 1 1 1 1 1 1 1 1 1 1 1 1 1 1 1 1 1 1
ciInstanceKlass sun/misc/URLClassPath$JarLoader 1 1 539 7 9 9 9 9 9 10 9 9 7 8 8 7 10 10 8 10 10 10 10 9 10 10 10 10 7 10 10 10 10 8 10 10 7 10 10 7 10 7 10 10 9 11 8 10 10 7 10 10 7 10 10 7 10 10 10 10 8 9 10 100 10 100 10 10 10 10 100 100 7 10 8 10 10 10 11 11 100 10 10 10 10 10 10 7 10 10 10 10 7 10 100 10 10 7 100 10 10 10 10 11 10 100 8 10 10 10 11 10 10 9 10 10 10 7 10 10 10 10 10 10 10 100 9 10 10 10 10 10 10 10 10 8 10 100 10 9 8 8 10 10 7 1 1 1 1 1 1 1 1 1 1 1 1 1 1 1 1 1 1 1 1 1 1 1 1 1 1 1 1 100 100 100 100 100 100 1 1 1 1 1 1 1 1 1 100 1 1 100 100 1 100 1 1 1 1 100 100 100 1 1 100 100 1 1 100 1 1 1 100 100 100 1 1 1 1 1 1 100 1 1 100 1 1 1 1 1 1 1 1 1 1 1 1 1 1 1 1 1 1 1 1 1 1 1 1 12 12 12 12 12 12 12 12 1 1 1 12 12 1 12 12 12 12 12 12 12 12 7 12 1 12 7 12 12 12 1 12 12 1 12 7 12 1 12 1 7 12 12 12 100 12 1 12 1 1 12 1 12 12 12 1 12 100 12 1 12 1 12 12 12 12 1 1 1 12 1 12 12 12 100 12 12 1 12 12 7 12 12 12 12 1 12 7 12 100 12 1 12 1 100 12 100 12 1 1 12 12 12 12 100 12 12 1 1 12 7 12 7 12 12 7 12 7 12 7 12 12 7 12 1 12 12 12 12 12 100 12 1 12 12 100 12 12 12 12 12 12 1 12 1 12 12 1 1 100 12 12 1 1 1 1 1 1 1 1 1 1 1 1 1 1 1 1 1 1 1 1 1 1 1 1 1 1 1 1 1 1 1 1 1 1 1 1 1 1 1 1 1 1 1 1 1 1 1 1 1 1 1 1 1 1 1 1 1 1 1 1 1 1 1 1 1 1 1 1 1 1 1 1 1 1 1 1 1 1 1 1 1 1 1 1 1 1 1 1 1 1 1 1 1 1 1 1 1 1 1 1 1 1 1 1 1 1 1 1 1 1 1 1 1 1 1 1 1 1 1 1 1 1 1 1 1 1 1 1 1 1 1 1 1 1 1 1 1 1 1 1
staticfield sun/misc/URLClassPath$JarLoader zipAccess Lsun/misc/JavaUtilZipFileAccess; java/util/zip/ZipFile$1
instanceKlass java/util/jar/JarFile
ciInstanceKlass java/util/zip/ZipFile 1 1 527 7 100 10 10 10 10 10 10 10 9 10 9 10 9 9 10 10 9 7 10 7 10 9 10 10 7 10 7 10 9 100 100 10 8 10 10 10 10 10 10 10 10 100 8 10 10 9 10 10 9 10 10 10 10 10 10 10 9 10 10 8 10 10 9 8 10 9 9 10 7 10 10 11 5 0 5 0 5 0 5 0 10 7 10 100 8 10 11 7 10 10 10 11 100 10 10 100 10 10 10 10 10 8 10 10 9 10 9 9 9 9 10 9 11 100 10 11 11 11 11 11 100 11 100 10 11 10 10 10 100 8 10 8 8 10 8 10 10 8 10 8 8 7 10 10 7 100 100 1 1 1 1 1 1 1 1 1 1 1 1 1 1 1 3 1 3 1 3 1 3 1 1 1 1 1 1 1 1 1 1 1 1 1 1 3 1 1 1 1 1 1 1 100 1 1 1 1 100 100 100 100 100 1 1 1 1 100 100 100 1 1 100 1 1 1 1 1 100 100 100 1 1 1 1 1 1 1 1 1 1 1 1 1 1 1 1 1 1 100 100 1 1 1 1 1 1 1 1 1 1 1 1 1 1 1 1 1 1 1 1 1 1 1 1 1 1 1 1 1 1 1 1 1 1 1 1 1 1 1 1 1 1 1 1 1 1 1 1 1 1 1 1 1 1 1 1 12 12 12 12 12 12 12 12 12 12 12 12 12 12 12 12 1 12 1 12 7 12 12 12 1 1 12 1 1 1 12 100 12 12 12 7 12 100 12 12 1 1 7 12 12 12 12 12 12 7 12 12 12 12 12 12 12 12 12 12 12 12 1 12 12 12 1 12 12 7 12 12 1 12 1 1 7 12 1 12 12 12 12 1 12 12 1 100 12 100 12 12 12 1 12 12 12 12 12 12 12 12 12 12 12 1 12 12 12 100 12 100 12 12 1 1 12 1 12 12 12 12 1 1 1 1 12 1 7 12 100 12 1 12 1 1 1 7 12 1 1 1 1 1 1 1 1 1 1 1 1 1 1 1 1 1 1 1 1 1 1 1 1 1 1 1 1 1 1 1 1 1 1 1 1 1 1 1 1 1 1 1 1 1 1 1 1 1 1 1 1 1 1 1 1 1 1 1 1 1 1 1 1 1 1 1 1 1 1 1 1 1 1 1 1 1 1 1 1 1 1 1 1 1 1 1 1 1 1 1
staticfield java/util/zip/ZipFile usemmap Z 1
staticfield java/util/zip/ZipFile ensuretrailingslash Z 1
instanceKlass java/io/CharConversionException
instanceKlass org/apache/xerces/util/URI$MalformedURIException
instanceKlass java/io/EOFException
instanceKlass com/google/gson/stream/MalformedJsonException
instanceKlass java/net/UnknownHostException
instanceKlass java/net/SocketException
instanceKlass java/io/ObjectStreamException
instanceKlass com/fasterxml/jackson/core/JacksonException
instanceKlass java/net/MalformedURLException
instanceKlass java/io/UnsupportedEncodingException
instanceKlass java/io/FileNotFoundException
ciInstanceKlass java/io/IOException 1 1 27 10 10 10 10 100 7 1 1 1 5 0 1 1 1 1 1 1 1 1 1 12 12 12 12 1 1
instanceKlass sun/net/www/protocol/jar/URLJarFile
ciInstanceKlass java/util/jar/JarFile 1 1 466 9 10 10 7 10 7 10 10 9 10 9 10 7 10 10 9 7 10 7 10 10 10 10 7 10 10 7 10 7 10 100 10 10 100 10 10 10 9 10 8 10 8 8 8 10 7 8 10 10 10 100 8 10 7 10 10 10 100 9 8 10 10 10 8 10 8 10 10 10 100 10 10 100 10 10 9 10 9 10 9 10 9 9 9 10 9 7 8 10 10 7 9 9 7 10 10 8 10 8 8 8 8 8 8 8 8 8 8 10 10 100 10 10 10 10 10 100 10 10 100 10 10 11 100 10 10 100 10 9 10 10 10 10 100 10 7 10 10 1 1 1 1 1 1 1 1 1 1 1 1 1 1 1 1 1 1 1 1 1 1 1 1 1 1 1 1 1 1 1 1 1 1 1 1 1 1 1 1 100 100 100 1 1 1 1 1 1 100 1 1 1 1 1 1 1 1 100 100 1 100 100 1 1 100 100 100 1 1 1 1 1 1 1 1 1 1 1 1 1 1 1 1 1 1 100 1 1 1 1 100 1 1 1 1 1 1 1 1 1 1 1 1 1 1 12 12 12 1 12 1 12 12 12 12 12 12 1 12 12 12 1 12 1 12 12 12 1 12 12 1 1 12 1 12 12 1 100 12 100 12 12 7 12 12 1 12 1 1 1 12 1 1 12 7 12 12 1 1 1 12 12 12 1 12 1 100 12 12 12 1 12 1 7 12 7 12 7 12 1 12 12 1 1 12 12 12 12 12 7 12 12 12 12 12 12 12 12 1 1 7 12 1 12 12 1 12 12 1 12 1 1 1 1 1 1 1 1 1 1 12 1 12 12 12 12 12 1 12 12 1 12 12 100 12 1 12 1 12 12 12 12 12 1 1 7 12 1 1 1 1 1 1 1 1 1 1 1 1 1 1 1 1 1 1 1 1 1 1 1 1 1 1 1 1 1 1 1 1 1 1 1 1 1 1 1 1 1 1 1 1 1 1 1 1 1 1 1 1 1 1 1 1 1 1 1 1 1 1 1 1 1 1 1 1 1 1 1 1 1 1 1 1 1 1 1
staticfield java/util/jar/JarFile CLASSPATH_CHARS [C 10
staticfield java/util/jar/JarFile CLASSPATH_LASTOCC [I 128
staticfield java/util/jar/JarFile CLASSPATH_OPTOSFT [I 10
ciInstanceKlass sun/misc/JavaUtilJarAccess 1 0 32 100 100 1 1 1 100 1 1 1 1 1 1 1 1 1 1 1 1 1 1 1 1 1 1 1 1 1 1 1 1 1
ciInstanceKlass java/util/jar/JavaUtilJarAccessImpl 1 1 71 10 10 10 10 10 10 10 10 10 10 100 7 100 1 1 1 1 1 1 1 100 1 1 1 1 1 1 1 1 1 1 1 1 1 1 1 1 1 1 1 1 1 1 12 7 12 12 12 12 12 12 12 7 12 12 1 1 1 1 1 1 1 1 1 1 1 1 1 1 1
ciInstanceKlass java/util/Deque 1 0 80 100 100 100 1 1 1 1 1 1 1 1 1 1 1 1 1 1 1 1 1 1 1 1 1 1 1 1 1 1 1 1 1 1 1 1 1 1 1 1 1 1 1 1 1 1 1 100 1 8 1 1 12 10 1 1 1 8 1 1 1 8 1 1 1 8 1 1 8 1 1 1 8 1 1 8 1 1 8 1
ciInstanceKlass java/util/ArrayDeque 1 1 269 10 7 10 7 9 9 9 9 100 10 100 8 10 10 10 10 10 11 10 100 10 10 10 10 10 100 10 10 10 10 10 10 10 10 100 10 100 10 100 10 10 10 10 10 10 100 10 10 100 10 10 10 10 10 10 11 10 100 10 10 10 7 100 100 100 100 1 1 1 1 1 1 1 1 1 1 1 3 1 1 5 0 1 1 1 1 1 1 1 1 1 1 1 100 1 1 1 1 1 1 1 1 1 1 1 1 1 1 1 1 1 100 1 1 1 1 1 1 1 1 1 1 1 1 1 1 1 1 1 1 1 1 1 1 1 1 1 1 1 1 1 1 1 1 1 1 1 100 1 1 1 1 100 1 1 100 1 1 1 1 1 1 1 1 1 12 1 12 1 12 12 12 12 1 12 1 1 12 100 12 12 12 100 12 1 12 12 12 12 1 12 12 12 12 12 12 12 1 1 12 1 12 12 12 7 12 100 12 12 100 12 1 100 12 12 12 100 12 12 100 12 100 12 12 1 12 12 12 1 1 1 1 1 1 1 1 1 1 1 1 1 1 1 1 1 1 1 1 1 1 1 1 1 1 1 1 1 1 1 1 1 1 1 1 1 1 1 1
staticfield java/util/ArrayDeque $assertionsDisabled Z 1
ciInstanceKlass java/util/zip/ZipCoder 1 1 201 10 10 10 7 10 9 7 11 100 8 10 10 10 10 10 10 10 10 10 10 10 10 10 10 7 11 10 10 10 10 10 10 9 7 9 10 10 9 10 10 9 10 9 10 10 9 10 10 10 7 1 1 1 1 1 1 1 1 1 1 1 1 1 1 1 100 100 100 100 100 1 1 1 100 100 100 100 1 1 1 1 1 1 1 1 1 1 1 1 1 12 7 12 12 1 12 12 1 12 1 1 12 12 100 12 100 12 12 100 12 12 12 12 12 12 7 12 12 12 1 12 7 12 12 12 12 12 12 1 7 12 12 12 12 7 12 12 12 12 7 12 12 12 12 12 12 12 1 1 1 1 1 1 1 1 1 1 1 1 1 1 1 1 1 1 1 1 1 1 1 1 1 1 1 1 1 1 1 1 1 1 1 1 1 1 1 1 1 1 1 1 1 1 1 1 1 1 1 1 1
ciInstanceKlass sun/misc/PerfCounter 1 1 152 10 9 9 7 10 10 10 10 9 10 10 10 10 10 10 100 10 10 8 10 10 9 9 9 9 9 9 9 7 10 10 7 7 100 1 1 7 1 1 1 1 1 1 3 1 3 1 3 1 1 1 1 1 1 1 1 1 1 1 1 1 1 1 1 1 1 1 1 1 1 1 1 1 1 1 1 1 1 1 1 1 1 12 12 12 1 12 7 12 7 12 12 12 12 7 12 12 12 12 7 12 1 12 1 12 12 12 12 12 12 12 12 12 1 1 7 12 1 1 1 1 1 1 1 1 1 1 1 1 1 1 1 1 1 1 1 1 1 1 1 1 1 1 1 1 1 1 1 1 1 1
staticfield sun/misc/PerfCounter perf Lsun/misc/Perf; sun/misc/Perf
ciInstanceKlass sun/misc/PerfCounter$CoreCounters 1 1 53 10 8 10 9 8 9 8 9 8 9 8 9 8 9 7 100 1 1 1 1 1 1 1 1 1 1 1 1 1 1 12 1 7 12 12 1 12 1 12 1 12 1 12 1 12 1 1 1 1 1 1 1
staticfield sun/misc/PerfCounter$CoreCounters pdt Lsun/misc/PerfCounter; sun/misc/PerfCounter
staticfield sun/misc/PerfCounter$CoreCounters lc Lsun/misc/PerfCounter; sun/misc/PerfCounter
staticfield sun/misc/PerfCounter$CoreCounters lct Lsun/misc/PerfCounter; sun/misc/PerfCounter
staticfield sun/misc/PerfCounter$CoreCounters rcbt Lsun/misc/PerfCounter; sun/misc/PerfCounter
staticfield sun/misc/PerfCounter$CoreCounters zfc Lsun/misc/PerfCounter; sun/misc/PerfCounter
staticfield sun/misc/PerfCounter$CoreCounters zfot Lsun/misc/PerfCounter; sun/misc/PerfCounter
instanceKlass java/nio/DirectLongBufferU
ciInstanceKlass java/nio/LongBuffer 1 1 179 10 9 9 10 100 10 100 10 10 100 10 10 10 10 100 10 10 10 10 100 10 100 10 10 10 9 100 10 100 10 10 10 10 8 10 10 8 10 8 10 8 10 10 7 10 10 10 10 10 10 7 100 1 1 1 1 1 1 1 1 1 1 1 1 1 1 1 1 100 1 1 1 1 1 1 1 1 1 1 1 1 1 1 1 1 1 1 1 1 1 1 1 1 1 100 1 1 1 1 1 1 1 1 1 1 1 1 1 12 12 12 12 1 12 1 12 12 1 12 12 12 1 12 12 12 1 1 12 12 12 1 1 100 12 100 12 12 1 12 12 1 12 1 12 1 12 12 1 12 100 12 12 100 12 12 1 1 1 1 1 1 1 1 1 1 1 1 1 1 1 1 1 1 1 1 1 1 1
ciInstanceKlass java/nio/DirectLongBufferU 1 1 204 9 10 11 9 10 10 9 100 10 7 10 10 10 100 10 9 10 10 10 10 7 5 0 10 100 10 10 10 10 9 10 10 10 10 10 100 10 100 10 10 9 10 10 9 10 10 10 10 10 10 10 10 9 9 10 10 7 10 10 9 7 7 1 1 1 1 1 1 1 1 1 1 1 1 1 1 1 1 1 1 1 1 1 1 1 1 1 1 1 1 1 1 1 1 100 100 1 1 1 1 1 1 100 1 1 1 1 12 12 12 12 12 12 12 1 12 1 12 12 12 1 12 12 12 7 12 12 1 12 1 12 100 12 12 12 12 12 12 12 12 1 1 12 12 12 12 12 12 12 12 12 12 12 7 12 12 1 12 12 12 1 1 1 1 1 1 1 1 1 1 1 1 1 1 1 1 1 1 1 1 1 1 1 1 1 1 1 1 1 1 1 1 1 1 1 1 1 1 1 1 1 1 1
staticfield java/nio/DirectLongBufferU unsafe Lsun/misc/Unsafe; sun/misc/Unsafe
staticfield java/nio/DirectLongBufferU arrayBaseOffset J 16
staticfield java/nio/DirectLongBufferU unaligned Z 1
staticfield java/nio/DirectLongBufferU $assertionsDisabled Z 1
instanceKlass java/util/jar/JarEntry
ciInstanceKlass java/util/zip/ZipEntry 1 1 232 100 10 5 0 9 9 9 9 9 9 8 10 10 3 100 8 10 9 8 9 9 9 9 9 10 7 5 0 5 0 9 10 10 10 8 100 10 10 8 8 8 5 0 8 8 10 8 10 10 10 10 10 10 8 10 10 10 10 10 100 100 100 10 7 100 100 1 1 1 1 1 1 1 1 1 1 1 1 1 1 1 1 1 1 1 3 1 3 1 1 1 1 1 1 1 100 100 1 1 1 1 1 1 1 1 1 1 1 1 1 1 1 1 1 1 1 1 1 1 1 1 1 1 1 1 1 1 1 1 1 1 1 1 1 1 1 1 100 1 1 1 12 12 12 12 12 12 12 7 12 7 12 1 1 12 12 1 12 12 12 12 12 7 12 1 100 12 12 12 12 1 1 12 12 1 1 1 1 1 12 1 12 12 12 7 12 12 12 1 12 12 12 12 100 1 1 12 1 1 1 1 1 1 1 1 1 1 1 1 1 1 1 1 1 1 1 1 1 1 1 1 1 1 1 1 1 1 1 1 1 1
instanceKlass sun/net/www/protocol/jar/URLJarFile$URLJarFileEntry
instanceKlass java/util/jar/JarFile$JarFileEntry
ciInstanceKlass java/util/jar/JarEntry 1 1 49 10 10 10 9 9 9 10 100 10 100 7 7 1 1 1 1 1 1 1 1 1 1 1 1 1 1 1 100 1 1 1 1 1 1 1 12 12 12 12 12 100 12 100 1 1 1 1 1
ciInstanceKlass java/util/jar/JarFile$JarFileEntry 1 1 86 9 10 10 10 10 10 100 100 10 9 10 10 10 100 9 10 10 100 7 7 1 1 1 1 1 1 1 1 1 100 1 1 1 100 1 1 1 1 12 12 7 12 12 100 12 12 1 1 12 12 12 100 12 100 12 1 12 12 100 1 1 1 1 1 1 1 1 1 1 1 1 1 1 1 1 1 1 1 1 1 1 1 1 1 1
ciInstanceKlass java/util/zip/ZipFile$ZipFileInputStream 1 1 100 9 10 9 9 10 9 10 9 9 10 10 10 10 10 100 5 0 3 10 10 11 7 7 1 1 1 1 1 1 1 1 1 1 1 1 1 1 1 1 100 100 1 100 1 100 1 1 1 1 1 1 100 1 1 1 12 12 12 12 7 12 12 12 12 12 12 12 12 12 12 1 12 12 7 12 1 1 1 1 1 1 1 1 1 1 1 1 1 1 1 1 1 1 1 1 1 1 1 1
ciInstanceKlass java/util/zip/Inflater 1 1 155 10 9 9 7 10 10 9 10 100 10 100 10 9 9 10 10 10 10 9 10 9 10 9 9 10 10 10 10 10 10 10 10 9 10 100 10 8 10 7 10 10 7 1 1 1 1 1 1 1 1 1 1 1 1 1 1 1 1 1 1 1 1 1 1 1 100 100 100 100 1 1 1 1 1 1 1 1 1 1 100 1 1 1 1 1 1 1 1 1 1 1 1 1 1 1 1 1 1 1 1 1 1 1 12 12 12 1 12 12 12 12 1 1 12 12 12 12 12 12 12 12 12 12 12 12 12 12 12 12 12 12 12 12 12 100 12 1 1 12 1 7 12 12 1 1 1 1 1 1 1 1 1 1 1
staticfield java/util/zip/Inflater defaultBuf [B 0
staticfield java/util/zip/Inflater $assertionsDisabled Z 1
ciInstanceKlass java/util/zip/ZStreamRef 1 1 20 10 9 7 7 1 1 1 1 1 1 1 1 1 1 1 12 12 1 1
instanceKlass java/util/zip/ZipInputStream
instanceKlass java/util/zip/ZipFile$ZipFileInflaterInputStream
ciInstanceKlass java/util/zip/InflaterInputStream 1 1 163 9 100 8 10 10 9 9 9 9 100 10 100 8 10 9 9 10 7 10 10 10 10 10 100 10 10 10 10 10 10 100 10 100 8 10 8 100 5 0 10 10 9 10 10 9 100 8 10 10 8 7 7 1 1 1 1 1 1 1 1 1 1 1 1 1 1 1 1 1 1 1 1 100 100 100 1 1 1 1 1 100 100 100 1 1 1 1 1 1 1 1 1 1 1 1 12 1 1 12 12 12 12 12 12 1 12 1 1 12 12 12 1 12 12 12 100 12 1 12 12 12 12 12 1 12 1 1 1 1 100 12 12 12 7 12 12 1 1 12 1 1 1 1 1 1 1 1 1 1 1 1 1 1 1 1 1 1 1 1 1 1 1
ciInstanceKlass java/util/zip/ZipFile$ZipFileInflaterInputStream 1 1 117 9 10 9 9 9 10 10 11 7 10 100 8 10 9 9 10 9 9 10 10 10 100 5 0 3 10 7 7 1 1 1 1 7 1 1 1 1 1 1 1 1 1 1 1 1 100 100 100 100 1 100 1 1 1 1 100 1 1 12 12 12 12 12 12 7 12 7 12 1 12 1 1 12 12 12 7 12 12 12 12 12 12 1 1 1 1 1 1 1 1 1 1 1 1 1 1 1 1 1 1 1 1 1 1 1 1 1 1 1 1 1 1 1 1 1 1
ciInstanceKlass sun/misc/IOUtils 1 1 70 10 100 3 10 10 10 100 8 10 100 100 10 8 10 10 10 10 10 100 100 1 1 1 1 1 1 1 100 1 1 1 1 1 12 1 7 12 7 12 7 12 1 1 12 1 1 1 12 12 12 12 1 1 1 1 1 1 1 1 1 1 1 1 1 1 1 1 1 1
instanceKlass sun/misc/URLClassPath$JarLoader$2
ciInstanceKlass sun/misc/Resource 1 1 105 10 9 10 10 10 10 100 100 3 10 10 10 100 8 10 10 100 10 10 7 11 7 7 1 1 1 1 1 1 1 1 1 1 1 1 1 1 1 1 1 1 1 1 100 100 100 100 100 100 1 1 1 1 1 1 1 1 1 1 12 12 12 12 7 12 12 1 1 7 12 7 12 7 12 1 1 12 12 1 12 12 1 12 1 1 1 1 1 1 1 1 1 1 1 1 1 1 1 1 1 1 1 1 1
ciInstanceKlass sun/misc/URLClassPath$JarLoader$2 1 1 95 9 9 9 9 10 10 10 10 10 10 11 10 10 10 7 7 1 1 1 1 1 1 1 7 1 1 1 1 1 1 1 1 1 1 1 1 1 1 1 100 1 1 1 1 1 1 1 1 1 1 1 12 12 12 12 12 12 12 12 7 12 7 12 7 12 7 12 12 12 12 1 1 100 1 1 1 1 1 1 1 1 1 1 1 1 1 1 1 1 1 1 1 1 1
ciInstanceKlass java/util/jar/Attributes 1 1 258 10 10 7 10 9 10 11 7 10 10 7 11 10 11 11 11 7 10 100 10 11 11 11 11 100 11 11 11 11 11 11 11 11 11 10 10 100 10 10 8 10 8 10 10 8 10 10 10 9 10 9 100 10 10 10 10 10 100 8 10 8 10 10 10 8 10 8 10 8 8 10 100 8 7 7 100 1 1 1 1 1 1 1 1 1 1 1 1 1 1 1 1 1 1 1 1 1 1 1 1 1 1 1 1 100 1 1 1 1 1 1 1 1 1 1 1 1 1 1 1 1 1 1 1 1 1 100 100 100 1 1 100 100 1 7 1 1 100 100 1 1 1 12 12 1 12 12 12 1 12 1 12 12 12 12 1 100 12 1 12 100 12 100 12 12 1 12 12 12 12 12 12 12 12 12 12 1 12 1 12 1 12 12 1 100 12 100 12 12 12 12 1 12 12 12 1 1 1 7 12 12 12 1 12 1 100 12 1 1 12 1 1 1 1 1 1 1 1 1 1 1 1 1 1 1 1 1 1 1 1 1 1 1 1 1 1 1 1 1 1 1 1 1 1 1 1 1 1 1 1 1 1 1 1 1 1 1
ciInstanceKlass java/util/jar/Manifest$FastInputStream 1 1 80 10 10 9 9 9 10 10 9 10 10 10 10 10 10 7 7 1 1 1 1 1 1 1 1 1 1 1 1 1 1 100 1 1 100 100 1 1 1 1 1 1 1 1 1 1 1 12 12 12 12 12 12 100 12 12 7 12 7 12 12 12 12 12 100 1 1 1 1 1 1 1 1 1 1 1 1 1 1 1
ciInstanceKlass java/util/jar/Attributes$Name 1 1 175 10 9 100 8 10 10 100 10 10 9 10 10 10 10 10 7 9 11 10 8 10 9 8 9 8 9 8 9 8 9 8 9 8 9 8 9 8 9 8 9 8 9 8 9 8 9 8 9 8 9 8 9 8 9 7 1 1 1 1 1 1 1 1 1 1 1 1 1 1 1 1 1 1 1 1 1 1 1 1 1 1 1 1 1 1 1 1 100 100 1 1 1 1 1 1 1 100 1 1 1 1 1 1 1 12 12 1 12 12 1 7 12 12 12 12 12 12 12 100 1 7 12 7 12 12 1 12 1 12 1 12 1 12 1 12 1 12 1 12 1 12 1 12 1 12 1 12 1 12 1 12 1 12 1 12 1 12 1 12 1 1 1 1 1 1 1 1 1 1 1 1 1 1 1
staticfield java/util/jar/Attributes$Name MANIFEST_VERSION Ljava/util/jar/Attributes$Name; java/util/jar/Attributes$Name
staticfield java/util/jar/Attributes$Name SIGNATURE_VERSION Ljava/util/jar/Attributes$Name; java/util/jar/Attributes$Name
staticfield java/util/jar/Attributes$Name CONTENT_TYPE Ljava/util/jar/Attributes$Name; java/util/jar/Attributes$Name
staticfield java/util/jar/Attributes$Name CLASS_PATH Ljava/util/jar/Attributes$Name; java/util/jar/Attributes$Name
staticfield java/util/jar/Attributes$Name MAIN_CLASS Ljava/util/jar/Attributes$Name; java/util/jar/Attributes$Name
staticfield java/util/jar/Attributes$Name SEALED Ljava/util/jar/Attributes$Name; java/util/jar/Attributes$Name
staticfield java/util/jar/Attributes$Name EXTENSION_LIST Ljava/util/jar/Attributes$Name; java/util/jar/Attributes$Name
staticfield java/util/jar/Attributes$Name EXTENSION_NAME Ljava/util/jar/Attributes$Name; java/util/jar/Attributes$Name
staticfield java/util/jar/Attributes$Name EXTENSION_INSTALLATION Ljava/util/jar/Attributes$Name; java/util/jar/Attributes$Name
staticfield java/util/jar/Attributes$Name IMPLEMENTATION_TITLE Ljava/util/jar/Attributes$Name; java/util/jar/Attributes$Name
staticfield java/util/jar/Attributes$Name IMPLEMENTATION_VERSION Ljava/util/jar/Attributes$Name; java/util/jar/Attributes$Name
staticfield java/util/jar/Attributes$Name IMPLEMENTATION_VENDOR Ljava/util/jar/Attributes$Name; java/util/jar/Attributes$Name
staticfield java/util/jar/Attributes$Name IMPLEMENTATION_VENDOR_ID Ljava/util/jar/Attributes$Name; java/util/jar/Attributes$Name
staticfield java/util/jar/Attributes$Name IMPLEMENTATION_URL Ljava/util/jar/Attributes$Name; java/util/jar/Attributes$Name
staticfield java/util/jar/Attributes$Name SPECIFICATION_TITLE Ljava/util/jar/Attributes$Name; java/util/jar/Attributes$Name
staticfield java/util/jar/Attributes$Name SPECIFICATION_VERSION Ljava/util/jar/Attributes$Name; java/util/jar/Attributes$Name
staticfield java/util/jar/Attributes$Name SPECIFICATION_VENDOR Ljava/util/jar/Attributes$Name; java/util/jar/Attributes$Name
ciInstanceKlass sun/misc/ASCIICaseInsensitiveComparator 1 1 67 10 10 10 9 100 10 10 10 10 7 10 7 10 10 9 7 100 1 1 1 1 1 1 1 1 1 1 1 1 1 1 1 1 1 1 1 1 1 1 1 1 1 1 12 12 12 12 1 12 12 12 1 12 1 7 12 12 1 1 1 1 1 1 1 1 1
staticfield sun/misc/ASCIICaseInsensitiveComparator CASE_INSENSITIVE_ORDER Ljava/util/Comparator; sun/misc/ASCIICaseInsensitiveComparator
staticfield sun/misc/ASCIICaseInsensitiveComparator $assertionsDisabled Z 1
ciInstanceKlass java/lang/Package 1 1 392 9 10 9 10 9 9 9 9 9 9 9 9 9 10 10 100 8 10 8 10 10 100 10 8 10 10 10 10 10 10 10 10 10 10 10 10 10 10 10 10 8 8 8 9 8 9 10 100 100 10 10 11 10 10 10 10 10 10 10 8 10 10 9 10 9 9 9 9 9 9 10 8 10 11 7 10 10 10 11 11 11 100 100 10 10 100 10 100 10 10 10 100 10 10 100 7 10 7 100 1 1 1 1 1 1 1 1 1 1 1 1 1 1 1 1 1 1 1 1 1 1 1 1 1 1 1 1 1 1 1 1 1 1 1 1 1 1 1 1 1 100 100 1 1 1 100 1 1 1 1 1 100 1 1 1 1 1 1 100 1 1 1 1 1 1 1 1 1 1 1 1 1 1 1 1 1 1 100 100 100 100 1 100 100 1 1 1 1 1 100 100 100 1 1 1 1 1 1 1 1 1 1 1 1 1 1 12 12 12 12 12 12 12 12 12 12 12 12 12 100 12 7 12 1 1 12 1 12 100 12 1 12 1 12 12 12 12 100 12 100 12 7 12 12 12 12 12 7 12 12 12 12 12 1 1 1 12 1 12 12 1 1 12 12 12 12 12 12 12 12 12 1 12 100 12 100 12 100 12 12 12 12 12 12 12 12 1 12 7 12 1 12 12 12 12 12 100 12 1 1 12 100 12 1 1 12 12 12 1 12 1 1 12 1 1 1 1 1 1 1 1 1 1 1 1 1 1 1 1 1 1 1 1 1 1 1 1 1 1 1 1 1 1 1 1 1 1 1 1 1 1 1 1 1 1 1 1 1 1 1 1 1 1 1 1 1 1 1 1 1 1 1 1 1 1 1 1 1 1 1 1 1 1 1 1 1 1 1 1 1 1
ciInstanceKlass sun/nio/ByteBuffered 0 0 12 100 100 1 1 1 100 1 1 1 1 1
instanceKlass java/security/AllPermissionCollection
instanceKlass java/security/BasicPermissionCollection
instanceKlass java/io/FilePermissionCollection
instanceKlass java/security/Permissions
ciInstanceKlass java/security/PermissionCollection 1 1 75 10 9 10 100 10 10 10 8 10 11 8 11 100 10 8 100 8 7 7 100 1 1 1 5 0 1 1 1 1 1 1 1 1 1 1 1 1 1 1 1 1 1 1 1 1 100 100 100 1 1 12 12 12 1 12 12 1 100 12 1 12 1 1 1 1 1 1 1 1 1 1 1 1 1
instanceKlass com/mathworks/mvm/helpers/MatlabPrintStreamManager$MatlabStream
ciInstanceKlass java/io/ByteArrayOutputStream 1 1 113 100 10 10 100 100 10 8 10 10 10 10 9 10 7 3 10 10 100 10 3 9 10 100 10 10 10 100 10 10 10 7 1 1 1 1 1 1 1 1 1 1 1 1 100 1 1 1 1 1 1 1 1 1 100 1 1 1 1 1 1 1 1 100 1 1 1 1 1 1 1 1 12 12 1 1 1 12 12 12 12 12 12 1 12 7 12 1 12 12 1 7 12 12 1 12 12 12 1 1 1 1 1 1 1 1 1 1 1 1 1 1 1
ciInstanceKlass java/lang/AssertionError 0 0 66 10 10 10 10 100 10 10 10 10 10 10 10 10 100 100 1 1 1 5 0 1 1 1 1 1 1 1 100 100 1 1 1 1 1 1 1 1 1 12 12 100 12 1 12 12 12 12 12 12 12 12 1 1 1 1 1 1 1 1 1 1 1 1 1 1
instanceKlass java/security/AccessControlException
ciInstanceKlass java/lang/SecurityException 0 0 27 10 10 10 10 100 100 1 1 1 5 0 1 1 1 1 1 1 1 1 1 12 12 12 12 1 1
instanceKlass java/lang/ArrayIndexOutOfBoundsException
ciInstanceKlass java/lang/IndexOutOfBoundsException 1 1 21 10 10 100 7 1 1 1 5 0 1 1 1 1 1 1 1 12 12 1 1
ciInstanceKlass java/lang/ArrayIndexOutOfBoundsException 1 1 38 10 100 10 8 10 10 10 10 100 7 1 1 1 5 0 1 1 1 1 1 1 1 1 12 1 1 12 12 12 12 1 1 1 1 1 1 1
ciInstanceKlass sun/misc/ProxyGenerator$ConstantPool$IndirectEntry 1 1 55 100 10 9 9 9 10 10 7 7 1 1 1 1 1 1 1 1 1 1 1 1 1 1 100 1 1 1 1 1 1 1 12 12 12 12 7 12 12 100 1 1 1 1 1 1 1 100 1 1 1 1 1 1 1
ciInstanceKlass java/lang/ProcessEnvironment 1 1 276 9 10 10 10 10 100 100 10 8 10 8 10 10 8 100 10 7 10 10 10 10 10 10 100 10 10 100 10 10 7 10 10 10 10 9 11 9 9 10 7 7 10 100 10 10 9 10 10 10 11 11 11 100 11 11 8 10 10 10 10 10 10 10 10 10 10 7 10 7 10 10 10 10 10 7 10 11 7 100 1 1 1 1 1 1 100 1 1 1 1 5 0 1 1 3 1 1 1 1 1 1 1 1 1 1 1 1 1 1 1 1 1 1 1 1 1 1 1 1 1 1 1 1 1 1 1 1 1 1 1 1 1 1 1 1 1 1 1 1 1 1 1 1 100 100 100 100 100 100 1 1 1 1 1 1 1 1 1 1 1 1 1 1 1 1 12 12 12 12 12 1 1 12 1 12 1 12 12 1 1 1 12 12 12 12 12 12 1 12 12 1 12 12 1 12 12 12 12 12 12 1 1 1 12 7 12 12 100 12 100 12 12 1 12 12 1 12 12 12 12 12 12 12 12 12 12 1 12 1 12 12 12 1 12 12 1 1 1 1 1 1 1 1 1 1 1 1 1 1 1 1 1 1 1 1 1 1 1 1 1 1 1 1 1 1 1 1 1 1 1 1 1 1 1 1
staticfield java/lang/ProcessEnvironment nameComparator Ljava/lang/ProcessEnvironment$NameComparator; java/lang/ProcessEnvironment$NameComparator
staticfield java/lang/ProcessEnvironment entryComparator Ljava/lang/ProcessEnvironment$EntryComparator; java/lang/ProcessEnvironment$EntryComparator
staticfield java/lang/ProcessEnvironment theEnvironment Ljava/lang/ProcessEnvironment; java/lang/ProcessEnvironment
staticfield java/lang/ProcessEnvironment theUnmodifiableEnvironment Ljava/util/Map; java/util/Collections$UnmodifiableMap
staticfield java/lang/ProcessEnvironment theCaseInsensitiveEnvironment Ljava/util/Map; java/util/TreeMap
instanceKlass java/util/concurrent/CancellationException
instanceKlass sun/java2d/InvalidPipeException
ciInstanceKlass java/lang/IllegalStateException 1 1 27 10 10 10 10 100 100 1 1 1 5 0 1 1 1 1 1 1 1 1 1 12 12 12 12 1 1
ciInstanceKlass java/util/jar/JarVerifier 1 1 573 10 9 9 9 9 7 9 7 10 9 9 7 9 7 10 9 7 10 9 9 10 9 7 10 9 7 10 9 9 9 100 10 8 10 10 10 10 9 10 8 10 8 10 10 100 8 10 100 8 10 10 10 8 10 8 10 10 10 10 10 10 10 9 10 10 9 8 8 10 10 10 10 10 10 11 11 100 10 8 10 10 8 10 9 9 100 10 10 10 100 8 10 100 8 10 100 100 100 10 10 100 9 10 10 10 10 10 10 10 100 10 100 10 10 10 9 9 11 100 11 100 100 10 11 11 10 11 11 100 10 10 10 10 10 11 9 10 10 11 10 11 11 10 10 10 100 10 100 10 10 10 100 10 9 100 10 11 10 11 11 10 10 8 10 7 1 1 100 1 1 1 1 1 1 1 1 1 1 1 1 1 1 1 1 1 1 1 1 1 1 1 1 1 1 1 1 1 1 1 1 1 1 1 1 1 1 1 1 1 1 1 1 1 1 1 1 1 1 1 1 1 1 1 100 1 1 1 1 1 1 100 100 100 100 100 100 100 100 100 100 1 1 1 1 1 1 1 1 1 100 100 100 1 1 100 1 1 1 1 1 1 100 100 1 1 100 1 1 1 1 1 1 1 100 1 1 1 1 1 1 1 1 1 1 1 1 1 1 1 1 1 1 1 1 1 1 1 1 1 1 1 12 12 12 12 12 1 12 1 12 12 1 12 1 12 12 1 12 12 12 12 1 12 1 12 12 12 1 1 12 7 12 12 7 12 7 12 7 12 1 12 1 12 7 12 1 1 12 1 1 12 12 12 1 12 1 12 12 12 12 12 12 12 12 12 12 12 1 1 12 12 12 12 12 12 100 12 12 1 12 1 12 12 1 12 12 12 1 12 12 12 1 12 1 1 12 1 1 1 12 12 12 12 100 12 12 12 100 12 12 12 1 12 1 12 12 12 12 12 1 1 1 12 100 12 12 1 12 12 12 12 12 12 12 12 12 12 100 12 12 1 12 1 12 12 12 1 12 12 1 12 100 12 100 12 12 1 12 1 1 1 1 1 1 1 1 1 1 1 1 1 1 1 1 1 1 1 1 1 1 1 1 1 1 1 1 1 1 1 1 1 1 1 1 1 1 1 1 1 1 1 1 1 1 1 1 1 1 1 1 1 1 1 1 1 1 1 1 1 1 1 1 1 1 1 1 1 1 1 1 1 1 1 1 1 1 1 1 1 1 1 1 1 1 1 1 1 1 1 1 1 1 1 1 1 1 1 1 1 1 1 1 1 1 1 1 1 1 1 1 1 1
staticfield java/util/jar/JarVerifier debug Lsun/security/util/Debug; null
ciInstanceKlass java/security/CodeSigner 0 0 114 10 9 100 10 9 9 10 10 100 10 10 10 10 100 10 8 10 100 10 8 10 10 11 10 10 8 8 10 10 100 100 1 1 1 5 0 1 1 1 1 1 1 1 1 1 1 1 100 100 100 1 1 1 1 1 1 1 1 1 1 100 1 1 1 100 100 1 1 12 12 1 12 12 100 12 100 1 12 12 12 1 1 12 1 1 12 12 100 12 12 12 1 1 100 12 1 1 1 1 1 1 1 1 1 1 1 1 1 1 1 1 1 1
ciInstanceKlass java/util/jar/JarVerifier$3 1 1 36 9 10 100 10 10 7 7 100 1 1 1 1 1 1 1 1 1 1 1 1 1 1 1 1 100 12 12 1 12 1 1 1 1 1 1
ciInstanceKlass sun/nio/ch/Interruptible 1 0 9 100 100 1 1 1 1 1 1
ciInstanceKlass javax/swing/UIDefaults$TextAndMnemonicHashMap 1 1 127 10 10 10 10 7 8 10 8 8 10 8 8 8 10 8 8 8 8 10 8 10 7 10 10 10 10 10 8 8 10 10 10 10 10 7 1 1 1 1 1 1 1 1 1 1 1 1 100 100 100 1 1 1 1 1 1 100 1 1 1 1 1 1 12 12 7 12 100 1 1 1 7 12 1 1 12 1 1 1 12 1 1 1 1 12 1 12 1 12 12 12 1 1 12 12 12 100 12 100 12 1 1 1 1 1 1 1 1 1 1 1 1 1 1 1 1 1 1 1 1 1 1 1 1 1 1
ciInstanceKlass sun/security/util/ManifestEntryVerifier 1 1 293 10 9 9 9 7 10 9 7 10 9 9 9 10 9 10 100 10 8 10 10 8 10 11 11 11 100 11 10 9 10 8 10 10 10 10 100 10 10 10 100 10 10 10 11 100 10 10 10 10 10 10 100 8 10 100 10 9 8 8 10 10 8 10 8 10 10 8 10 100 10 100 10 9 10 10 8 10 7 7 100 1 1 1 1 1 1 1 1 1 1 1 1 1 1 1 1 1 1 1 1 1 1 1 1 1 1 1 1 1 1 1 1 100 100 100 100 100 100 100 100 1 100 1 1 1 1 1 1 1 100 1 1 1 100 1 1 1 1 12 12 12 12 1 12 12 1 12 12 12 12 12 100 12 1 1 12 12 1 100 12 100 12 100 12 12 100 1 1 12 100 12 12 1 12 12 12 12 1 12 12 12 1 12 12 100 12 12 1 100 12 12 12 12 12 12 1 1 12 1 12 12 1 1 12 7 12 1 12 1 12 12 1 100 12 1 12 12 1 12 1 1 1 1 1 1 1 1 1 1 1 1 1 1 1 1 1 1 1 1 1 1 1 1 1 1 1 1 1 1 1 1 1 1 1 1 1 1 1 1 1 1 1 1 1 1 1 1 1 1 1 1 1 1 1 1 1 1 1 1 1 1 1 1 1 1 1 1 1 1 1 1 1
staticfield sun/security/util/ManifestEntryVerifier debug Lsun/security/util/Debug; null
staticfield sun/security/util/ManifestEntryVerifier hexc [C 16
ciInstanceKlass sun/security/util/SignatureFileVerifier 1 1 625 10 9 9 100 10 9 9 10 100 10 9 10 10 9 8 10 10 10 10 9 10 9 9 9 10 8 10 8 8 8 8 10 10 10 10 8 10 8 10 10 9 10 100 10 10 100 10 100 10 100 10 10 10 9 10 8 10 100 100 10 8 10 10 10 10 9 8 10 10 10 10 10 10 11 11 10 10 8 11 11 100 11 7 11 100 10 8 8 10 8 8 100 8 11 100 9 100 10 10 100 9 11 10 10 8 8 8 10 9 10 8 11 8 100 8 8 10 8 10 10 8 10 11 10 10 10 10 8 8 10 8 10 10 8 8 10 100 8 10 10 9 100 8 10 10 8 10 8 8 8 10 8 8 10 8 8 8 8 8 8 8 8 10 10 100 10 100 10 10 10 8 10 10 10 10 100 10 9 10 10 10 10 10 10 10 10 8 10 7 8 10 8 7 100 1 1 1 1 1 1 1 1 1 1 1 1 1 1 1 1 1 1 1 1 1 1 1 1 1 1 1 1 1 1 1 1 1 1 1 1 100 100 100 100 100 100 100 1 100 100 1 1 1 1 1 1 1 1 1 1 1 100 100 1 1 100 100 100 1 1 100 100 100 100 100 1 1 100 100 1 1 100 1 1 100 1 1 1 100 1 1 1 1 100 100 1 1 100 1 1 1 1 1 1 1 1 1 1 1 1 1 12 12 12 1 12 12 100 12 1 12 12 12 100 12 12 1 100 12 12 12 12 7 12 12 12 12 12 12 1 12 1 1 1 1 12 12 12 12 1 12 1 12 12 12 12 1 12 12 1 12 1 1 12 12 100 12 12 1 12 1 1 1 12 12 12 12 12 1 7 12 12 100 12 100 12 12 100 12 100 12 12 12 1 100 12 12 1 1 1 12 1 12 1 12 1 1 12 1 1 1 1 1 12 1 12 12 1 12 12 12 1 1 1 12 12 12 1 12 1 1 1 1 1 1 12 100 12 12 12 100 12 100 12 1 1 12 1 12 12 1 1 1 1 12 12 1 1 12 100 12 1 12 1 1 1 12 1 1 12 1 1 1 1 1 1 1 1 100 12 12 1 1 12 1 12 12 12 12 1 12 12 12 12 12 100 12 100 12 1 12 1 1 1 1 1 1 1 1 1 1 1 1 1 1 1 1 1 1 1 1 1 1 1 1 1 1 1 1 1 1 1 1 1 1 1 1 1 1 1 1 1 1 1 1 1 1 1 1 1 1 1 1 1 1 1 1 1 1 1 1 1 1 1 1 1 1 1 1 1 1 1 1 1 1 1 1 1 1 1 1 1 1 1 1 1 1 1 1 1 1 1 1 1 1 1 1 1 1 1 1 1 1 1 1 1 1 1 1 1 1 1 1 1 1 1 1 1 1 1 1 1 1 1 1 1 1 1 1 1 1 1 1 1
staticfield sun/security/util/SignatureFileVerifier debug Lsun/security/util/Debug; null
staticfield sun/security/util/SignatureFileVerifier JAR_DISABLED_CHECK Lsun/security/util/DisabledAlgorithmConstraints; sun/security/util/DisabledAlgorithmConstraints
staticfield sun/security/util/SignatureFileVerifier ATTR_DIGEST Ljava/lang/String; "-DIGEST-MANIFEST-MAIN-ATTRIBUTES"
staticfield sun/security/util/SignatureFileVerifier hexc [C 16
ciInstanceKlass java/io/PushbackInputStream 1 1 97 9 100 8 10 10 100 8 10 9 9 10 10 10 100 10 100 10 10 10 8 10 10 100 3 10 8 10 7 7 1 1 1 1 1 1 1 1 1 1 1 1 100 100 1 1 1 1 1 1 1 1 1 1 1 1 1 1 1 1 1 1 12 1 1 12 12 1 1 12 12 12 12 12 1 12 1 7 12 12 1 12 12 1 12 1 7 12 1 1 1 1 1 1 1 1 1
instanceKlass org/apache/xerces/impl/XMLEntityScanner$1
ciInstanceKlass java/io/EOFException 1 1 21 10 10 100 7 1 1 1 5 0 1 1 1 1 1 1 1 12 12 1 1
ciMethod java/lang/Object <init> ()V 4097 1 197158 0 96
ciMethod java/lang/Object hashCode ()I 2049 1 256 0 -1
ciMethod java/lang/Object equals (Ljava/lang/Object;)Z 3321 1 3869 0 -1
ciMethod java/lang/Object clone ()Ljava/lang/Object; 2049 1 256 0 -1
ciMethod java/lang/String <init> ([CII)V 4097 1 12141 0 704
ciMethod java/lang/String <init> ([BIILjava/lang/String;)V 3129 1 6061 0 -1
ciMethod java/lang/String <init> ([CZ)V 2169 1 10675 0 0
ciMethod java/lang/String length ()I 16721 1 79724 0 0
ciMethod java/lang/String charAt (I)C 4097 1 407799 0 -1
ciMethod java/lang/String codePointAt (I)I 1 1 2291 0 -1
ciMethod java/lang/String getChars ([CI)V 2081 1 5395 0 0
ciMethod java/lang/String equals (Ljava/lang/Object;)Z 3041 32769 1985 0 -1
ciMethod java/lang/String equalsIgnoreCase (Ljava/lang/String;)Z 2505 1 5477 0 1792
ciMethod java/lang/String regionMatches (ZILjava/lang/String;II)Z 1841 881 3327 0 2336
ciMethod java/lang/String startsWith (Ljava/lang/String;I)Z 4097 1 5635 0 416
ciMethod java/lang/String startsWith (Ljava/lang/String;)Z 4097 1 19456 0 -1
ciMethod java/lang/String endsWith (Ljava/lang/String;)Z 4097 1 12030 0 384
ciMethod java/lang/String hashCode ()I 2769 32769 4022 0 288
ciMethod java/lang/String indexOf (I)I 4097 1 15794 0 -1
ciMethod java/lang/String indexOf (II)I 1713 57345 2213 0 -1
ciMethod java/lang/String indexOfSupplementary (II)I 0 0 1 0 -1
ciMethod java/lang/String lastIndexOf (I)I 4097 1 10889 0 0
ciMethod java/lang/String lastIndexOf (II)I 1649 90113 1110 0 288
ciMethod java/lang/String lastIndexOfSupplementary (II)I 0 0 1 0 -1
ciMethod java/lang/String substring (II)Ljava/lang/String; 4097 1 5707 0 928
ciMethod java/lang/String concat (Ljava/lang/String;)Ljava/lang/String; 2081 1 5395 0 832
ciMethod java/lang/String replace (CC)Ljava/lang/String; 1201 41689 972 0 1152
ciMethod java/lang/String toUpperCase (Ljava/util/Locale;)Ljava/lang/String; 193 3089 834 0 -1
ciMethod java/lang/String toCharArray ()[C 4097 1 7987 0 0
ciMethod java/lang/ClassLoader preDefineClass (Ljava/lang/String;Ljava/security/ProtectionDomain;)Ljava/security/ProtectionDomain; 3617 1 1623 0 -1
ciMethod java/lang/ClassLoader defineClassSourceLocation (Ljava/security/ProtectionDomain;)Ljava/lang/String; 3617 1 1623 0 -1
ciMethod java/lang/ClassLoader postDefineClass (Ljava/lang/Class;Ljava/security/ProtectionDomain;)V 3081 1 1623 0 -1
ciMethod java/lang/ClassLoader defineClass (Ljava/lang/String;[BIILjava/security/ProtectionDomain;)Ljava/lang/Class; 2513 1 1623 0 -1
ciMethod java/lang/ClassLoader defineClass1 (Ljava/lang/String;[BIILjava/security/ProtectionDomain;Ljava/lang/String;)Ljava/lang/Class; 4105 1 513 0 -1
ciMethod java/lang/ClassLoader checkName (Ljava/lang/String;)Z 2073 1 5403 0 -1
ciMethod java/lang/ClassLoader checkCerts (Ljava/lang/String;Ljava/security/CodeSource;)V 4097 1 1623 0 -1
ciMethod java/lang/ClassLoader definePackage (Ljava/lang/String;Ljava/lang/String;Ljava/lang/String;Ljava/lang/String;Ljava/lang/String;Ljava/lang/String;Ljava/lang/String;Ljava/net/URL;)Ljava/lang/Package; 513 1 226 0 -1
ciMethod java/lang/ClassLoader getPackage (Ljava/lang/String;)Ljava/lang/Package; 2049 1 2333 0 0
ciMethod java/lang/System nanoTime ()J 2049 1 256 0 -1
ciMethod java/lang/System arraycopy (Ljava/lang/Object;ILjava/lang/Object;II)V 72705 1 9088 0 -1
ciMethod java/lang/Throwable printStackTrace ()V 0 0 1 0 -1
ciMethod java/lang/Throwable addSuppressed (Ljava/lang/Throwable;)V 0 0 1 0 -1
ciMethod java/security/ProtectionDomain <init> (Ljava/security/CodeSource;Ljava/security/PermissionCollection;Ljava/lang/ClassLoader;[Ljava/security/Principal;)V 121 1 80 0 -1
ciMethod java/security/ProtectionDomain getCodeSource ()Ljava/security/CodeSource; 1057 1 132 0 -1
ciMethod java/security/SecureClassLoader defineClass (Ljava/lang/String;[BIILjava/security/CodeSource;)Ljava/lang/Class; 2513 1 1623 0 0
ciMethod java/security/SecureClassLoader defineClass (Ljava/lang/String;Ljava/nio/ByteBuffer;Ljava/security/CodeSource;)Ljava/lang/Class; 0 0 1 0 -1
ciMethod java/security/SecureClassLoader getPermissions (Ljava/security/CodeSource;)Ljava/security/PermissionCollection; 577 1 72 0 -1
ciMethod java/security/SecureClassLoader getProtectionDomain (Ljava/security/CodeSource;)Ljava/security/ProtectionDomain; 2513 1 1623 0 -1
ciMethod java/lang/NoClassDefFoundError <init> (Ljava/lang/String;)V 0 0 1 0 -1
ciMethod java/lang/ref/Reference get ()Ljava/lang/Object; 1041 1 130 0 -1
ciMethod java/lang/ref/Reference <init> (Ljava/lang/Object;)V 3081 1 2601 0 0
ciMethod java/lang/ref/Reference <init> (Ljava/lang/Object;Ljava/lang/ref/ReferenceQueue;)V 2049 1 11362 0 0
ciMethod java/lang/ref/SoftReference <init> (Ljava/lang/Object;)V 2049 1 626 0 0
ciMethod java/lang/ref/SoftReference get ()Ljava/lang/Object; 2137 1 9152 0 0
ciMethod java/lang/ref/WeakReference <init> (Ljava/lang/Object;Ljava/lang/ref/ReferenceQueue;)V 2049 1 3217 0 0
ciMethod java/lang/ref/ReferenceQueue poll ()Ljava/lang/ref/Reference; 2081 1 7770 0 -1
ciMethod java/lang/Thread currentThread ()Ljava/lang/Thread; 2049 1 256 0 -1
ciMethod java/lang/Thread interrupt ()V 0 0 1 0 0
ciMethod java/lang/Thread interrupted ()Z 2049 1 1758 0 0
ciMethod java/lang/Thread isInterrupted (Z)Z 2049 1 256 0 -1
ciMethod java/lang/Thread checkAccess ()V 857 1 107 0 -1
ciMethod java/lang/Thread holdsLock (Ljava/lang/Object;)Z 0 0 1 0 -1
ciMethod java/lang/Thread interrupt0 ()V 0 0 1 0 -1
ciMethod java/util/Map get (Ljava/lang/Object;)Ljava/lang/Object; 0 0 1 0 -1
ciMethod java/util/Map put (Ljava/lang/Object;Ljava/lang/Object;)Ljava/lang/Object; 0 0 1 0 -1
ciMethod java/util/Map remove (Ljava/lang/Object;)Ljava/lang/Object; 0 0 1 0 -1
ciMethod java/util/Hashtable <init> (IF)V 2305 1 1689 0 0
ciMethod java/util/Hashtable <init> (I)V 3073 1 529 0 0
ciMethod java/util/Hashtable <init> ()V 2057 1 1158 0 0
ciMethod java/util/Dictionary <init> ()V 2305 1 1689 0 0
ciMethod java/lang/StringBuilder <init> ()V 4097 1 13959 0 -1
ciMethod java/lang/StringBuilder append (Ljava/lang/Object;)Ljava/lang/StringBuilder; 217 1 691 0 -1
ciMethod java/lang/StringBuilder append (Ljava/lang/String;)Ljava/lang/StringBuilder; 4097 1 25033 0 -1
ciMethod java/lang/StringBuilder append (I)Ljava/lang/StringBuilder; 1 1 328 0 -1
ciMethod java/lang/StringBuilder append (F)Ljava/lang/StringBuilder; 0 0 1 0 -1
ciMethod java/lang/StringBuilder toString ()Ljava/lang/String; 4097 1 14958 0 -1
ciMethod sun/misc/Unsafe ensureClassInitialized (Ljava/lang/Class;)V 2049 1 256 0 -1
ciMethod java/io/ByteArrayInputStream <init> ([B)V 161 1 555 0 0
ciMethod java/io/InputStream <init> ()V 2057 1 8436 0 0
ciMethod java/io/InputStream read ([BII)I 0 0 1 0 -1
ciMethod java/io/InputStream close ()V 0 0 1 0 -1
ciMethod java/net/URLClassLoader getAndVerifyPackage (Ljava/lang/String;Ljava/util/jar/Manifest;Ljava/net/URL;)Ljava/lang/Package; 3081 1 1623 0 0
ciMethod java/net/URLClassLoader definePackageInternal (Ljava/lang/String;Ljava/util/jar/Manifest;Ljava/net/URL;)V 2513 1 1623 0 0
ciMethod java/net/URLClassLoader defineClass (Ljava/lang/String;Lsun/misc/Resource;)Ljava/lang/Class; 1481 1 1623 0 0
ciMethod java/net/URLClassLoader definePackage (Ljava/lang/String;Ljava/util/jar/Manifest;Ljava/net/URL;)Ljava/lang/Package; 513 1 226 0 0
ciMethod java/net/URLClassLoader isSealed (Ljava/lang/String;Ljava/util/jar/Manifest;)Z 2097 1 1397 0 0
ciMethod java/net/URLClassLoader access$000 (Ljava/net/URLClassLoader;)Lsun/misc/URLClassPath; 1025 1 128 0 0
ciMethod java/net/URLClassLoader access$100 (Ljava/net/URLClassLoader;Ljava/lang/String;Lsun/misc/Resource;)Ljava/lang/Class; 1481 1 1623 0 0
ciMethod java/net/URL getRef ()Ljava/lang/String; 1033 1 129 0 -1
ciMethod java/net/URL equals (Ljava/lang/Object;)Z 2049 1 1551 0 -1
ciMethod java/util/jar/Manifest <init> (Ljava/io/InputStream;)V 97 1 213 0 0
ciMethod java/util/jar/Manifest <init> (Ljava/util/jar/JarVerifier;Ljava/io/InputStream;)V 241 1 231 0 0
ciMethod java/util/jar/Manifest getMainAttributes ()Ljava/util/jar/Attributes; 1025 1 128 0 0
ciMethod java/util/jar/Manifest getEntries ()Ljava/util/Map; 1081 1 135 0 0
ciMethod java/util/jar/Manifest getAttributes (Ljava/lang/String;)Ljava/util/jar/Attributes; 2049 1 3998 0 0
ciMethod java/util/jar/Manifest getTrustedAttributes (Ljava/lang/String;)Ljava/util/jar/Attributes; 2505 1 1623 0 0
ciMethod java/util/jar/Manifest read (Ljava/io/InputStream;)V 2049 6209 710 0 -1
ciMethod java/util/jar/Manifest parseName ([BI)Ljava/lang/String; 2489 1 1934 0 -1
ciMethod java/security/CodeSource <init> (Ljava/net/URL;[Ljava/security/CodeSigner;)V 2513 1 1623 0 0
ciMethod java/nio/Buffer position ()I 1313 1 164 0 -1
ciMethod java/lang/Character isSurrogate (C)Z 1 1 3013 0 -1
ciMethod java/lang/Character charCount (I)I 17 1 3663 0 -1
ciMethod java/lang/Character toChars (I[CI)I 0 0 1 0 -1
ciMethod java/lang/Character toChars (I)[C 0 0 1 0 -1
ciMethod java/lang/Character toLowerCase (C)C 4097 1 8854 0 -1
ciMethod java/lang/Character toUpperCase (C)C 2569 1 9168 0 -1
ciMethod java/lang/Character toUpperCaseEx (I)I 2737 1 23277 0 -1
ciMethod java/lang/Character toUpperCaseCharArray (I)[C 0 0 1 0 -1
ciMethod java/lang/Float isNaN (F)Z 2049 1 5831 0 0
ciMethod java/lang/Float floatToRawIntBits (F)I 153 1 19 0 -1
ciMethod java/lang/NullPointerException <init> ()V 0 0 1 0 -1
ciMethod java/lang/NullPointerException <init> (Ljava/lang/String;)V 0 0 1 0 -1
ciMethod java/util/Comparator compare (Ljava/lang/Object;Ljava/lang/Object;)I 0 0 1 0 -1
ciMethod java/security/AccessController doPrivileged (Ljava/security/PrivilegedAction;)Ljava/lang/Object; 2049 1 256 0 -1
ciMethod java/util/AbstractList <init> ()V 2273 1 12098 0 32
ciMethod java/util/AbstractCollection <init> ()V 289 1 13957 0 0
ciMethod java/util/ArrayList <init> ()V 889 1 3902 0 0
ciMethod java/util/ArrayList size ()I 1129 1 141 0 -1
ciMethod java/util/AbstractMap <init> ()V 369 1 9446 0 0
ciMethod sun/misc/SharedSecrets javaUtilJarAccess ()Lsun/misc/JavaUtilJarAccess; 2049 1 3723 0 0
ciMethod java/util/HashMap hash (Ljava/lang/Object;)I 4097 1 28909 0 160
ciMethod java/util/HashMap tableSizeFor (I)I 2585 1 3493 0 0
ciMethod java/util/HashMap <init> (IF)V 3393 1 3457 0 0
ciMethod java/util/HashMap <init> (I)V 3633 1 3441 0 0
ciMethod java/util/HashMap <init> ()V 121 1 5153 0 32
ciMethod java/util/HashMap get (Ljava/lang/Object;)Ljava/lang/Object; 3281 1 10914 0 672
ciMethod java/util/HashMap getNode (ILjava/lang/Object;)Ljava/util/HashMap$Node; 4097 145 5671 0 544
ciMethod java/util/HashMap put (Ljava/lang/Object;Ljava/lang/Object;)Ljava/lang/Object; 4097 1 11816 0 192
ciMethod java/util/HashMap putVal (ILjava/lang/Object;Ljava/lang/Object;ZZ)Ljava/lang/Object; 4097 385 5700 0 2144
ciMethod java/util/HashMap resize ()[Ljava/util/HashMap$Node; 193 5873 1149 0 -1
ciMethod java/util/HashMap treeifyBin ([Ljava/util/HashMap$Node;I)V 0 0 1 0 -1
ciMethod java/util/HashMap newNode (ILjava/lang/Object;Ljava/lang/Object;Ljava/util/HashMap$Node;)Ljava/util/HashMap$Node; 2177 1 4482 0 -1
ciMethod java/util/HashMap afterNodeAccess (Ljava/util/HashMap$Node;)V 2049 1 611 0 -1
ciMethod java/util/HashMap afterNodeInsertion (Z)V 2233 1 1304 0 -1
ciMethod sun/misc/VM allowArraySyntax ()Z 2073 1 5403 0 -1
ciMethod java/lang/Math max (II)I 393 1 53467 0 -1
ciMethod java/lang/Math min (II)I 16417 1 42974 0 -1
ciMethod java/lang/Math min (FF)F 2049 1 1806 0 0
ciMethod java/io/OutputStream <init> ()V 2049 1 1145 0 0
ciMethod java/io/FilterInputStream <init> (Ljava/io/InputStream;)V 2049 1 4892 0 0
ciMethod java/util/WeakHashMap newTable (I)[Ljava/util/WeakHashMap$Entry; 3073 1 660 0 -1
ciMethod java/util/WeakHashMap maskNull (Ljava/lang/Object;)Ljava/lang/Object; 2073 1 6922 0 0
ciMethod java/util/WeakHashMap eq (Ljava/lang/Object;Ljava/lang/Object;)Z 1057 1 2319 0 -1
ciMethod java/util/WeakHashMap hash (Ljava/lang/Object;)I 3081 1 6922 0 0
ciMethod java/util/WeakHashMap indexFor (II)I 3081 1 6977 0 0
ciMethod java/util/WeakHashMap expungeStaleEntries ()V 3081 1 5551 0 2464
ciMethod java/util/WeakHashMap getTable ()[Ljava/util/WeakHashMap$Entry; 3081 1 6924 0 0
ciMethod java/util/WeakHashMap put (Ljava/lang/Object;Ljava/lang/Object;)Ljava/lang/Object; 2049 49 2462 0 0
ciMethod java/util/WeakHashMap resize (I)V 0 0 2 0 0
ciMethod java/util/WeakHashMap transfer ([Ljava/util/WeakHashMap$Entry;[Ljava/util/WeakHashMap$Entry;)V 17 241 2 0 -1
ciMethod java/util/Arrays copyOf ([BI)[B 3081 1 11424 0 480
ciMethod java/util/Arrays copyOf ([CI)[C 4097 1 10544 0 480
ciMethod java/util/Arrays copyOfRange ([CII)[C 4097 1 5771 0 480
ciMethod java/io/PrintStream println (Ljava/lang/String;)V 0 0 1 0 -1
ciMethod java/nio/charset/Charset newEncoder ()Ljava/nio/charset/CharsetEncoder; 0 0 1 0 -1
ciMethod sun/nio/cs/UTF_8 newEncoder ()Ljava/nio/charset/CharsetEncoder; 2049 1 488 0 0
ciMethod sun/nio/cs/ArrayEncoder encode ([CII[B)I 0 0 1 0 -1
ciMethod sun/nio/cs/UTF_8$Encoder <init> (Ljava/nio/charset/Charset;)V 2049 1 654 0 -1
ciMethod sun/nio/cs/UTF_8$Encoder encode ([CII[B)I 1113 49513 986 0 -1
ciMethod sun/nio/cs/UTF_8$Encoder <init> (Ljava/nio/charset/Charset;Lsun/nio/cs/UTF_8$1;)V 2049 1 654 0 -1
ciMethod java/nio/charset/CharsetEncoder onMalformedInput (Ljava/nio/charset/CodingErrorAction;)Ljava/nio/charset/CharsetEncoder; 401 1 488 0 0
ciMethod java/nio/charset/CharsetEncoder implOnMalformedInput (Ljava/nio/charset/CodingErrorAction;)V 401 1 488 0 0
ciMethod java/nio/charset/CharsetEncoder onUnmappableCharacter (Ljava/nio/charset/CodingErrorAction;)Ljava/nio/charset/CharsetEncoder; 401 1 488 0 0
ciMethod java/nio/charset/CharsetEncoder implOnUnmappableCharacter (Ljava/nio/charset/CodingErrorAction;)V 401 1 488 0 0
ciMethod java/nio/charset/CharsetEncoder maxBytesPerChar ()F 2065 1 6574 0 0
ciMethod java/nio/charset/CharsetEncoder encode (Ljava/nio/CharBuffer;Ljava/nio/ByteBuffer;Z)Ljava/nio/charset/CoderResult; 0 0 1 0 -1
ciMethod java/nio/charset/CharsetEncoder flush (Ljava/nio/ByteBuffer;)Ljava/nio/charset/CoderResult; 0 0 1 0 -1
ciMethod java/nio/charset/CharsetEncoder reset ()Ljava/nio/charset/CharsetEncoder; 3073 1 6571 0 0
ciMethod java/nio/charset/CharsetEncoder implReset ()V 3073 1 6571 0 0
ciMethod java/nio/ByteBuffer wrap ([B)Ljava/nio/ByteBuffer; 0 0 28 0 -1
ciMethod java/lang/IllegalArgumentException <init> (Ljava/lang/String;)V 17 1 2 0 -1
ciMethod sun/security/util/Debug println (Ljava/lang/String;)V 0 0 1 0 -1
ciMethod java/util/WeakHashMap$Entry <init> (Ljava/lang/Object;Ljava/lang/Object;Ljava/lang/ref/ReferenceQueue;ILjava/util/WeakHashMap$Entry;)V 2049 1 2462 0 0
ciMethod java/util/HashMap$TreeNode getTreeNode (ILjava/lang/Object;)Ljava/util/HashMap$TreeNode; 0 0 1 0 -1
ciMethod java/util/HashMap$TreeNode putTreeVal (Ljava/util/HashMap;[Ljava/util/HashMap$Node;ILjava/lang/Object;Ljava/lang/Object;)Ljava/util/HashMap$TreeNode; 0 0 1 0 -1
ciMethod java/nio/CharBuffer wrap ([C)Ljava/nio/CharBuffer; 0 0 16 0 -1
ciMethod java/nio/charset/CoderResult isUnderflow ()Z 2305 1 4072 0 -1
ciMethod java/util/Locale getLanguage ()Ljava/lang/String; 153 1 727 0 -1
ciMethodData java/lang/Object <init> ()V 2 197158 orig 264 104 147 143 96 0 0 0 0 128 4 207 89 174 1 0 0 32 1 0 0 0 0 0 0 0 0 0 0 0 0 0 0 0 0 0 0 0 0 0 0 0 0 0 0 0 0 0 0 0 0 0 0 0 0 0 0 0 0 0 0 0 0 0 0 0 0 0 0 0 0 0 0 0 0 0 0 0 0 0 0 77 68 79 32 101 120 116 114 97 32 100 97 116 97 32 108 111 99 107 0 0 0 0 0 0 0 0 0 0 0 0 0 0 0 0 0 0 0 0 0 0 0 0 0 0 0 0 0 0 0 0 0 0 0 0 0 0 0 0 0 0 0 0 0 0 0 0 0 0 0 0 0 0 0 0 0 0 0 0 0 0 0 0 0 0 0 0 0 0 0 0 0 0 0 0 0 0 0 0 0 0 0 0 0 1 0 0 0 0 0 0 0 1 0 0 0 0 0 0 0 1 0 0 0 0 0 0 0 0 0 0 0 0 0 0 0 0 2 0 0 49 1 24 0 1 0 0 0 0 0 0 0 0 0 0 0 2 0 0 0 0 0 0 0 0 0 0 0 0 0 0 0 255 255 255 255 0 0 0 0 0 0 0 0 data 0 oops 0
ciMethodData java/lang/String charAt (I)C 2 407799 orig 264 104 147 143 96 0 0 0 0 176 61 207 89 174 1 0 0 120 1 0 0 32 0 0 0 0 0 0 0 0 0 0 0 0 0 0 0 0 0 0 0 0 0 0 0 0 0 0 0 0 0 0 0 0 0 0 0 0 0 0 0 0 0 0 0 0 0 0 0 0 0 0 0 0 0 0 0 0 0 0 0 77 68 79 32 101 120 116 114 97 32 100 97 116 97 32 108 111 99 107 0 0 0 0 0 0 0 0 0 0 0 0 0 0 0 0 0 0 0 0 0 0 0 0 0 0 0 0 0 0 0 0 0 0 0 0 0 0 0 0 0 0 0 0 0 0 0 0 0 0 0 0 0 0 0 0 0 0 0 0 0 0 0 0 0 0 0 0 0 0 0 0 0 0 0 0 0 0 0 0 0 0 0 0 0 25 0 0 0 0 0 0 0 0 0 0 0 0 0 0 0 1 0 0 0 0 0 0 0 0 0 0 0 0 0 0 0 0 2 0 0 185 183 49 0 1 0 0 0 0 0 0 0 0 0 0 0 2 0 0 0 0 0 0 0 0 0 0 0 80 0 0 0 255 255 255 255 7 0 1 0 0 0 0 0 data 10 0x10007 0x0 0x40 0x636f7 0xa0007 0x636f7 0x30 0x0 0x120002 0x0 oops 0
ciMethod java/net/URLStreamHandler equals (Ljava/net/URL;Ljava/net/URL;)Z 2049 1 1551 0 -1
ciMethod java/net/URLStreamHandler sameFile (Ljava/net/URL;Ljava/net/URL;)Z 3073 1 1551 0 -1
ciMethodData java/lang/String hashCode ()I 2 75776 orig 264 104 147 143 96 0 0 0 0 0 80 207 89 174 1 0 0 152 1 0 0 32 0 0 0 0 0 0 0 0 0 0 0 0 0 0 0 0 0 0 0 0 0 0 0 0 0 0 0 0 0 0 0 0 0 0 0 0 0 0 0 0 0 0 0 0 0 0 0 0 0 0 0 0 0 0 0 0 0 0 0 77 68 79 32 101 120 116 114 97 32 100 97 116 97 32 108 111 99 107 0 0 0 0 0 0 0 0 0 0 0 0 0 0 0 0 0 0 0 0 0 0 0 0 0 0 0 0 0 0 0 0 0 0 0 0 0 0 0 0 0 0 0 0 0 0 0 0 0 0 0 0 0 0 0 0 0 0 0 0 0 0 0 0 0 0 0 0 0 0 0 0 0 0 0 0 0 0 0 0 0 0 0 0 0 0 0 0 0 0 0 0 0 0 0 0 0 0 0 0 0 0 0 0 0 0 0 0 0 0 0 0 0 0 0 0 0 0 16 0 0 225 114 0 0 1 192 8 0 0 0 0 0 0 0 0 0 2 0 0 0 0 0 0 0 0 0 0 0 120 0 0 0 255 255 255 255 7 0 6 0 0 0 0 0 data 15 0x60007 0x879 0x78 0x5e3 0xe0007 0x1 0x58 0x5e2 0x1e0007 0x5e1 0x38 0x117cf 0x2d0003 0x117cf 0xffffffffffffffe0 oops 0
ciMethod sun/misc/URLClassPath getResource (Ljava/lang/String;Z)Lsun/misc/Resource; 1393 24633 727 0 3936
ciMethod sun/misc/URLClassPath getLookupCacheForClassLoader (Ljava/lang/ClassLoader;Ljava/lang/String;)[I 0 0 1 0 -1
ciMethod sun/misc/URLClassPath getLookupCache (Ljava/lang/String;)[I 1473 1 1199 0 -1
ciMethod sun/misc/URLClassPath ensureLoaderOpened (I)Z 0 0 1 0 -1
ciMethod sun/misc/URLClassPath getNextLoader ([II)Lsun/misc/URLClassPath$Loader; 2489 1 7054 0 -1
ciMethodData java/lang/String length ()I 2 79724 orig 264 104 147 143 96 0 0 0 0 96 60 207 89 174 1 0 0 32 1 0 0 0 0 0 0 0 0 0 0 0 0 0 0 0 0 0 0 0 0 0 0 0 0 0 0 0 0 0 0 0 0 0 0 0 0 0 0 0 0 0 0 0 0 0 0 0 0 0 0 0 0 0 0 0 0 0 0 0 0 0 0 77 68 79 32 101 120 116 114 97 32 100 97 116 97 32 108 111 99 107 0 0 0 0 0 0 0 0 0 0 0 0 0 0 0 0 0 0 0 0 0 0 0 0 0 0 0 0 0 0 0 0 0 0 0 0 0 0 0 0 0 0 0 0 0 0 0 0 0 0 0 0 0 0 0 0 0 0 0 0 0 0 0 0 0 0 0 0 0 0 0 0 0 0 0 0 0 0 0 0 0 0 0 0 0 1 0 0 0 0 0 0 0 0 0 0 0 0 0 0 0 1 0 0 0 0 0 0 0 0 0 0 0 0 0 0 0 0 2 0 0 17 122 9 0 1 0 0 0 0 0 0 0 0 0 0 0 2 0 0 0 0 0 3 0 1 0 0 0 0 0 0 0 255 255 255 255 0 0 0 0 0 0 0 0 data 0 oops 0
ciMethodData java/lang/String <init> ([CII)V 2 12141 orig 264 104 147 143 96 0 0 0 0 160 49 207 89 174 1 0 0 80 2 0 0 64 0 0 0 0 0 0 0 0 0 0 0 0 0 0 0 0 0 0 0 0 0 0 0 0 0 0 0 0 0 0 0 0 0 0 0 0 0 0 0 0 0 0 0 0 0 0 0 0 0 0 0 0 0 0 0 0 0 0 0 77 68 79 32 101 120 116 114 97 32 100 97 116 97 32 108 111 99 107 0 0 0 0 0 0 0 0 0 0 0 0 0 0 0 0 0 0 0 0 0 0 0 0 0 0 0 0 0 0 0 0 0 0 0 0 0 0 0 0 0 0 0 0 0 1 0 0 0 0 0 0 0 0 0 0 0 0 0 0 0 0 0 0 0 0 0 0 0 0 0 0 0 0 0 0 0 0 0 0 1 0 0 0 0 0 0 0 0 0 0 0 0 0 0 0 0 0 0 0 0 0 0 0 0 0 0 0 0 0 0 0 0 0 0 0 0 0 2 0 0 105 107 1 0 1 0 0 0 46 21 0 0 0 0 0 0 2 0 0 0 0 0 14 0 2 0 0 0 240 0 0 0 255 255 255 255 2 0 1 0 0 0 0 0 data 30 0x10002 0x2d6d 0x50007 0x2d6d 0x30 0x0 0xd0002 0x0 0x12e007 0x2d66 0x70 0x8 0x160007 0x8 0x30 0x0 0x1e0002 0x0 0x250007 0x0 0x20 0x8 0x370007 0x2d66 0x30 0x0 0x410002 0x0 0x4b0002 0x2d66 oops 0
ciMethodData java/util/Arrays copyOfRange ([CII)[C 2 5771 orig 264 104 147 143 96 0 0 0 0 144 82 225 89 174 1 0 0 120 2 0 0 240 0 0 0 0 0 0 0 0 0 0 0 0 0 0 0 0 0 0 0 0 0 0 0 0 0 0 0 0 0 0 0 0 0 0 0 0 0 0 0 0 0 0 0 0 0 0 0 0 0 0 0 0 0 0 0 0 0 0 0 77 68 79 32 101 120 116 114 97 32 100 97 116 97 32 108 111 99 107 0 0 0 0 0 0 0 0 0 0 0 0 0 0 0 0 0 0 0 0 0 0 0 0 0 0 0 0 0 0 0 0 0 0 0 0 0 0 0 0 0 0 0 0 0 0 0 0 0 0 0 0 0 0 0 0 0 0 0 0 0 0 0 0 0 0 0 0 0 0 0 0 0 0 0 0 0 0 0 0 0 0 0 0 0 29 0 0 0 0 0 0 0 0 0 0 0 0 0 0 0 0 0 0 0 0 0 0 0 0 0 0 0 0 0 0 0 0 2 0 0 89 164 0 0 1 0 0 0 0 0 0 0 0 0 0 0 2 0 0 0 0 0 9 0 2 0 0 0 32 1 0 0 255 255 255 255 7 0 5 0 0 0 0 0 data 36 0x50007 0x148b 0x100 0x0 0x100002 0x0 0x140005 0x0 0x0 0x0 0x0 0x0 0x190005 0x0 0x0 0x0 0x0 0x0 0x1d0005 0x0 0x0 0x0 0x0 0x0 0x200005 0x0 0x0 0x0 0x0 0x0 0x230002 0x0 0x360002 0x148b 0x390002 0x148b oops 0
ciMethodData java/lang/String substring (II)Ljava/lang/String; 2 5707 orig 264 104 147 143 96 0 0 0 0 184 92 207 89 174 1 0 0 40 2 0 0 208 0 0 0 0 0 0 0 0 0 0 0 0 0 0 0 0 0 0 0 0 0 0 0 0 0 0 0 0 0 0 0 0 0 0 0 0 0 0 0 0 0 0 0 0 0 0 0 0 0 0 0 0 0 0 0 0 0 0 0 77 68 79 32 101 120 116 114 97 32 100 97 116 97 32 108 111 99 107 0 0 0 0 0 0 0 0 0 0 0 0 0 0 0 0 0 0 0 0 0 0 0 0 0 0 0 0 0 0 0 0 0 0 0 0 0 0 0 0 0 0 0 0 0 0 0 0 0 0 0 0 0 0 0 0 0 0 0 0 0 0 0 0 0 0 0 0 0 0 0 0 0 0 0 0 0 0 0 0 0 0 0 0 0 25 0 0 0 0 0 0 0 0 0 0 0 0 0 0 0 0 0 0 0 0 0 0 0 0 0 0 0 0 0 0 0 0 2 0 0 89 162 0 0 1 0 0 0 0 0 0 0 0 0 0 0 2 0 0 0 0 0 15 0 2 0 0 0 248 0 0 0 255 255 255 255 7 0 1 0 0 0 0 0 data 31 0x10007 0x144b 0x30 0x0 0x90002 0x0 0x130007 0x144b 0x30 0x0 0x1b0002 0x0 0x240007 0x144b 0x30 0x0 0x2c0002 0x0 0x310007 0xc29 0x58 0x822 0x3a0007 0x76c 0x38 0xb6 0x3e0003 0xb6 0x28 0x4b0002 0x1395 oops 0
ciMethodData java/lang/String indexOf (II)I 2 94066 orig 264 104 147 143 96 0 0 0 0 128 81 207 89 174 1 0 0 16 2 0 0 88 0 0 0 0 0 0 0 0 0 0 0 0 0 0 0 0 0 0 0 0 0 0 0 0 0 0 0 0 0 0 0 0 0 0 0 0 0 0 0 0 0 0 0 0 0 0 0 0 0 0 0 0 0 0 0 0 0 0 0 77 68 79 32 101 120 116 114 97 32 100 97 116 97 32 108 111 99 107 0 0 0 0 0 0 0 0 0 0 0 0 0 0 0 0 0 0 0 0 0 0 0 0 0 0 0 0 0 0 0 0 0 0 0 0 0 0 0 0 0 0 0 0 0 0 0 0 0 0 0 0 0 0 0 0 0 0 0 0 0 0 0 0 0 0 0 0 0 0 0 0 0 0 0 0 0 0 0 0 0 0 0 0 0 0 0 0 0 0 0 0 0 0 0 0 0 0 0 0 0 0 0 0 0 0 0 0 0 0 0 0 0 0 0 0 0 0 28 0 0 121 62 0 0 145 155 10 0 0 0 0 0 0 0 0 0 2 0 0 0 0 0 0 0 0 0 0 0 224 0 0 0 255 255 255 255 7 0 7 0 0 0 0 0 data 28 0x70007 0x7cf 0x38 0x0 0xc0003 0x0 0x38 0x110007 0x5fc 0x20 0x1d3 0x190007 0x0 0x78 0x5fc 0x280007 0x5e9 0x58 0x15384 0x310007 0x15372 0x20 0x12 0x3a0003 0x15372 0xffffffffffffffc0 0x420002 0x0 oops 0
ciMethodData java/util/Arrays copyOf ([CI)[C 2 10544 orig 264 104 147 143 96 0 0 0 0 200 74 225 89 174 1 0 0 112 1 0 0 0 0 0 0 0 0 0 0 0 0 0 0 0 0 0 0 0 0 0 0 0 0 0 0 0 0 0 0 0 0 0 0 0 0 0 0 0 0 0 0 0 0 0 0 0 0 0 0 0 0 0 0 0 0 0 0 0 0 0 0 77 68 79 32 101 120 116 114 97 32 100 97 116 97 32 108 111 99 107 0 0 0 0 0 0 0 0 0 0 0 0 0 0 0 0 0 0 0 0 0 0 0 0 0 0 0 0 0 0 0 0 0 0 0 0 0 0 0 0 0 0 0 0 0 0 0 0 0 0 0 0 0 0 0 0 0 0 0 0 0 0 0 0 0 0 0 0 0 0 0 0 0 0 0 0 0 0 0 0 0 0 0 0 0 0 0 0 0 0 0 0 0 0 0 0 0 0 0 0 0 0 0 0 0 0 0 0 0 0 0 0 0 0 0 0 0 0 2 0 0 129 57 1 0 1 0 0 0 0 0 0 0 0 0 0 0 2 0 0 0 0 0 7 0 2 0 0 0 32 0 0 0 255 255 255 255 2 0 11 0 0 0 0 0 data 4 0xb0002 0x2730 0xe0002 0x2730 oops 0
ciMethodData java/util/HashMap hash (Ljava/lang/Object;)I 2 28909 orig 264 104 147 143 96 0 0 0 0 208 156 221 89 174 1 0 0 176 1 0 0 0 0 0 0 0 0 0 0 0 0 0 0 0 0 0 0 0 0 0 0 0 0 0 0 0 0 0 0 0 0 0 0 0 0 0 0 0 0 0 0 0 0 0 0 0 0 0 0 0 0 0 0 0 0 0 0 0 0 0 0 77 68 79 32 101 120 116 114 97 32 100 97 116 97 32 108 111 99 107 0 0 0 0 0 0 0 0 0 0 0 0 0 0 0 0 0 0 0 0 0 0 0 0 0 0 0 0 0 0 0 0 0 0 0 0 0 0 0 0 0 0 0 0 0 0 0 0 0 0 0 0 0 0 0 0 0 0 0 0 0 0 0 0 0 0 0 0 0 0 0 0 0 0 0 0 0 0 0 0 2 0 0 0 0 0 0 0 0 0 0 0 0 0 0 0 0 0 0 0 0 0 0 0 0 0 0 0 0 0 0 0 0 0 0 0 0 0 2 0 0 105 119 3 0 1 0 0 0 130 57 0 0 0 0 0 0 2 0 0 0 0 0 6 0 2 0 0 0 104 0 0 0 255 255 255 255 7 224 1 0 0 0 0 0 data 13 0x1e007 0x6eed 0x38 0x2 0x50003 0x2 0x48 0x90005 0x2182 0x1ae4c818300 0x4a49 0x1ae4c818390 0x322 oops 2 9 java/lang/String 11 java/lang/Class
ciMethodData java/lang/String indexOf (I)I 2 15794 orig 264 104 147 143 96 0 0 0 0 152 80 207 89 174 1 0 0 128 1 0 0 0 0 0 0 0 0 0 0 0 0 0 0 0 0 0 0 0 0 0 0 0 0 0 0 0 0 0 0 0 0 0 0 0 0 0 0 0 0 0 0 0 0 0 0 0 0 0 0 0 0 0 0 0 0 0 0 0 0 0 0 77 68 79 32 101 120 116 114 97 32 100 97 116 97 32 108 111 99 107 0 0 0 0 0 0 0 0 0 0 0 0 0 0 0 0 0 0 0 0 0 0 0 0 0 0 0 0 0 0 0 0 0 0 0 0 0 0 0 0 0 0 0 0 0 0 0 0 0 0 0 0 0 0 0 0 0 0 0 0 0 0 0 0 0 0 0 0 0 0 0 0 0 0 0 0 0 0 0 0 0 0 0 0 0 0 0 0 0 0 0 0 0 0 0 0 0 0 0 0 0 0 0 0 0 0 0 0 0 0 0 0 0 0 0 0 0 0 2 0 0 145 221 1 0 1 0 0 0 0 0 0 0 0 0 0 0 2 0 0 0 0 0 3 0 2 0 0 0 48 0 0 0 255 255 255 255 5 0 3 0 0 0 0 0 data 6 0x30005 0x681 0x1ae4c818300 0x3531 0x0 0x0 oops 1 2 java/lang/String
ciMethodData java/util/HashMap getNode (ILjava/lang/Object;)Ljava/util/HashMap$Node; 2 5671 orig 264 104 147 143 96 0 0 0 0 128 166 221 89 174 1 0 0 8 4 0 0 176 1 0 0 0 0 0 0 0 0 0 0 0 0 0 0 0 0 0 0 0 0 0 0 0 0 0 0 0 0 0 0 0 0 0 0 0 0 0 0 0 0 0 0 0 0 0 0 0 0 0 0 0 0 0 0 0 0 0 0 77 68 79 32 101 120 116 114 97 32 100 97 116 97 32 108 111 99 107 0 0 0 0 0 0 0 0 0 0 0 0 0 0 0 0 0 0 0 0 0 0 0 0 0 0 0 0 0 0 0 0 0 0 0 0 0 0 0 0 0 0 0 0 0 0 0 0 0 0 0 0 0 0 0 0 0 0 0 0 0 0 0 0 0 0 0 0 0 0 0 0 0 0 0 0 0 0 0 0 0 0 0 0 0 17 0 0 0 0 0 0 0 0 0 0 0 0 0 0 0 1 0 0 0 0 0 0 0 0 0 0 0 0 0 0 0 0 2 0 0 57 161 0 0 169 10 0 0 0 0 0 0 0 0 0 0 2 0 0 0 1 0 37 0 2 0 0 0 176 2 0 0 255 255 255 255 7 0 6 0 0 0 0 0 data 86 0x60007 0xf9 0x2b0 0x132e 0xe0007 0x0 0x290 0x132e 0x1c0007 0x6a8 0x270 0xc86 0x250007 0x4db 0xb0 0x7ab 0x310007 0x565 0x90 0x246 0x350007 0x0 0x70 0x246 0x3b0005 0xe3 0x1ae4c818300 0x159 0x1ae75db6170 0xa 0x3e0007 0xe 0x20 0x238 0x4c0007 0x29e 0x1a0 0x24b 0x510004 0xfffffffffffffdb5 0x1ae789c7220 0xdd 0x1ae77ff3a70 0x1 0x540007 0x24b 0x80 0x0 0x590004 0x0 0x0 0x0 0x0 0x0 0x5e0005 0x0 0x0 0x0 0x0 0x0 0x680007 0x180 0xb0 0x15b 0x740007 0xa0 0x90 0xbb 0x780007 0x0 0x70 0xbb 0x7e0005 0x26 0x1ae4c818300 0x8d 0x1ae75db6170 0x8 0x810007 0x1 0x20 0xba 0x8f0007 0x90 0xffffffffffffff50 0xf1 oops 6 26 java/lang/String 28 java/io/File 40 java/util/LinkedHashMap$Entry 42 java/util/HashMap$Node 74 java/lang/String 76 java/io/File
ciMethodData java/lang/String lastIndexOf (II)I 2 45510 orig 264 104 147 143 96 0 0 0 0 208 83 207 89 174 1 0 0 240 1 0 0 32 0 0 0 0 0 0 0 0 0 0 0 0 0 0 0 0 0 0 0 0 0 0 0 0 0 0 0 0 0 0 0 0 0 0 0 0 0 0 0 0 0 0 0 0 0 0 0 0 0 0 0 0 0 0 0 0 0 0 0 77 68 79 32 101 120 116 114 97 32 100 97 116 97 32 108 111 99 107 0 0 0 0 0 0 0 0 0 0 0 0 0 0 0 0 0 0 0 0 0 0 0 0 0 0 0 0 0 0 0 0 0 0 0 0 0 0 0 0 0 0 0 0 0 0 0 0 0 0 0 0 0 0 0 0 0 0 0 0 0 0 0 0 0 0 0 0 0 0 0 0 0 0 0 0 0 0 0 0 0 0 0 0 0 0 0 0 0 0 0 0 0 0 0 0 0 0 0 0 0 0 0 0 0 0 0 0 0 0 0 0 0 0 0 0 0 0 44 0 0 65 28 0 0 49 46 4 0 0 0 0 0 0 0 0 0 2 0 0 0 1 0 14 0 2 0 0 0 152 0 0 0 255 255 255 255 7 0 3 0 0 0 0 0 data 19 0x30007 0x0 0x88 0x388 0x100002 0x388 0x170007 0x178 0x58 0x87b0 0x1f0007 0x85a0 0x20 0x210 0x280003 0x85a0 0xffffffffffffffc0 0x300002 0x0 oops 0
ciMethodData java/lang/String startsWith (Ljava/lang/String;I)Z 2 11490 orig 264 104 147 143 96 0 0 0 0 248 77 207 89 174 1 0 0 176 1 0 0 32 0 0 0 0 0 0 0 0 0 0 0 0 0 0 0 0 0 0 0 0 0 0 0 0 0 0 0 0 0 0 0 0 0 0 0 0 0 0 0 0 0 0 0 0 0 0 0 0 0 0 0 0 0 0 0 0 0 0 0 77 68 79 32 101 120 116 114 97 32 100 97 116 97 32 108 111 99 107 0 0 0 0 0 0 0 0 0 0 0 0 0 0 0 0 0 0 0 0 0 0 0 0 0 0 0 0 0 0 0 0 0 0 0 0 0 0 0 0 0 0 0 0 0 0 0 0 0 0 0 0 0 0 0 0 0 0 0 0 0 0 0 0 0 0 0 0 0 0 0 0 0 0 0 0 0 0 0 0 0 0 0 0 0 0 0 0 0 0 0 0 0 0 0 0 0 0 0 0 0 0 0 0 0 0 0 0 0 0 0 0 0 0 0 0 0 0 2 0 0 25 160 0 0 17 103 1 0 0 0 0 0 0 0 0 0 2 0 0 0 1 0 13 0 2 0 0 0 128 0 0 0 255 255 255 255 7 0 25 0 0 0 0 0 data 16 0x190007 0x3 0x40 0x1400 0x250007 0x1345 0x20 0xbb 0x2f0007 0x155 0x40 0x2ef9 0x410007 0x1d09 0xffffffffffffffe0 0x11f0 oops 0
ciMethodData java/util/HashMap put (Ljava/lang/Object;Ljava/lang/Object;)Ljava/lang/Object; 2 11816 orig 264 104 147 143 96 0 0 0 0 192 167 221 89 174 1 0 0 152 1 0 0 0 0 0 0 0 0 0 0 0 0 0 0 0 0 0 0 0 0 0 0 0 0 0 0 0 0 0 0 0 0 0 0 0 0 0 0 0 0 0 0 0 0 0 0 0 0 0 0 0 0 0 0 0 0 0 0 0 0 0 0 77 68 79 32 101 120 116 114 97 32 100 97 116 97 32 108 111 99 107 0 0 0 0 0 0 0 0 0 0 0 0 0 0 0 0 0 0 0 0 0 0 0 0 0 0 0 0 0 0 0 0 0 0 0 0 0 0 0 0 0 0 0 0 0 1 0 0 0 0 0 0 0 0 0 0 0 0 0 0 0 0 0 0 0 0 0 0 0 0 0 0 0 0 0 0 0 0 0 0 0 0 0 0 0 0 0 0 0 0 0 0 0 0 0 0 0 0 0 0 0 0 0 0 0 0 0 0 0 0 0 0 0 0 0 0 0 0 2 0 0 65 97 1 0 1 0 0 0 30 20 0 0 0 0 0 0 2 0 0 0 0 0 7 0 2 0 0 0 64 0 0 0 255 255 255 255 2 0 2 0 0 0 0 0 data 8 0x20002 0x2c28 0x90005 0x1a0 0x1ae78091e90 0x2a55 0x1ae78f651d0 0x34 oops 2 4 java/util/HashMap 6 java/io/ExpiringCache$1
ciMethodData java/util/HashMap putVal (ILjava/lang/Object;Ljava/lang/Object;ZZ)Ljava/lang/Object; 2 5700 orig 264 104 147 143 96 0 0 0 0 160 169 221 89 174 1 0 0 176 6 0 0 224 4 0 0 0 0 0 0 0 0 0 0 0 0 0 0 0 0 0 0 0 0 0 0 0 0 0 0 0 0 0 0 0 0 0 0 0 0 0 0 0 0 0 0 0 0 0 0 0 0 0 0 0 0 0 0 0 0 0 0 77 68 79 32 101 120 116 114 97 32 100 97 116 97 32 108 111 99 107 0 0 0 0 0 0 0 0 0 0 0 0 0 0 0 0 0 0 0 0 0 0 0 0 0 0 0 0 0 0 0 0 0 0 0 0 0 0 0 0 0 0 0 0 0 0 0 0 0 0 0 0 0 0 0 0 0 0 0 0 0 0 0 0 0 0 0 0 0 0 0 0 0 0 0 0 0 0 0 0 0 0 0 0 0 0 0 0 0 0 0 0 0 0 0 0 0 0 0 0 0 0 0 0 0 0 0 0 0 0 0 0 0 0 0 0 0 0 2 0 0 33 162 0 0 233 16 0 0 0 0 0 0 0 0 0 0 2 0 0 0 1 0 50 0 2 0 0 0 64 5 0 0 255 255 255 255 7 0 7 0 0 0 0 0 data 168 0x70007 0x11a 0x40 0x132a 0x100007 0x132a 0x50 0x0 0x140005 0x2b 0x1ae78091e90 0xee 0x1ae0f0714b0 0x1 0x2c0007 0x8aa 0x98 0xb9a 0x380005 0x93 0x1ae78f651d0 0x52 0x1ae78091e90 0xab5 0x3b0004 0x0 0x1ae789c7220 0xc4 0x1ae77ff3a70 0xad6 0x3c0003 0xb9a 0x3d0 0x450007 0x6f0 0xc8 0x1ba 0x510007 0x1a0 0x90 0x1a 0x550007 0x0 0x88 0x1a 0x5b0005 0x1 0x1ae0f071560 0x13 0x1ae75db6170 0x6 0x5e0007 0x13 0x38 0x7 0x650003 0x1a7 0x278 0x6a0004 0xfffffffffffff8fd 0x1ae789c7220 0x1b 0x1ae77ff3a70 0x4 0x6d0007 0x703 0x98 0x0 0x720004 0x0 0x0 0x0 0x0 0x0 0x7b0005 0x0 0x0 0x0 0x0 0x0 0x800003 0x0 0x1b0 0x8e0007 0x2d9 0xb8 0x647 0x980005 0x35 0x1ae78f651d0 0x26 0x1ae78091e90 0x5ec 0xa20007 0x647 0x148 0x0 0xa90005 0x0 0x0 0x0 0x0 0x0 0xac0003 0x0 0xf8 0xb50007 0x21c 0xc8 0xbd 0xc10007 0xb9 0xc0 0x4 0xc50007 0x0 0x88 0x4 0xcb0005 0x0 0x1ae0f071560 0x1 0x1ae4c818300 0x3 0xce0007 0x1 0x38 0x3 0xd10003 0x3 0x30 0xdb0003 0x21d 0xfffffffffffffe80 0xe00007 0x647 0x90 0x263 0xec0007 0x263 0x40 0x0 0xf10007 0x0 0x20 0x0 0xfd0005 0x0 0x1ae78091e90 0x263 0x0 0x0 0x11c0007 0x1173 0x50 0x6e 0x1200005 0x6 0x1ae78091e90 0x65 0x1ae0f0714b0 0x3 0x1270005 0xc8 0x1ae78f651d0 0x78 0x1ae78091e90 0x10a1 oops 19 10 java/util/HashMap 12 java/lang/ProcessEnvironment 20 java/io/ExpiringCache$1 22 java/util/HashMap 26 java/util/LinkedHashMap$Entry 28 java/util/HashMap$Node 47 sun/misc/ProxyGenerator$ConstantPool$IndirectEntry 49 java/io/File 60 java/util/LinkedHashMap$Entry 62 java/util/HashMap$Node 89 java/io/ExpiringCache$1 91 java/util/HashMap 120 sun/misc/ProxyGenerator$ConstantPool$IndirectEntry 122 java/lang/String 148 java/util/HashMap 158 java/util/HashMap 160 java/lang/ProcessEnvironment 164 java/io/ExpiringCache$1 166 java/util/HashMap
ciMethod java/net/URLClassLoader$1 run ()Ljava/lang/Class; 2049 1 6400 0 -1
ciMethod sun/misc/URLClassPath$JarLoader access$600 (Lsun/misc/URLClassPath$JarLoader;)Ljava/net/URL; 1025 1 128 0 0
ciMethod sun/misc/URLClassPath$JarLoader access$700 (Lsun/misc/URLClassPath$JarLoader;)Ljava/util/jar/JarFile; 1065 1 133 0 0
ciMethod sun/misc/URLClassPath$Loader getResource (Ljava/lang/String;Z)Lsun/misc/Resource; 0 0 1 0 -1
ciMethod java/util/zip/ZipFile getEntry (J[BZ)J 3073 1 384 0 -1
ciMethod java/util/zip/ZipFile getInputStream (Ljava/util/zip/ZipEntry;)Ljava/io/InputStream; 2049 1 2443 0 0
ciMethod java/util/zip/ZipFile getInflater ()Ljava/util/zip/Inflater; 2009 1 2430 0 0
ciMethod java/util/zip/ZipFile ensureOpen ()V 2065 1 5687 0 96
ciMethod java/util/zip/ZipFile getEntryCSize (J)J 2049 1 256 0 -1
ciMethod java/util/zip/ZipFile getEntrySize (J)J 2049 1 256 0 -1
ciMethod java/util/zip/ZipFile getEntryMethod (J)I 2049 1 256 0 -1
ciMethod java/util/zip/ZipFile access$000 (Ljava/util/zip/ZipFile;)Ljava/util/Map; 1201 1 150 0 -1
ciMethod java/util/zip/ZipFile access$100 (Ljava/util/zip/ZipFile;Ljava/util/zip/Inflater;)V 2049 1 2186 0 -1
ciMethod java/util/zip/ZipFile access$1100 (J)J 2049 1 2443 0 0
ciMethod java/util/zip/ZipFile access$1200 (J)J 2049 1 2443 0 0
ciMethodData java/lang/String lastIndexOf (I)I 2 10889 orig 264 104 147 143 96 0 0 0 0 0 83 207 89 174 1 0 0 128 1 0 0 0 0 0 0 0 0 0 0 0 0 0 0 0 0 0 0 0 0 0 0 0 0 0 0 0 0 0 0 0 0 0 0 0 0 0 0 0 0 0 0 0 0 0 0 0 0 0 0 0 0 0 0 0 0 0 0 0 0 0 0 77 68 79 32 101 120 116 114 97 32 100 97 116 97 32 108 111 99 107 0 0 0 0 0 0 0 0 0 0 0 0 0 0 0 0 0 0 0 0 0 0 0 0 0 0 0 0 0 0 0 0 0 0 0 0 0 0 0 0 0 0 0 0 0 0 0 0 0 0 0 0 0 0 0 0 0 0 0 0 0 0 0 0 0 0 0 0 0 0 0 0 0 0 0 0 0 0 0 0 0 0 0 0 0 0 0 0 0 0 0 0 0 0 0 0 0 0 0 0 0 0 0 0 0 0 0 0 0 0 0 0 0 0 0 0 0 0 2 0 0 73 68 1 0 1 0 0 0 0 0 0 0 0 0 0 0 2 0 0 0 0 0 3 0 2 0 0 0 48 0 0 0 255 255 255 255 5 0 9 0 0 0 0 0 data 6 0x90005 0x85 0x1ae4c818300 0x2804 0x0 0x0 oops 1 2 java/lang/String
ciMethod java/io/IOException <init> (Ljava/lang/String;)V 9 1 14 0 -1
ciMethod java/util/jar/JarFile getManifest ()Ljava/util/jar/Manifest; 625 1 1641 0 0
ciMethod java/util/jar/JarFile getManifestFromReference ()Ljava/util/jar/Manifest; 625 1 1648 0 0
ciMethod java/util/jar/JarFile getMetaInfEntryNames ()[Ljava/lang/String; 1849 1 231 0 -1
ciMethod java/util/jar/JarFile getJarEntry (Ljava/lang/String;)Ljava/util/jar/JarEntry; 441 1 14564 0 -1
ciMethod java/util/jar/JarFile getEntry (Ljava/lang/String;)Ljava/util/zip/ZipEntry; 441 1 6435 0 -1
ciMethod java/util/jar/JarFile maybeInstantiateVerifier ()V 2057 225 5112 0 0
ciMethod java/util/jar/JarFile initializeVerifier ()V 1 1 7 0 0
ciMethod java/util/jar/JarFile getBytes (Ljava/util/zip/ZipEntry;)[B 2049 1 512 0 0
ciMethod java/util/jar/JarFile getInputStream (Ljava/util/zip/ZipEntry;)Ljava/io/InputStream; 545 1 1866 0 0
ciMethod java/util/jar/JarFile getManEntry ()Ljava/util/jar/JarEntry; 2049 1 571 0 0
ciMethod java/util/jar/JarFile ensureInitialization ()V 3073 1 1623 0 0
ciMethod sun/misc/JavaUtilJarAccess getTrustedAttributes (Ljava/util/jar/Manifest;Ljava/lang/String;)Ljava/util/jar/Attributes; 0 0 1 0 -1
ciMethod sun/misc/JavaUtilJarAccess ensureInitialization (Ljava/util/jar/JarFile;)V 0 0 1 0 -1
ciMethod java/util/jar/JavaUtilJarAccessImpl getTrustedAttributes (Ljava/util/jar/Manifest;Ljava/lang/String;)Ljava/util/jar/Attributes; 2505 1 1623 0 0
ciMethod java/util/jar/JavaUtilJarAccessImpl ensureInitialization (Ljava/util/jar/JarFile;)V 3073 1 1623 0 0
ciMethod java/util/Deque poll ()Ljava/lang/Object; 0 0 1 0 -1
ciMethod java/util/ArrayDeque pollFirst ()Ljava/lang/Object; 2049 1 2430 0 0
ciMethod java/util/ArrayDeque poll ()Ljava/lang/Object; 2049 1 2430 0 0
ciMethod java/util/zip/ZipCoder getBytes (Ljava/lang/String;)[B 3073 1 6571 0 1408
ciMethod java/util/zip/ZipCoder getBytesUTF8 (Ljava/lang/String;)[B 0 0 1 0 -1
ciMethod java/util/zip/ZipCoder isUTF8 ()Z 1025 1 128 0 0
ciMethod java/util/zip/ZipCoder encoder ()Ljava/nio/charset/CharsetEncoder; 3073 1 6571 0 0
ciMethod sun/misc/PerfCounter get ()J 1665 1 7644 0 -1
ciMethod sun/misc/PerfCounter add (J)V 1665 1 7644 0 -1
ciMethod sun/misc/PerfCounter addElapsedTimeFrom (J)V 833 1 3846 0 0
ciMethod sun/misc/PerfCounter getReadClassBytesTime ()Lsun/misc/PerfCounter; 2513 1 1623 0 0
ciMethod java/nio/LongBuffer get (I)J 0 0 1 0 -1
ciMethod java/nio/LongBuffer put (IJ)Ljava/nio/LongBuffer; 0 0 1 0 -1
ciMethod java/util/zip/ZipEntry getSize ()J 2049 1 2135 0 -1
ciMethod java/util/jar/JarEntry getCodeSigners ()[Ljava/security/CodeSigner; 0 0 1 0 -1
ciMethod java/util/zip/ZipFile$ZipFileInputStream <init> (Ljava/util/zip/ZipFile;J)V 2049 1 2443 0 0
ciMethod java/util/zip/Inflater <init> (Z)V 2049 1 1209 0 0
ciMethod java/util/zip/Inflater needsInput ()Z 1457 1 2879 0 -1
ciMethod java/util/zip/Inflater needsDictionary ()Z 1457 1 2879 0 -1
ciMethod java/util/zip/Inflater finished ()Z 1497 1 3530 0 -1
ciMethod java/util/zip/Inflater inflate ([BII)I 2049 1 6424 0 -1
ciMethod java/util/zip/Inflater end ()V 1 1 964 0 -1
ciMethod java/util/zip/Inflater ensureOpen ()V 2065 1 5379 0 -1
ciMethod java/util/zip/Inflater ended ()Z 2049 1 3890 0 0
ciMethod java/util/zip/Inflater init (Z)J 2049 1 256 0 -1
ciMethod java/util/zip/Inflater inflateBytes (J[BII)I 2049 1 256 0 -1
ciMethod java/util/zip/ZStreamRef <init> (J)V 2041 1 1209 0 0
ciMethod java/util/zip/ZStreamRef address ()J 2073 1 20110 0 0
ciMethod java/util/zip/ZipFile$ZipFileInflaterInputStream <init> (Ljava/util/zip/ZipFile;Ljava/util/zip/ZipFile$ZipFileInputStream;Ljava/util/zip/Inflater;I)V 2009 1 2430 0 0
ciMethod java/util/zip/ZipFile$ZipFileInflaterInputStream close ()V 2049 1 4642 0 0
ciMethod java/util/zip/InflaterInputStream ensureOpen ()V 2049 1 6116 0 -1
ciMethod java/util/zip/InflaterInputStream <init> (Ljava/io/InputStream;Ljava/util/zip/Inflater;I)V 2009 1 2913 0 0
ciMethod java/util/zip/InflaterInputStream read ([BII)I 2049 1457 5381 0 3008
ciMethod java/util/zip/InflaterInputStream close ()V 2049 1 2911 0 -1
ciMethod java/util/zip/InflaterInputStream fill ()V 2057 1 735 0 -1
ciMethod sun/misc/IOUtils readFully (Ljava/io/InputStream;IZ)[B 2049 2753 512 0 -1
ciMethodData java/lang/String endsWith (Ljava/lang/String;)Z 2 12030 orig 264 104 147 143 96 0 0 0 0 48 79 207 89 174 1 0 0 128 1 0 0 0 0 0 0 0 0 0 0 0 0 0 0 0 0 0 0 0 0 0 0 0 0 0 0 0 0 0 0 0 0 0 0 0 0 0 0 0 0 0 0 0 0 0 0 0 0 0 0 0 0 0 0 0 0 0 0 0 0 0 0 77 68 79 32 101 120 116 114 97 32 100 97 116 97 32 108 111 99 107 0 0 0 0 0 0 0 0 0 0 0 0 0 0 0 0 0 0 0 0 0 0 0 0 0 0 0 0 0 0 0 0 0 0 0 0 0 0 0 0 0 0 0 0 0 0 0 0 0 0 0 0 0 0 0 0 0 0 0 0 0 0 0 0 0 0 0 0 0 0 0 0 0 0 0 0 0 0 0 0 0 0 0 0 0 0 0 0 0 0 0 0 0 0 0 0 0 0 0 0 0 0 0 0 0 0 0 0 0 0 0 0 0 0 0 0 0 0 2 0 0 241 103 1 0 1 0 0 0 0 0 0 0 0 0 0 0 2 0 0 0 0 0 3 0 2 0 0 0 48 0 0 0 255 255 255 255 5 0 13 0 0 0 0 0 data 6 0xd0005 0x2 0x1ae4c818300 0x2cfc 0x0 0x0 oops 1 2 java/lang/String
ciMethod sun/misc/URLClassPath$JarLoader$2 getCodeSourceURL ()Ljava/net/URL; 2049 1 1623 0 0
ciMethod sun/misc/URLClassPath$JarLoader$2 getInputStream ()Ljava/io/InputStream; 3089 1 1623 0 0
ciMethod sun/misc/URLClassPath$JarLoader$2 getContentLength ()I 4097 1 1623 0 0
ciMethod sun/misc/URLClassPath$JarLoader$2 getManifest ()Ljava/util/jar/Manifest; 3073 1 1623 0 0
ciMethod sun/misc/URLClassPath$JarLoader$2 getCodeSigners ()[Ljava/security/CodeSigner; 4097 1 1623 0 0
ciMethod sun/misc/Resource getCodeSourceURL ()Ljava/net/URL; 0 0 1 0 -1
ciMethod sun/misc/Resource getInputStream ()Ljava/io/InputStream; 0 0 1 0 -1
ciMethod sun/misc/Resource getContentLength ()I 0 0 1 0 -1
ciMethod sun/misc/Resource cachedInputStream ()Ljava/io/InputStream; 2049 1 3246 0 0
ciMethod sun/misc/Resource getBytes ()[B 2513 5449 1623 0 0
ciMethod sun/misc/Resource getByteBuffer ()Ljava/nio/ByteBuffer; 2513 1 1623 0 0
ciMethod sun/misc/Resource getManifest ()Ljava/util/jar/Manifest; 0 0 1 0 -1
ciMethod sun/misc/Resource getCodeSigners ()[Ljava/security/CodeSigner; 0 0 1 0 -1
ciMethod java/util/jar/Attributes <init> ()V 2145 1 710 0 0
ciMethod java/util/jar/Attributes <init> (I)V 2281 1 2644 0 0
ciMethod java/util/jar/Attributes get (Ljava/lang/Object;)Ljava/lang/Object; 1201 1 3707 0 0
ciMethod java/util/jar/Attributes getValue (Ljava/util/jar/Attributes$Name;)Ljava/lang/String; 1201 1 3043 0 0
ciMethod java/util/jar/Attributes size ()I 2937 1 1934 0 -1
ciMethod java/util/jar/Attributes read (Ljava/util/jar/Manifest$FastInputStream;[B)V 817 51441 2460 0 -1
ciMethod java/util/jar/Manifest$FastInputStream <init> (Ljava/io/InputStream;)V 2057 1 710 0 -1
ciMethod java/util/jar/Manifest$FastInputStream peek ()B 2065 1 5842 0 -1
ciMethod java/util/jar/Manifest$FastInputStream readLine ([B)I 3129 1 13891 0 -1
ciMethod java/util/jar/Attributes$Name equals (Ljava/lang/Object;)Z 2065 1 694 0 0
ciMethod java/util/jar/Attributes$Name hashCode ()I 3153 1 5619 0 640
ciMethod sun/misc/ASCIICaseInsensitiveComparator compare (Ljava/lang/String;Ljava/lang/String;)I 913 17185 694 0 -1
ciMethod sun/misc/ASCIICaseInsensitiveComparator lowerCaseHashCode (Ljava/lang/String;)I 1481 16969 1501 0 640
ciMethod sun/misc/ASCIICaseInsensitiveComparator toLower (I)I 2817 1 21247 0 -1
ciMethod sun/misc/ASCIICaseInsensitiveComparator compare (Ljava/lang/Object;Ljava/lang/Object;)I 2065 1 694 0 0
ciMethod java/lang/Package isSealed ()Z 2089 1 1397 0 0
ciMethod java/lang/Package isSealed (Ljava/net/URL;)Z 0 0 1 0 -1
ciMethod java/lang/Package getSystemPackage (Ljava/lang/String;)Ljava/lang/Package; 465 1 452 0 0
ciMethod java/lang/Package defineSystemPackage (Ljava/lang/String;Ljava/lang/String;)Ljava/lang/Package; 0 0 1 0 0
ciMethod java/lang/Package getSystemPackage0 (Ljava/lang/String;)Ljava/lang/String; 2049 1 256 0 -1
ciMethod sun/nio/ByteBuffered getByteBuffer ()Ljava/nio/ByteBuffer; 0 0 1 0 -1
ciMethod java/io/ByteArrayOutputStream <init> ()V 3073 1 574 0 0
ciMethod java/io/ByteArrayOutputStream <init> (I)V 2129 1 1078 0 0
ciMethodData java/lang/String toCharArray ()[C 2 7987 orig 264 104 147 143 96 0 0 0 0 232 110 207 89 174 1 0 0 88 1 0 0 0 0 0 0 0 0 0 0 0 0 0 0 0 0 0 0 0 0 0 0 0 0 0 0 0 0 0 0 0 0 0 0 0 0 0 0 0 0 0 0 0 0 0 0 0 0 0 0 0 0 0 0 0 0 0 0 0 0 0 0 77 68 79 32 101 120 116 114 97 32 100 97 116 97 32 108 111 99 107 0 0 0 0 0 0 0 0 0 0 0 0 0 0 0 0 0 0 0 0 0 0 0 0 0 0 0 0 0 0 0 0 0 0 0 0 0 0 0 0 0 0 0 0 0 0 0 0 0 0 0 0 0 0 0 0 0 0 0 0 0 0 0 0 0 0 0 0 0 0 0 0 0 0 0 0 0 0 0 0 0 0 0 0 0 0 0 0 0 0 0 0 0 0 0 0 0 0 0 0 0 0 0 0 0 0 0 0 0 0 0 0 0 0 0 0 0 0 2 0 0 153 233 0 0 1 0 0 0 0 0 0 0 0 0 0 0 2 0 0 0 0 0 3 0 2 0 0 0 16 0 0 0 255 255 255 255 2 0 20 0 0 0 0 0 data 2 0x140002 0x1d33 oops 0
ciMethod java/lang/AssertionError <init> ()V 0 0 1 0 -1
ciMethodData java/lang/String <init> ([CZ)V 2 10675 orig 264 104 147 143 96 0 0 0 0 200 59 207 89 174 1 0 0 64 1 0 0 0 0 0 0 0 0 0 0 0 0 0 0 0 0 0 0 0 0 0 0 0 0 0 0 0 0 0 0 0 0 0 0 0 0 0 0 0 0 0 0 0 0 0 0 0 0 0 0 0 0 0 0 0 0 0 0 0 0 0 0 77 68 79 32 101 120 116 114 97 32 100 97 116 97 32 108 111 99 107 0 0 0 0 0 0 0 0 0 0 0 0 0 0 0 0 0 0 0 0 0 0 0 0 0 0 0 0 0 0 0 0 0 0 0 0 0 0 0 0 0 0 0 0 0 0 0 0 0 0 0 0 0 0 0 0 0 0 0 0 0 0 0 0 0 0 0 0 0 0 0 0 0 0 0 0 0 0 0 0 0 0 0 0 0 0 0 0 0 0 0 0 0 0 0 0 0 0 0 0 0 0 0 0 0 0 0 0 0 0 0 0 0 0 0 0 0 15 1 0 0 33 69 1 0 1 0 0 0 0 0 0 0 0 0 0 0 2 0 0 0 0 0 3 0 2 0 0 0 16 0 0 0 255 255 255 255 2 0 1 0 0 0 0 0 data 2 0x10002 0x28a4 oops 0
ciMethodData java/util/zip/ZStreamRef address ()J 2 20110 orig 264 104 147 143 96 0 0 0 0 224 137 242 89 174 1 0 0 32 1 0 0 0 0 0 0 0 0 0 0 0 0 0 0 0 0 0 0 0 0 0 0 0 0 0 0 0 0 0 0 0 0 0 0 0 0 0 0 0 0 0 0 0 0 0 0 0 0 0 0 0 0 0 0 0 0 0 0 0 0 0 0 77 68 79 32 101 120 116 114 97 32 100 97 116 97 32 108 111 99 107 0 0 0 0 0 0 0 0 0 0 0 0 0 0 0 0 0 0 0 0 0 0 0 0 0 0 0 0 0 0 0 0 0 0 0 0 0 0 0 0 0 0 0 0 0 0 0 0 0 0 0 0 0 0 0 0 0 0 0 0 0 0 0 0 0 0 0 0 0 0 0 0 0 0 0 0 0 0 0 0 0 0 0 0 0 0 0 0 0 0 0 0 0 0 0 0 0 0 0 0 0 0 0 0 0 0 0 0 0 0 0 0 0 0 0 0 0 3 1 0 0 89 108 2 0 1 0 0 0 0 0 0 0 0 0 0 0 2 0 0 0 0 0 3 0 1 0 0 0 0 0 0 0 255 255 255 255 0 0 0 0 0 0 0 0 data 0 oops 0
ciMethodData java/lang/ref/Reference <init> (Ljava/lang/Object;Ljava/lang/ref/ReferenceQueue;)V 2 11362 orig 264 104 147 143 96 0 0 0 0 160 135 209 89 174 1 0 0 120 1 0 0 0 0 0 0 0 0 0 0 0 0 0 0 0 0 0 0 0 0 0 0 0 0 0 0 0 0 0 0 0 0 0 0 0 0 0 0 0 0 0 0 0 0 0 0 0 0 0 0 0 0 0 0 0 0 0 0 0 0 0 0 77 68 79 32 101 120 116 114 97 32 100 97 116 97 32 108 111 99 107 0 0 0 0 0 0 0 0 0 0 0 0 0 0 0 0 0 0 0 0 0 0 0 0 0 0 0 0 0 0 0 0 0 0 0 0 0 0 0 0 0 0 0 0 0 0 0 0 0 0 0 0 0 0 0 0 0 0 0 0 0 0 0 0 0 0 0 0 0 0 0 0 0 0 0 0 0 0 0 0 0 0 0 0 0 1 0 0 0 0 0 0 0 0 0 0 0 0 0 0 0 1 0 0 0 0 0 0 0 0 0 0 0 0 0 0 0 0 1 0 0 17 91 1 0 1 0 0 0 0 0 0 0 0 0 0 0 2 0 0 0 0 0 6 0 2 0 0 0 72 0 0 0 255 255 255 255 2 0 1 0 0 0 0 0 data 9 0x10002 0x2b62 0xb0007 0x21a2 0x38 0x9c0 0x110003 0x9c0 0x18 oops 0
ciMethodData java/lang/String replace (CC)Ljava/lang/String; 2 29864 orig 264 104 147 143 96 0 0 0 0 56 95 207 89 174 1 0 0 136 2 0 0 184 0 0 0 0 0 0 0 0 0 0 0 0 0 0 0 0 0 0 0 0 0 0 0 0 0 0 0 0 0 0 0 0 0 0 0 0 0 0 0 0 0 0 0 0 0 0 0 0 0 0 0 0 0 0 0 0 0 0 0 77 68 79 32 101 120 116 114 97 32 100 97 116 97 32 108 111 99 107 0 0 0 0 0 0 0 0 0 0 0 0 0 0 0 0 0 0 0 0 0 0 0 0 0 0 0 0 0 0 0 0 0 0 0 0 0 0 0 0 0 0 0 0 0 0 0 0 0 0 0 0 0 0 0 0 0 0 0 0 0 0 0 0 0 0 0 0 0 0 0 0 0 0 0 0 0 0 0 0 0 0 0 0 0 0 0 0 0 0 0 0 0 0 0 0 0 0 0 0 0 0 0 0 0 0 0 0 0 0 0 0 0 0 0 0 0 91 20 0 0 177 25 0 0 105 2 3 0 0 0 0 0 0 0 0 0 2 0 0 0 3 0 23 0 2 0 0 0 80 1 0 0 255 255 255 255 7 0 2 0 0 0 0 0 data 42 0x20007 0x0 0x150 0x336 0x1a0007 0x1b 0x58 0xfa6 0x230007 0xc8b 0xffffffffffffffe0 0x31b 0x260003 0x31b 0x18 0x2c0007 0x1b 0xd8 0x31b 0x3b0007 0x31b 0x38 0xb04 0x4b0003 0xb04 0xffffffffffffffe0 0x510007 0x31b 0x70 0x45a9 0x620007 0x3d3b 0x38 0x86e 0x660003 0x86e 0x18 0x6f0003 0x45a9 0xffffffffffffffa8 0x790002 0x31b oops 0
ciMethodData java/util/jar/JarFile getJarEntry (Ljava/lang/String;)Ljava/util/jar/JarEntry; 2 14564 orig 264 104 147 143 96 0 0 0 0 16 37 240 89 174 1 0 0 176 1 0 0 0 0 0 0 0 0 0 0 0 0 0 0 0 0 0 0 0 0 0 0 0 0 0 0 0 0 0 0 0 0 0 0 0 0 0 0 0 0 0 0 0 0 0 0 0 0 0 0 0 0 0 0 0 0 0 0 0 0 0 0 77 68 79 32 101 120 116 114 97 32 100 97 116 97 32 108 111 99 107 0 0 0 0 0 0 0 0 0 0 0 0 0 0 0 0 0 0 0 0 0 0 0 0 0 0 0 0 0 0 0 0 0 0 0 0 0 0 0 0 0 0 0 0 0 0 0 0 0 0 0 0 0 0 0 0 0 0 0 0 0 0 0 0 0 0 0 0 0 0 0 0 0 0 0 0 0 0 0 0 0 0 0 0 0 0 0 0 0 0 0 0 0 0 0 0 0 0 0 0 0 0 0 0 0 0 0 0 0 0 0 0 0 0 0 0 0 55 0 0 0 105 197 1 0 1 0 0 0 0 0 0 0 0 0 0 0 2 0 0 0 0 0 3 0 2 0 0 0 96 0 0 0 255 255 255 255 5 0 2 0 0 0 0 0 data 12 0x20005 0x0 0x1ae7e07f930 0x38ad 0x0 0x0 0x50104 0x0 0x1ae7e070880 0x27c 0x0 0x0 oops 2 2 java/util/jar/JarFile 8 java/util/jar/JarFile$JarFileEntry
ciMethodData java/util/AbstractCollection <init> ()V 2 13957 orig 264 104 147 143 96 0 0 0 0 0 137 219 89 174 1 0 0 48 1 0 0 0 0 0 0 0 0 0 0 0 0 0 0 0 0 0 0 0 0 0 0 0 0 0 0 0 0 0 0 0 0 0 0 0 0 0 0 0 0 0 0 0 0 0 0 0 0 0 0 0 0 0 0 0 0 0 0 0 0 0 0 77 68 79 32 101 120 116 114 97 32 100 97 116 97 32 108 111 99 107 0 0 0 0 0 0 0 0 0 0 0 0 0 0 0 0 0 0 0 0 0 0 0 0 0 0 0 0 0 0 0 0 0 0 0 0 0 0 0 0 0 0 0 0 0 0 0 0 0 0 0 0 0 0 0 0 0 0 0 0 0 0 0 0 0 0 0 0 0 0 0 0 0 0 0 0 0 0 0 0 0 0 0 0 0 0 0 0 0 0 0 0 0 0 0 0 0 0 0 0 0 0 0 0 0 0 0 0 0 0 0 0 0 0 0 0 0 36 0 0 0 9 179 1 0 1 0 0 0 0 0 0 0 0 0 0 0 2 0 0 0 0 0 3 0 2 0 0 0 16 0 0 0 255 255 255 255 2 0 1 0 0 0 0 0 data 2 0x10002 0x3661 oops 0
ciMethodData java/util/HashMap <init> ()V 2 5153 orig 264 104 147 143 96 0 0 0 0 136 161 221 89 174 1 0 0 48 1 0 0 0 0 0 0 0 0 0 0 0 0 0 0 0 0 0 0 0 0 0 0 0 0 0 0 0 0 0 0 0 0 0 0 0 0 0 0 0 0 0 0 0 0 0 0 0 0 0 0 0 0 0 0 0 0 0 0 0 0 0 0 77 68 79 32 101 120 116 114 97 32 100 97 116 97 32 108 111 99 107 0 0 0 0 0 0 0 0 0 0 0 0 0 0 0 0 0 0 0 0 0 0 0 0 0 0 0 0 0 0 0 0 0 0 0 0 0 0 0 0 0 0 0 0 0 0 0 0 0 0 0 0 0 0 0 0 0 0 0 0 0 0 0 0 0 0 0 0 0 0 0 0 0 0 0 0 0 0 0 0 0 0 0 0 0 0 0 0 0 0 0 0 0 0 0 0 0 0 0 0 0 0 0 0 0 0 0 0 0 0 0 0 0 0 0 0 0 15 0 0 0 145 160 0 0 1 0 0 0 0 0 0 0 0 0 0 0 2 0 0 0 0 0 3 0 2 0 0 0 16 0 0 0 255 255 255 255 2 0 1 0 0 0 0 0 data 2 0x10002 0x1412 oops 0
ciMethodData java/util/AbstractMap <init> ()V 2 9446 orig 264 104 147 143 96 0 0 0 0 24 242 220 89 174 1 0 0 48 1 0 0 0 0 0 0 0 0 0 0 0 0 0 0 0 0 0 0 0 0 0 0 0 0 0 0 0 0 0 0 0 0 0 0 0 0 0 0 0 0 0 0 0 0 0 0 0 0 0 0 0 0 0 0 0 0 0 0 0 0 0 0 77 68 79 32 101 120 116 114 97 32 100 97 116 97 32 108 111 99 107 0 0 0 0 0 0 0 0 0 0 0 0 0 0 0 0 0 0 0 0 0 0 0 0 0 0 0 0 0 0 0 0 0 0 0 0 0 0 0 0 0 0 0 0 0 0 0 0 0 0 0 0 0 0 0 0 0 0 0 0 0 0 0 0 0 0 0 0 0 0 0 0 0 0 0 0 0 0 0 0 0 0 0 0 0 0 0 0 0 0 0 0 0 0 0 0 0 0 0 0 0 0 0 0 0 0 0 0 0 0 0 0 0 0 0 0 0 46 0 0 0 193 37 1 0 1 0 0 0 0 0 0 0 0 0 0 0 2 0 0 0 0 0 3 0 2 0 0 0 16 0 0 0 255 255 255 255 2 0 1 0 0 0 0 0 data 2 0x10002 0x24b8 oops 0
ciMethodData java/lang/ClassLoader checkName (Ljava/lang/String;)Z 2 5403 orig 264 104 147 143 96 0 0 0 0 192 85 208 89 174 1 0 0 144 2 0 0 80 0 0 0 0 0 0 0 0 0 0 0 0 0 0 0 0 0 0 0 0 0 0 0 0 0 0 0 0 0 0 0 0 0 0 0 0 0 0 0 0 0 0 0 0 0 0 0 0 0 0 0 0 0 0 0 0 0 0 0 77 68 79 32 101 120 116 114 97 32 100 97 116 97 32 108 111 99 107 0 0 0 0 0 0 0 0 0 0 0 0 0 0 0 0 0 0 0 0 0 0 0 0 0 0 0 0 0 0 0 0 0 0 0 0 0 0 0 0 0 0 0 0 0 0 0 0 0 0 0 0 0 0 0 0 0 0 0 0 0 0 0 0 0 0 0 0 0 0 0 0 0 0 0 0 0 0 0 0 0 0 0 0 0 0 0 0 0 0 0 0 0 0 0 0 0 0 0 0 0 0 0 0 0 0 0 0 0 0 0 0 0 0 0 0 0 3 1 0 0 193 160 0 0 1 0 0 0 0 0 0 0 0 0 0 0 2 0 0 0 0 0 20 0 2 0 0 0 64 1 0 0 255 255 255 255 7 0 1 0 0 0 0 0 data 40 0x10007 0x0 0x70 0x1418 0x50005 0x0 0x1ae4c818300 0x1418 0x0 0x0 0x80007 0x1418 0x20 0x0 0x100005 0x0 0x1ae4c818300 0x1418 0x0 0x0 0x140007 0x0 0xa0 0x1418 0x170002 0x1418 0x1a0007 0x0 0x70 0x1418 0x1f0005 0x0 0x1ae4c818300 0x1418 0x0 0x0 0x240007 0x1418 0x20 0x0 oops 3 6 java/lang/String 16 java/lang/String 32 java/lang/String
ciMethod java/lang/SecurityException <init> (Ljava/lang/String;)V 0 0 1 0 -1
ciMethod java/lang/ArrayIndexOutOfBoundsException <init> ()V 0 0 1 0 -1
ciMethod java/lang/IndexOutOfBoundsException <init> ()V 0 0 1 0 -1
ciMethodData sun/nio/cs/UTF_8$Encoder encode ([CII[B)I 2 30813 orig 264 104 147 143 96 0 0 0 0 168 117 227 89 174 1 0 0 168 3 0 0 80 0 0 0 0 0 0 0 0 0 0 0 0 0 0 0 0 0 0 0 0 0 0 0 0 0 0 0 0 0 0 0 0 0 0 0 0 0 0 0 0 0 0 0 0 0 0 0 0 0 0 0 0 0 0 0 0 0 0 0 77 68 79 32 101 120 116 114 97 32 100 97 116 97 32 108 111 99 107 0 0 0 0 0 0 0 0 0 0 0 0 0 0 0 0 0 0 0 0 0 0 0 0 0 0 0 0 0 0 0 0 0 0 0 0 0 0 0 0 0 0 0 0 0 0 0 0 0 0 0 0 0 0 0 0 0 0 0 0 0 0 0 0 0 0 0 0 0 0 0 0 0 0 0 0 0 0 0 0 0 0 0 0 0 0 0 0 0 0 0 0 0 0 0 0 0 0 0 0 0 0 0 0 0 0 0 0 0 0 0 0 0 0 0 0 0 45 24 0 0 121 26 0 0 129 1 3 0 0 0 0 0 0 0 0 0 2 0 0 0 2 0 37 0 2 0 0 0 64 2 0 0 255 255 255 255 2 0 14 0 0 0 0 0 data 72 0xe0002 0x34f 0x180007 0x34f 0x58 0x6030 0x210007 0x0 0x38 0x6030 0x330003 0x6030 0xffffffffffffffc0 0x390007 0x34f 0x1d8 0x0 0x490007 0x0 0x38 0x0 0x570003 0x0 0x180 0x5f0007 0x0 0x38 0x0 0x860003 0x0 0x148 0x8b0002 0x0 0x8e0007 0x0 0x120 0x0 0x950007 0x0 0x30 0x0 0x9d0002 0x0 0xaf0005 0x0 0x0 0x0 0x0 0x0 0xb60007 0x0 0x88 0x0 0xba0005 0x0 0x0 0x0 0x0 0x0 0xc00007 0x0 0x20 0x0 0xd10003 0x0 0x18 0x1250003 0x0 0x18 0x1610003 0x0 0xfffffffffffffe40 oops 0
ciMethodData java/util/HashMap get (Ljava/lang/Object;)Ljava/lang/Object; 2 10914 orig 264 104 147 143 96 0 0 0 0 80 165 221 89 174 1 0 0 200 1 0 0 0 0 0 0 0 0 0 0 0 0 0 0 0 0 0 0 0 0 0 0 0 0 0 0 0 0 0 0 0 0 0 0 0 0 0 0 0 0 0 0 0 0 0 0 0 0 0 0 0 0 0 0 0 0 0 0 0 0 0 0 77 68 79 32 101 120 116 114 97 32 100 97 116 97 32 108 111 99 107 0 0 0 0 0 0 0 0 0 0 0 0 0 0 0 0 0 0 0 0 0 0 0 0 0 0 0 0 0 0 0 0 0 0 0 0 0 0 0 0 0 0 0 0 0 1 0 0 0 0 0 0 0 0 0 0 0 0 0 0 0 0 0 0 0 0 0 0 0 0 0 0 0 0 0 0 0 0 0 0 0 0 0 0 0 0 0 0 0 0 0 0 0 0 0 0 0 0 0 0 0 0 0 0 0 0 0 0 0 0 0 0 0 0 0 0 0 154 1 0 0 65 72 1 0 1 0 0 0 59 20 0 0 0 0 0 0 2 0 0 0 0 0 10 0 2 0 0 0 120 0 0 0 255 255 255 255 2 0 2 0 0 0 0 0 data 15 0x20002 0x2908 0x60005 0x167 0x1ae78091e90 0x2788 0x1ae77ff4390 0x1a 0xb0007 0xa60 0x38 0x1ea9 0xf0003 0x1ea9 0x18 oops 2 4 java/util/HashMap 6 javax/swing/UIDefaults$TextAndMnemonicHashMap
ciMethodData sun/misc/PerfCounter add (J)V 2 7644 orig 264 104 147 143 96 0 0 0 0 24 253 240 89 174 1 0 0 184 1 0 0 0 0 0 0 0 0 0 0 0 0 0 0 0 0 0 0 0 0 0 0 0 0 0 0 0 0 0 0 0 0 0 0 0 0 0 0 0 0 0 0 0 0 0 0 0 0 0 0 0 0 0 0 0 0 0 0 0 0 0 0 77 68 79 32 101 120 116 114 97 32 100 97 116 97 32 108 111 99 107 0 0 0 0 0 0 0 0 0 0 0 0 0 0 0 0 0 0 0 0 0 0 0 0 0 0 0 0 0 0 0 0 0 0 0 0 0 0 0 0 0 0 0 0 0 0 0 0 0 0 0 0 0 0 0 0 0 0 0 0 0 0 0 0 0 0 0 0 0 0 0 0 0 0 0 0 0 0 0 0 0 0 0 0 0 0 0 0 0 0 0 0 0 0 0 0 0 0 0 0 0 0 0 0 0 0 0 0 0 0 0 0 0 0 0 0 0 208 0 0 0 97 232 0 0 1 0 0 0 0 0 0 0 0 0 0 0 2 0 0 0 0 0 4 0 2 0 0 0 96 0 0 0 255 255 255 255 5 0 1 0 0 0 0 0 data 12 0x10005 0x0 0x1ae78ba0e30 0x1d0c 0x0 0x0 0xd0005 0x0 0x1ae789bd170 0x1d0c 0x0 0x0 oops 2 2 sun/misc/PerfCounter 8 java/nio/DirectLongBufferU
ciMethodData sun/misc/PerfCounter get ()J 2 7644 orig 264 104 147 143 96 0 0 0 0 216 251 240 89 174 1 0 0 120 1 0 0 0 0 0 0 0 0 0 0 0 0 0 0 0 0 0 0 0 0 0 0 0 0 0 0 0 0 0 0 0 0 0 0 0 0 0 0 0 0 0 0 0 0 0 0 0 0 0 0 0 0 0 0 0 0 0 0 0 0 0 0 77 68 79 32 101 120 116 114 97 32 100 97 116 97 32 108 111 99 107 0 0 0 0 0 0 0 0 0 0 0 0 0 0 0 0 0 0 0 0 0 0 0 0 0 0 0 0 0 0 0 0 0 0 0 0 0 0 0 0 0 0 0 0 0 0 0 0 0 0 0 0 0 0 0 0 0 0 0 0 0 0 0 0 0 0 0 0 0 0 0 0 0 0 0 0 0 0 0 0 0 0 0 0 0 0 0 0 0 0 0 0 0 0 0 0 0 0 0 0 0 0 0 0 0 0 0 0 0 0 0 0 0 0 0 0 0 208 0 0 0 97 232 0 0 1 0 0 0 0 0 0 0 0 0 0 0 2 0 0 0 0 0 3 0 2 0 0 0 48 0 0 0 255 255 255 255 5 0 5 0 0 0 0 0 data 6 0x50005 0x0 0x1ae789bd170 0x1d0c 0x0 0x0 oops 1 2 java/nio/DirectLongBufferU
ciMethodData sun/misc/PerfCounter addElapsedTimeFrom (J)V 2 3846 orig 264 104 147 143 96 0 0 0 0 224 254 240 89 174 1 0 0 152 1 0 0 0 0 0 0 0 0 0 0 0 0 0 0 0 0 0 0 0 0 0 0 0 0 0 0 0 0 0 0 0 0 0 0 0 0 0 0 0 0 0 0 0 0 0 0 0 0 0 0 0 0 0 0 0 0 0 0 0 0 0 0 77 68 79 32 101 120 116 114 97 32 100 97 116 97 32 108 111 99 107 0 0 0 0 0 0 0 0 0 0 0 0 0 0 0 0 0 0 0 0 0 0 0 0 0 0 0 0 0 0 0 0 0 0 0 0 0 0 0 0 0 0 0 0 0 0 0 0 0 0 0 0 0 0 0 0 0 0 0 0 0 0 0 0 0 0 0 0 0 0 0 0 0 0 0 0 0 0 0 0 0 0 0 0 0 0 0 0 0 0 0 0 0 0 0 0 0 0 0 0 0 0 0 0 0 0 0 0 0 0 0 0 0 0 0 0 0 104 0 0 0 241 116 0 0 1 0 0 0 0 0 0 0 0 0 0 0 2 0 0 0 0 0 5 0 2 0 0 0 64 0 0 0 255 255 255 255 2 0 1 0 0 0 0 0 data 8 0x10002 0xe9e 0x60005 0x0 0x1ae78ba0e30 0xe9e 0x0 0x0 oops 1 4 sun/misc/PerfCounter
ciMethodData java/lang/ref/Reference <init> (Ljava/lang/Object;)V 2 2601 orig 264 104 147 143 96 0 0 0 0 240 134 209 89 174 1 0 0 56 1 0 0 0 0 0 0 0 0 0 0 0 0 0 0 0 0 0 0 0 0 0 0 0 0 0 0 0 0 0 0 0 0 0 0 0 0 0 0 0 0 0 0 0 0 0 0 0 0 0 0 0 0 0 0 0 0 0 0 0 0 0 0 77 68 79 32 101 120 116 114 97 32 100 97 116 97 32 108 111 99 107 0 0 0 0 0 0 0 0 0 0 0 0 0 0 0 0 0 0 0 0 0 0 0 0 0 0 0 0 0 0 0 0 0 0 0 0 0 0 0 0 0 0 0 0 0 0 0 0 0 0 0 0 0 0 0 0 0 0 0 0 0 0 0 0 0 0 0 0 0 0 0 0 0 0 0 0 0 0 0 0 0 0 0 0 0 1 0 0 0 0 0 0 0 0 0 0 0 0 0 0 0 1 0 0 0 0 0 0 0 0 0 0 0 0 0 0 0 129 1 0 0 65 69 0 0 1 0 0 0 0 0 0 0 0 0 0 0 2 0 0 0 0 0 6 0 2 0 0 0 16 0 0 0 255 255 255 255 2 0 3 0 0 0 0 0 data 2 0x30002 0x8a8 oops 0
ciMethodData java/lang/ref/WeakReference <init> (Ljava/lang/Object;Ljava/lang/ref/ReferenceQueue;)V 2 3217 orig 264 104 147 143 96 0 0 0 0 232 142 209 89 174 1 0 0 64 1 0 0 0 0 0 0 0 0 0 0 0 0 0 0 0 0 0 0 0 0 0 0 0 0 0 0 0 0 0 0 0 0 0 0 0 0 0 0 0 0 0 0 0 0 0 0 0 0 0 0 0 0 0 0 0 0 0 0 0 0 0 0 77 68 79 32 101 120 116 114 97 32 100 97 116 97 32 108 111 99 107 0 0 0 0 0 0 0 0 0 0 0 0 0 0 0 0 0 0 0 0 0 0 0 0 0 0 0 0 0 0 0 0 0 0 0 0 0 0 0 0 0 0 0 0 0 0 0 0 0 0 0 0 0 0 0 0 0 0 0 0 0 0 0 0 0 0 0 0 0 0 0 0 0 0 0 0 0 0 0 0 0 0 0 0 0 0 0 0 0 0 0 0 0 0 0 0 0 0 0 0 0 0 0 0 0 0 0 0 0 0 0 0 0 0 0 0 0 0 1 0 0 137 92 0 0 1 0 0 0 0 0 0 0 0 0 0 0 2 0 0 0 0 0 7 0 2 0 0 0 16 0 0 0 255 255 255 255 2 0 3 0 0 0 0 0 data 2 0x30002 0xb91 oops 0
ciMethodData java/util/zip/Inflater ensureOpen ()V 2 5379 orig 264 104 147 143 96 0 0 0 0 216 124 242 89 174 1 0 0 8 2 0 0 80 0 0 0 0 0 0 0 0 0 0 0 0 0 0 0 0 0 0 0 0 0 0 0 0 0 0 0 0 0 0 0 0 0 0 0 0 0 0 0 0 0 0 0 0 0 0 0 0 0 0 0 0 0 0 0 0 0 0 0 77 68 79 32 101 120 116 114 97 32 100 97 116 97 32 108 111 99 107 0 0 0 0 0 0 0 0 0 0 0 0 0 0 0 0 0 0 0 0 0 0 0 0 0 0 0 0 0 0 0 0 0 0 0 0 0 0 0 0 0 0 0 0 0 0 0 0 0 0 0 0 0 0 0 0 0 0 0 0 0 0 0 0 0 0 0 0 0 0 0 0 0 0 0 0 0 0 0 0 0 0 0 0 0 0 0 0 0 0 0 0 0 0 0 0 0 0 0 0 0 0 0 0 0 0 0 0 0 0 0 0 0 0 0 0 0 2 1 0 0 9 160 0 0 1 0 0 0 0 0 0 0 0 0 0 0 2 0 0 0 0 0 6 0 2 0 0 0 192 0 0 0 255 255 255 255 7 0 3 0 0 0 0 0 data 24 0x30007 0x1401 0x60 0x0 0xa0002 0x0 0xd0007 0x0 0x30 0x0 0x140002 0x0 0x1c0005 0x0 0x1ae783196c0 0x1401 0x0 0x0 0x210007 0x1401 0x30 0x0 0x2a0002 0x0 oops 1 14 java/util/zip/ZStreamRef
ciMethodData java/util/Arrays copyOf ([BI)[B 2 11424 orig 264 104 147 143 96 0 0 0 0 40 72 225 89 174 1 0 0 112 1 0 0 0 0 0 0 0 0 0 0 0 0 0 0 0 0 0 0 0 0 0 0 0 0 0 0 0 0 0 0 0 0 0 0 0 0 0 0 0 0 0 0 0 0 0 0 0 0 0 0 0 0 0 0 0 0 0 0 0 0 0 0 77 68 79 32 101 120 116 114 97 32 100 97 116 97 32 108 111 99 107 0 0 0 0 0 0 0 0 0 0 0 0 0 0 0 0 0 0 0 0 0 0 0 0 0 0 0 0 0 0 0 0 0 0 0 0 0 0 0 0 0 0 0 0 0 0 0 0 0 0 0 0 0 0 0 0 0 0 0 0 0 0 0 0 0 0 0 0 0 0 0 0 0 0 0 0 0 0 0 0 0 0 0 0 0 0 0 0 0 0 0 0 0 0 0 0 0 0 0 0 0 0 0 0 0 0 0 0 0 0 0 0 0 0 0 0 0 129 1 0 0 249 88 1 0 1 0 0 0 0 0 0 0 0 0 0 0 2 0 0 0 0 0 7 0 2 0 0 0 32 0 0 0 255 255 255 255 2 0 11 0 0 0 0 0 data 4 0xb0002 0x2b1f 0xe0002 0x2b1f oops 0
ciMethodData java/nio/charset/CharsetEncoder maxBytesPerChar ()F 2 6574 orig 264 104 147 143 96 0 0 0 0 176 143 227 89 174 1 0 0 32 1 0 0 0 0 0 0 0 0 0 0 0 0 0 0 0 0 0 0 0 0 0 0 0 0 0 0 0 0 0 0 0 0 0 0 0 0 0 0 0 0 0 0 0 0 0 0 0 0 0 0 0 0 0 0 0 0 0 0 0 0 0 0 77 68 79 32 101 120 116 114 97 32 100 97 116 97 32 108 111 99 107 0 0 0 0 0 0 0 0 0 0 0 0 0 0 0 0 0 0 0 0 0 0 0 0 0 0 0 0 0 0 0 0 0 0 0 0 0 0 0 0 0 0 0 0 0 0 0 0 0 0 0 0 0 0 0 0 0 0 0 0 0 0 0 0 0 0 0 0 0 0 0 0 0 0 0 0 0 0 0 0 0 0 0 0 0 0 0 0 0 0 0 0 0 0 0 0 0 0 0 0 0 0 0 0 0 0 0 0 0 0 0 0 0 0 0 0 0 2 1 0 0 97 197 0 0 1 0 0 0 0 0 0 0 0 0 0 0 2 0 0 0 0 0 3 0 1 0 0 0 0 0 0 0 255 255 255 255 0 0 0 0 0 0 0 0 data 0 oops 0
ciMethodData java/util/zip/ZipFile ensureOpen ()V 2 5687 orig 264 104 147 143 96 0 0 0 0 232 120 239 89 174 1 0 0 128 1 0 0 32 0 0 0 0 0 0 0 0 0 0 0 0 0 0 0 0 0 0 0 0 0 0 0 0 0 0 0 0 0 0 0 0 0 0 0 0 0 0 0 0 0 0 0 0 0 0 0 0 0 0 0 0 0 0 0 0 0 0 0 77 68 79 32 101 120 116 114 97 32 100 97 116 97 32 108 111 99 107 0 0 0 0 0 0 0 0 0 0 0 0 0 0 0 0 0 0 0 0 0 0 0 0 0 0 0 0 0 0 0 0 0 0 0 0 0 0 0 0 0 0 0 0 0 0 0 0 0 0 0 0 0 0 0 0 0 0 0 0 0 0 0 0 0 0 0 0 0 0 0 0 0 0 0 0 0 0 0 0 0 0 0 0 0 25 0 0 0 0 0 0 0 0 0 0 0 0 0 0 0 1 0 0 0 0 0 0 0 0 0 0 0 0 0 0 0 2 1 0 0 169 169 0 0 1 0 0 0 0 0 0 0 0 0 0 0 2 0 0 0 0 0 7 0 2 0 0 0 96 0 0 0 255 255 255 255 7 0 4 0 0 0 0 0 data 12 0x40007 0x1535 0x30 0x0 0xd0002 0x0 0x170007 0x1535 0x30 0x0 0x200002 0x0 oops 0
ciMethodData java/util/WeakHashMap maskNull (Ljava/lang/Object;)Ljava/lang/Object; 2 6922 orig 264 104 147 143 96 0 0 0 0 80 102 224 89 174 1 0 0 88 1 0 0 0 0 0 0 0 0 0 0 0 0 0 0 0 0 0 0 0 0 0 0 0 0 0 0 0 0 0 0 0 0 0 0 0 0 0 0 0 0 0 0 0 0 0 0 0 0 0 0 0 0 0 0 0 0 0 0 0 0 0 0 77 68 79 32 101 120 116 114 97 32 100 97 116 97 32 108 111 99 107 0 0 0 0 0 0 0 0 0 0 0 0 0 0 0 0 0 0 0 0 0 0 0 0 0 0 0 0 0 0 0 0 0 0 0 0 0 0 0 0 0 0 0 0 0 0 0 0 0 0 0 0 0 0 0 0 0 0 0 0 0 0 0 0 0 0 0 0 0 0 0 0 0 0 0 0 0 0 0 0 0 0 0 0 0 0 0 0 0 0 0 0 0 0 0 0 0 0 0 0 0 0 0 0 0 0 0 0 0 0 0 0 0 0 0 0 0 3 1 0 0 57 208 0 0 1 0 0 0 0 0 0 0 0 0 0 0 2 0 0 0 0 0 6 0 2 0 0 0 56 0 0 0 255 255 255 255 7 0 1 0 0 0 0 0 data 7 0x10007 0x1a07 0x38 0x0 0x70003 0x0 0x18 oops 0
ciMethod java/util/jar/JarVerifier <init> ([B)V 145 1 497 0 0
ciMethod java/util/jar/JarVerifier beginEntry (Ljava/util/jar/JarEntry;Lsun/security/util/ManifestEntryVerifier;)V 57 1 7 0 -1
ciMethod java/util/jar/JarVerifier update (I[BIILsun/security/util/ManifestEntryVerifier;)V 113 1 14 0 -1
ciMethod java/util/jar/JarVerifier nothingToVerify ()Z 57 1 7 0 -1
ciMethod java/util/jar/JarVerifier doneWithMeta ()V 57 1 7 0 -1
ciMethod java/util/jar/JarVerifier isTrustedManifestEntry (Ljava/lang/String;)Z 0 0 1 0 -1
ciMethod java/util/jar/JarVerifier$3 <init> (Ljava/util/jar/JarVerifier;)V 2049 1 497 0 0
ciMethodData java/lang/ref/SoftReference get ()Ljava/lang/Object; 2 9152 orig 264 104 147 143 96 0 0 0 0 120 140 209 89 174 1 0 0 112 1 0 0 0 0 0 0 0 0 0 0 0 0 0 0 0 0 0 0 0 0 0 0 0 0 0 0 0 0 0 0 0 0 0 0 0 0 0 0 0 0 0 0 0 0 0 0 0 0 0 0 0 0 0 0 0 0 0 0 0 0 0 0 77 68 79 32 101 120 116 114 97 32 100 97 116 97 32 108 111 99 107 0 0 0 0 0 0 0 0 0 0 0 0 0 0 0 0 0 0 0 0 0 0 0 0 0 0 0 0 0 0 0 0 0 0 0 0 0 0 0 0 0 0 0 0 0 0 0 0 0 0 0 0 0 0 0 0 0 0 0 0 0 0 0 0 0 0 0 0 0 0 0 0 0 0 0 0 0 0 0 0 0 0 0 0 0 0 0 0 0 0 0 0 0 0 0 0 0 0 0 0 0 0 0 0 0 0 0 0 0 0 0 0 0 0 0 0 0 11 1 0 0 169 21 1 0 1 0 0 0 0 0 0 0 0 0 0 0 2 0 0 0 0 0 8 0 2 0 0 0 80 0 0 0 255 255 255 255 2 0 1 0 0 0 0 0 data 10 0x10002 0x22b5 0x60007 0x1 0x40 0x22b4 0x110007 0x2213 0x20 0xa1 oops 0
ciMethodData java/lang/ref/SoftReference <init> (Ljava/lang/Object;)V 1 626 orig 264 104 147 143 96 0 0 0 0 40 139 209 89 174 1 0 0 56 1 0 0 0 0 0 0 0 0 0 0 0 0 0 0 0 0 0 0 0 0 0 0 0 0 0 0 0 0 0 0 0 0 0 0 0 0 0 0 0 0 0 0 0 0 0 0 0 0 0 0 0 0 0 0 0 0 0 0 0 0 0 0 77 68 79 32 101 120 116 114 97 32 100 97 116 97 32 108 111 99 107 0 0 0 0 0 0 0 0 0 0 0 0 0 0 0 0 0 0 0 0 0 0 0 0 0 0 0 0 0 0 0 0 0 0 0 0 0 0 0 0 0 0 0 0 0 0 0 0 0 0 0 0 0 0 0 0 0 0 0 0 0 0 0 0 0 0 0 0 0 0 0 0 0 0 0 0 0 0 0 0 0 0 0 0 0 1 0 0 0 0 0 0 0 0 0 0 0 0 0 0 0 1 0 0 0 0 0 0 0 0 0 0 0 0 0 0 0 0 1 0 0 145 11 0 0 1 0 0 0 0 0 0 0 0 0 0 0 2 0 0 0 0 0 7 0 2 0 0 0 16 0 0 0 255 255 255 255 2 0 2 0 0 0 0 0 data 2 0x20002 0x172 oops 0
ciMethodData java/util/zip/Inflater inflate ([BII)I 2 6424 orig 264 104 147 143 96 0 0 0 0 168 117 242 89 174 1 0 0 80 2 0 0 144 0 0 0 0 0 0 0 0 0 0 0 0 0 0 0 0 0 0 0 0 0 0 0 0 0 0 0 0 0 0 0 0 0 0 0 0 0 0 0 0 0 0 0 0 0 0 0 0 0 0 0 0 0 0 0 0 0 0 0 77 68 79 32 101 120 116 114 97 32 100 97 116 97 32 108 111 99 107 0 0 0 0 0 0 0 0 0 0 0 0 0 0 0 0 0 0 0 0 0 0 0 0 0 0 0 0 0 0 0 0 0 0 0 0 0 0 0 0 0 0 0 0 0 0 0 0 0 0 0 0 0 0 0 0 0 0 0 0 0 0 0 0 0 0 0 0 0 0 0 0 0 0 0 0 0 0 0 0 0 0 0 0 0 0 0 0 0 0 0 0 0 0 0 0 0 0 0 0 0 0 0 0 0 0 0 0 0 0 0 0 0 0 0 0 0 0 1 0 0 193 192 0 0 1 0 0 0 0 0 0 0 0 0 0 0 2 0 0 0 0 0 16 0 2 0 0 0 240 0 0 0 255 255 255 255 7 0 1 0 0 0 0 0 data 30 0x10007 0x1818 0x30 0x0 0x80002 0x0 0xd0007 0x0 0x60 0x1818 0x110007 0x0 0x40 0x1818 0x190007 0x1818 0x30 0x0 0x200002 0x0 0x2d0002 0x1818 0x3b0005 0x0 0x1ae783196c0 0x1818 0x0 0x0 0x410002 0x1818 oops 1 24 java/util/zip/ZStreamRef
ciMethodData sun/misc/ASCIICaseInsensitiveComparator lowerCaseHashCode (Ljava/lang/String;)I 2 21247 orig 264 104 147 143 96 0 0 0 0 112 54 243 89 174 1 0 0 240 1 0 0 0 0 0 0 0 0 0 0 0 0 0 0 0 0 0 0 0 0 0 0 0 0 0 0 0 0 0 0 0 0 0 0 0 0 0 0 0 0 0 0 0 0 0 0 0 0 0 0 0 0 0 0 0 0 0 0 0 0 0 0 77 68 79 32 101 120 116 114 97 32 100 97 116 97 32 108 111 99 107 0 0 0 0 0 0 0 0 0 0 0 0 0 0 0 0 0 0 0 0 0 0 0 0 0 0 0 0 0 0 0 0 0 0 0 0 0 0 0 0 0 0 0 0 0 0 0 0 0 0 0 0 0 0 0 0 0 0 0 0 0 0 0 0 0 0 0 0 0 0 0 0 0 0 0 0 0 0 0 0 0 0 0 0 0 0 0 0 0 0 0 0 0 0 0 0 0 0 0 0 0 0 0 0 0 0 0 0 0 0 0 0 0 0 0 0 0 73 8 0 0 33 41 0 0 177 85 2 0 0 0 0 0 0 0 0 0 2 0 0 0 1 0 20 0 2 0 0 0 168 0 0 0 255 255 255 255 5 0 3 0 0 0 0 0 data 21 0x30005 0x0 0x1ae4c818300 0x524 0x0 0x0 0xb0007 0x524 0x78 0x4ab6 0x140005 0x0 0x1ae4c818300 0x4ab6 0x0 0x0 0x170002 0x4ab6 0x1f0003 0x4ab6 0xffffffffffffffa0 oops 2 2 java/lang/String 12 java/lang/String
ciMethodData java/io/InputStream <init> ()V 2 8436 orig 264 104 147 143 96 0 0 0 0 48 50 215 89 174 1 0 0 48 1 0 0 0 0 0 0 0 0 0 0 0 0 0 0 0 0 0 0 0 0 0 0 0 0 0 0 0 0 0 0 0 0 0 0 0 0 0 0 0 0 0 0 0 0 0 0 0 0 0 0 0 0 0 0 0 0 0 0 0 0 0 0 77 68 79 32 101 120 116 114 97 32 100 97 116 97 32 108 111 99 107 0 0 0 0 0 0 0 0 0 0 0 0 0 0 0 0 0 0 0 0 0 0 0 0 0 0 0 0 0 0 0 0 0 0 0 0 0 0 0 0 0 0 0 0 0 0 0 0 0 0 0 0 0 0 0 0 0 0 0 0 0 0 0 0 0 0 0 0 0 0 0 0 0 0 0 0 0 0 0 0 0 0 0 0 0 0 0 0 0 0 0 0 0 0 0 0 0 0 0 0 0 0 0 0 0 0 0 0 0 0 0 0 0 0 0 0 0 1 1 0 0 153 255 0 0 1 0 0 0 0 0 0 0 0 0 0 0 2 0 0 0 0 0 3 0 2 0 0 0 16 0 0 0 255 255 255 255 2 0 1 0 0 0 0 0 data 2 0x10002 0x1ff3 oops 0
ciMethodData java/util/zip/ZipCoder getBytes (Ljava/lang/String;)[B 2 6571 orig 264 104 147 143 96 0 0 0 0 176 231 240 89 174 1 0 0 80 5 0 0 160 3 0 0 0 0 0 0 0 0 0 0 0 0 0 0 0 0 0 0 0 0 0 0 0 0 0 0 0 0 0 0 0 0 0 0 0 0 0 0 0 0 0 0 0 0 0 0 0 0 0 0 0 0 0 0 0 0 0 0 77 68 79 32 101 120 116 114 97 32 100 97 116 97 32 108 111 99 107 0 0 0 0 0 0 0 0 0 0 0 0 0 0 0 0 0 0 0 0 0 0 0 0 0 0 0 0 0 0 0 0 0 0 0 0 0 0 0 0 0 0 0 0 0 0 0 0 0 0 0 0 0 0 0 0 0 0 0 0 0 0 0 0 0 0 0 0 0 0 0 0 0 0 0 0 0 0 0 0 0 0 0 0 0 0 0 0 0 0 0 0 0 0 0 0 0 0 0 0 0 0 0 0 0 0 0 0 0 0 0 0 0 0 0 0 0 128 1 0 0 89 193 0 0 1 0 0 0 0 0 0 0 0 0 0 0 2 0 0 0 0 0 52 0 2 0 0 0 0 4 0 0 255 255 255 255 2 0 1 0 0 0 0 0 data 128 0x10002 0x182b 0x40005 0x0 0x1ae78305260 0x182b 0x0 0x0 0x90005 0x0 0x1ae4c818300 0x182b 0x0 0x0 0x110005 0x0 0x1ae78305260 0x182b 0x0 0x0 0x200007 0x182b 0x20 0x0 0x2a0007 0x0 0x110 0x182b 0x2e0004 0x0 0x1ae78305260 0x182b 0x0 0x0 0x310007 0x0 0xc0 0x182b 0x350004 0x0 0x1ae78305260 0x182b 0x0 0x0 0x3e0005 0x0 0x1ae78305260 0x182b 0x0 0x0 0x480007 0x182b 0x30 0x0 0x510002 0x0 0x590002 0x182b 0x5f0002 0x0 0x650002 0x0 0x700005 0x0 0x0 0x0 0x0 0x0 0x770005 0x0 0x0 0x0 0x0 0x0 0x7a0007 0x0 0x60 0x0 0x830005 0x0 0x0 0x0 0x0 0x0 0x860002 0x0 0x8d0005 0x0 0x0 0x0 0x0 0x0 0x940005 0x0 0x0 0x0 0x0 0x0 0x970007 0x0 0x60 0x0 0xa00005 0x0 0x0 0x0 0x0 0x0 0xa30002 0x0 0xa90005 0x0 0x0 0x0 0x0 0x0 0xaf0007 0x0 0x20 0x0 0xb90005 0x0 0x0 0x0 0x0 0x0 0xbc0002 0x0 oops 6 4 sun/nio/cs/UTF_8$Encoder 10 java/lang/String 16 sun/nio/cs/UTF_8$Encoder 30 sun/nio/cs/UTF_8$Encoder 40 sun/nio/cs/UTF_8$Encoder 46 sun/nio/cs/UTF_8$Encoder
ciMethodData java/util/zip/ZipCoder encoder ()Ljava/nio/charset/CharsetEncoder; 2 6571 orig 264 104 147 143 96 0 0 0 0 128 236 240 89 174 1 0 0 248 1 0 0 0 0 0 0 0 0 0 0 0 0 0 0 0 0 0 0 0 0 0 0 0 0 0 0 0 0 0 0 0 0 0 0 0 0 0 0 0 0 0 0 0 0 0 0 0 0 0 0 0 0 0 0 0 0 0 0 0 0 0 0 77 68 79 32 101 120 116 114 97 32 100 97 116 97 32 108 111 99 107 0 0 0 0 0 0 0 0 0 0 0 0 0 0 0 0 0 0 0 0 0 0 0 0 0 0 0 0 0 0 0 0 0 0 0 0 0 0 0 0 0 0 0 0 0 0 0 0 0 0 0 0 0 0 0 0 0 0 0 0 0 0 0 0 0 0 0 0 0 0 0 0 0 0 0 0 0 0 0 0 0 0 0 0 0 0 0 0 0 0 0 0 0 0 0 0 0 0 0 0 0 0 0 0 0 0 0 0 0 0 0 0 0 0 0 0 0 128 1 0 0 89 193 0 0 1 0 0 0 0 0 0 0 0 0 0 0 2 0 0 0 0 0 10 0 2 0 0 0 176 0 0 0 255 255 255 255 7 0 4 0 0 0 0 0 data 22 0x40007 0x1676 0xb0 0x1b5 0xc0005 0x0 0x1ae78309390 0x1b5 0x0 0x0 0x120005 0x0 0x1ae78305260 0x1b5 0x0 0x0 0x180005 0x0 0x1ae78305260 0x1b5 0x0 0x0 oops 3 6 sun/nio/cs/UTF_8 12 sun/nio/cs/UTF_8$Encoder 18 sun/nio/cs/UTF_8$Encoder
ciMethodData java/nio/charset/CharsetEncoder onMalformedInput (Ljava/nio/charset/CodingErrorAction;)Ljava/nio/charset/CharsetEncoder; 1 488 orig 264 104 147 143 96 0 0 0 0 24 140 227 89 174 1 0 0 176 1 0 0 32 0 0 0 0 0 0 0 0 0 0 0 0 0 0 0 0 0 0 0 0 0 0 0 0 0 0 0 0 0 0 0 0 0 0 0 0 0 0 0 0 0 0 0 0 0 0 0 0 0 0 0 0 0 0 0 0 0 0 0 77 68 79 32 101 120 116 114 97 32 100 97 116 97 32 108 111 99 107 0 0 0 0 0 0 0 0 0 0 0 0 0 0 0 0 0 0 0 0 0 0 0 0 0 0 0 0 0 0 0 0 0 0 0 0 0 0 0 0 0 0 0 0 0 0 0 0 0 0 0 0 0 0 0 0 0 0 0 0 0 0 0 0 0 0 0 0 0 0 0 0 0 0 0 0 0 0 0 0 0 0 0 0 0 0 0 0 0 0 0 0 0 0 0 0 0 0 0 0 0 0 0 0 0 0 0 0 0 0 0 0 0 0 0 0 0 50 0 0 0 177 13 0 0 1 0 0 0 0 0 0 0 0 0 0 0 2 0 0 0 0 0 0 0 0 0 0 0 96 0 0 0 255 255 255 255 7 0 1 0 0 0 0 0 data 12 0x10007 0x1b6 0x30 0x0 0xa0002 0x0 0x150005 0x0 0x1ae78305260 0x1b6 0x0 0x0 oops 1 8 sun/nio/cs/UTF_8$Encoder
ciMethodData java/nio/charset/CharsetEncoder implOnMalformedInput (Ljava/nio/charset/CodingErrorAction;)V 1 488 orig 264 104 147 143 96 0 0 0 0 168 140 227 89 174 1 0 0 40 1 0 0 0 0 0 0 0 0 0 0 0 0 0 0 0 0 0 0 0 0 0 0 0 0 0 0 0 0 0 0 0 0 0 0 0 0 0 0 0 0 0 0 0 0 0 0 0 0 0 0 0 0 0 0 0 0 0 0 0 0 0 0 77 68 79 32 101 120 116 114 97 32 100 97 116 97 32 108 111 99 107 0 0 0 0 0 0 0 0 0 0 0 0 0 0 0 0 0 0 0 0 0 0 0 0 0 0 0 0 0 0 0 0 0 0 0 0 0 0 0 0 0 0 0 0 0 0 0 0 0 0 0 0 0 0 0 0 0 0 0 0 0 0 0 0 0 0 0 0 0 0 0 0 0 0 0 0 0 0 0 0 0 0 0 0 0 1 0 0 0 0 0 0 0 3 0 0 0 0 0 0 0 3 0 0 0 0 0 0 0 0 0 0 0 0 0 0 0 50 0 0 0 177 13 0 0 1 0 0 0 0 0 0 0 0 0 0 0 2 0 0 0 0 0 0 0 0 0 0 0 0 0 0 0 255 255 255 255 0 0 0 0 0 0 0 0 data 0 oops 0
ciMethodData java/nio/charset/CharsetEncoder onUnmappableCharacter (Ljava/nio/charset/CodingErrorAction;)Ljava/nio/charset/CharsetEncoder; 1 488 orig 264 104 147 143 96 0 0 0 0 240 141 227 89 174 1 0 0 176 1 0 0 32 0 0 0 0 0 0 0 0 0 0 0 0 0 0 0 0 0 0 0 0 0 0 0 0 0 0 0 0 0 0 0 0 0 0 0 0 0 0 0 0 0 0 0 0 0 0 0 0 0 0 0 0 0 0 0 0 0 0 0 77 68 79 32 101 120 116 114 97 32 100 97 116 97 32 108 111 99 107 0 0 0 0 0 0 0 0 0 0 0 0 0 0 0 0 0 0 0 0 0 0 0 0 0 0 0 0 0 0 0 0 0 0 0 0 0 0 0 0 0 0 0 0 0 0 0 0 0 0 0 0 0 0 0 0 0 0 0 0 0 0 0 0 0 0 0 0 0 0 0 0 0 0 0 0 0 0 0 0 0 0 0 0 0 0 0 0 0 0 0 0 0 0 0 0 0 0 0 0 0 0 0 0 0 0 0 0 0 0 0 0 0 0 0 0 0 50 0 0 0 177 13 0 0 1 0 0 0 0 0 0 0 0 0 0 0 2 0 0 0 0 0 0 0 0 0 0 0 96 0 0 0 255 255 255 255 7 0 1 0 0 0 0 0 data 12 0x10007 0x1b6 0x30 0x0 0xa0002 0x0 0x150005 0x0 0x1ae78305260 0x1b6 0x0 0x0 oops 1 8 sun/nio/cs/UTF_8$Encoder
ciMethodData java/nio/charset/CharsetEncoder implOnUnmappableCharacter (Ljava/nio/charset/CodingErrorAction;)V 1 488 orig 264 104 147 143 96 0 0 0 0 128 142 227 89 174 1 0 0 40 1 0 0 0 0 0 0 0 0 0 0 0 0 0 0 0 0 0 0 0 0 0 0 0 0 0 0 0 0 0 0 0 0 0 0 0 0 0 0 0 0 0 0 0 0 0 0 0 0 0 0 0 0 0 0 0 0 0 0 0 0 0 0 77 68 79 32 101 120 116 114 97 32 100 97 116 97 32 108 111 99 107 0 0 0 0 0 0 0 0 0 0 0 0 0 0 0 0 0 0 0 0 0 0 0 0 0 0 0 0 0 0 0 0 0 0 0 0 0 0 0 0 0 0 0 0 0 0 0 0 0 0 0 0 0 0 0 0 0 0 0 0 0 0 0 0 0 0 0 0 0 0 0 0 0 0 0 0 0 0 0 0 0 0 0 0 0 1 0 0 0 0 0 0 0 3 0 0 0 0 0 0 0 3 0 0 0 0 0 0 0 0 0 0 0 0 0 0 0 50 0 0 0 177 13 0 0 1 0 0 0 0 0 0 0 0 0 0 0 2 0 0 0 0 0 0 0 0 0 0 0 0 0 0 0 255 255 255 255 0 0 0 0 0 0 0 0 data 0 oops 0
ciMethodData java/nio/charset/CharsetEncoder reset ()Ljava/nio/charset/CharsetEncoder; 2 6571 orig 264 104 147 143 96 0 0 0 0 144 147 227 89 174 1 0 0 120 1 0 0 0 0 0 0 0 0 0 0 0 0 0 0 0 0 0 0 0 0 0 0 0 0 0 0 0 0 0 0 0 0 0 0 0 0 0 0 0 0 0 0 0 0 0 0 0 0 0 0 0 0 0 0 0 0 0 0 0 0 0 0 77 68 79 32 101 120 116 114 97 32 100 97 116 97 32 108 111 99 107 0 0 0 0 0 0 0 0 0 0 0 0 0 0 0 0 0 0 0 0 0 0 0 0 0 0 0 0 0 0 0 0 0 0 0 0 0 0 0 0 0 0 0 0 0 0 0 0 0 0 0 0 0 0 0 0 0 0 0 0 0 0 0 0 0 0 0 0 0 0 0 0 0 0 0 0 0 0 0 0 0 0 0 0 0 0 0 0 0 0 0 0 0 0 0 0 0 0 0 0 0 0 0 0 0 0 0 0 0 0 0 0 0 0 0 0 0 128 1 0 0 89 193 0 0 1 0 0 0 0 0 0 0 0 0 0 0 2 0 0 0 0 0 3 0 2 0 0 0 48 0 0 0 255 255 255 255 5 0 1 0 0 0 0 0 data 6 0x10005 0x0 0x1ae78305260 0x182b 0x0 0x0 oops 1 2 sun/nio/cs/UTF_8$Encoder
ciMethodData java/nio/charset/CharsetEncoder implReset ()V 2 6571 orig 264 104 147 143 96 0 0 0 0 32 148 227 89 174 1 0 0 32 1 0 0 0 0 0 0 0 0 0 0 0 0 0 0 0 0 0 0 0 0 0 0 0 0 0 0 0 0 0 0 0 0 0 0 0 0 0 0 0 0 0 0 0 0 0 0 0 0 0 0 0 0 0 0 0 0 0 0 0 0 0 0 77 68 79 32 101 120 116 114 97 32 100 97 116 97 32 108 111 99 107 0 0 0 0 0 0 0 0 0 0 0 0 0 0 0 0 0 0 0 0 0 0 0 0 0 0 0 0 0 0 0 0 0 0 0 0 0 0 0 0 0 0 0 0 0 0 0 0 0 0 0 0 0 0 0 0 0 0 0 0 0 0 0 0 0 0 0 0 0 0 0 0 0 0 0 0 0 0 0 0 0 0 0 0 0 0 0 0 0 0 0 0 0 0 0 0 0 0 0 0 0 0 0 0 0 0 0 0 0 0 0 0 0 0 0 0 0 128 1 0 0 89 193 0 0 1 0 0 0 0 0 0 0 0 0 0 0 2 0 0 0 0 0 3 0 1 0 0 0 0 0 0 0 255 255 255 255 0 0 0 0 0 0 0 0 data 0 oops 0
ciMethodData java/util/WeakHashMap hash (Ljava/lang/Object;)I 2 6922 orig 264 104 147 143 96 0 0 0 0 64 104 224 89 174 1 0 0 128 1 0 0 0 0 0 0 0 0 0 0 0 0 0 0 0 0 0 0 0 0 0 0 0 0 0 0 0 0 0 0 0 0 0 0 0 0 0 0 0 0 0 0 0 0 0 0 0 0 0 0 0 0 0 0 0 0 0 0 0 0 0 0 77 68 79 32 101 120 116 114 97 32 100 97 116 97 32 108 111 99 107 0 0 0 0 0 0 0 0 0 0 0 0 0 0 0 0 0 0 0 0 0 0 0 0 0 0 0 0 0 0 0 0 0 0 0 0 0 0 0 0 0 0 0 0 0 0 0 0 0 0 0 0 0 0 0 0 0 0 0 0 0 0 0 0 0 0 0 0 0 0 0 0 0 0 0 0 0 0 0 0 0 0 0 0 0 0 0 0 0 0 0 0 0 0 0 0 0 0 0 0 0 0 0 0 0 0 0 0 0 0 0 0 0 0 0 0 0 129 1 0 0 73 204 0 0 1 0 0 0 0 0 0 0 0 0 0 0 2 0 0 0 0 0 3 0 2 0 0 0 48 0 0 0 255 255 255 255 5 0 1 0 0 0 0 0 data 6 0x10005 0x6a 0x1ae78dbe080 0x1204 0x1ae78dbbc70 0x71b oops 2 2 java/util/zip/ZipFile$ZipFileInflaterInputStream 4 java/util/zip/ZipFile$ZipFileInputStream
ciMethodData java/util/WeakHashMap getTable ()[Ljava/util/WeakHashMap$Entry; 2 6924 orig 264 104 147 143 96 0 0 0 0 184 106 224 89 174 1 0 0 48 1 0 0 0 0 0 0 0 0 0 0 0 0 0 0 0 0 0 0 0 0 0 0 0 0 0 0 0 0 0 0 0 0 0 0 0 0 0 0 0 0 0 0 0 0 0 0 0 0 0 0 0 0 0 0 0 0 0 0 0 0 0 0 77 68 79 32 101 120 116 114 97 32 100 97 116 97 32 108 111 99 107 0 0 0 0 0 0 0 0 0 0 0 0 0 0 0 0 0 0 0 0 0 0 0 0 0 0 0 0 0 0 0 0 0 0 0 0 0 0 0 0 0 0 0 0 0 0 0 0 0 0 0 0 0 0 0 0 0 0 0 0 0 0 0 0 0 0 0 0 0 0 0 0 0 0 0 0 0 0 0 0 0 0 0 0 0 0 0 0 0 0 0 0 0 0 0 0 0 0 0 0 0 0 0 0 0 0 0 0 0 0 0 0 0 0 0 0 0 129 1 0 0 89 204 0 0 1 0 0 0 0 0 0 0 0 0 0 0 2 0 0 0 0 0 3 0 2 0 0 0 16 0 0 0 255 255 255 255 2 0 1 0 0 0 0 0 data 2 0x10002 0x198b oops 0
ciMethodData java/util/WeakHashMap expungeStaleEntries ()V 2 5551 orig 264 104 147 143 96 0 0 0 0 24 106 224 89 174 1 0 0 224 2 0 0 128 1 0 0 0 0 0 0 0 0 0 0 0 0 0 0 0 0 0 0 0 0 0 0 0 0 0 0 0 0 0 0 0 0 0 0 0 0 0 0 0 0 0 0 0 0 0 0 0 0 0 0 0 0 0 0 0 0 0 0 77 68 79 32 101 120 116 114 97 32 100 97 116 97 32 108 111 99 107 0 0 0 0 0 0 0 0 0 0 0 0 0 0 0 0 0 0 0 0 0 0 0 0 0 0 0 0 0 0 0 0 0 0 0 0 0 0 0 0 0 0 0 0 0 0 0 0 0 0 0 0 0 0 0 0 0 0 0 0 0 0 0 0 0 0 0 0 0 0 0 0 0 0 0 0 0 0 0 0 0 0 0 0 0 0 0 0 0 0 0 0 0 0 0 0 0 0 0 0 0 0 0 0 0 0 0 0 0 0 0 0 0 0 0 0 0 129 1 0 0 113 161 0 0 81 1 0 0 0 0 0 0 0 0 0 0 2 0 0 0 2 0 26 0 2 0 0 0 152 1 0 0 255 255 255 255 5 0 4 0 0 0 0 0 data 51 0x40005 0x0 0x1ae4c819520 0x1457 0x0 0x0 0x90007 0x142e 0x168 0x2a 0x140004 0x0 0x1ae77ee40d0 0x2a 0x0 0x0 0x210002 0x2a 0x350007 0x0 0xd8 0x2a 0x420007 0x0 0xa0 0x2a 0x480007 0x0 0x68 0x2a 0x530104 0x0 0x0 0x0 0x0 0x0 0x540003 0x2a 0x18 0x6d0003 0x2a 0x30 0x780003 0x0 0xffffffffffffff40 0x7d0003 0x2a 0x18 0x870003 0x2a 0xfffffffffffffe80 oops 2 2 java/lang/ref/ReferenceQueue 12 java/util/WeakHashMap$Entry
ciMethodData java/util/WeakHashMap indexFor (II)I 2 6977 orig 264 104 147 143 96 0 0 0 0 216 104 224 89 174 1 0 0 40 1 0 0 0 0 0 0 0 0 0 0 0 0 0 0 0 0 0 0 0 0 0 0 0 0 0 0 0 0 0 0 0 0 0 0 0 0 0 0 0 0 0 0 0 0 0 0 0 0 0 0 0 0 0 0 0 0 0 0 0 0 0 0 77 68 79 32 101 120 116 114 97 32 100 97 116 97 32 108 111 99 107 0 0 0 0 0 0 0 0 0 0 0 0 0 0 0 0 0 0 0 0 0 0 0 0 0 0 0 0 0 0 0 0 0 0 0 0 0 0 0 0 0 0 0 0 0 0 0 0 0 0 0 0 0 0 0 0 0 0 0 0 0 0 0 0 0 0 0 0 0 0 0 0 0 0 0 0 0 0 0 0 0 0 0 0 0 0 0 0 0 0 0 0 0 0 0 0 0 0 0 0 0 0 0 0 0 0 0 0 0 0 0 0 0 0 0 0 0 129 1 0 0 1 206 0 0 1 0 0 0 0 0 0 0 0 0 0 0 2 0 0 0 0 0 3 0 1 0 0 0 0 0 0 0 255 255 255 255 0 0 0 0 0 0 0 0 data 0 oops 0
ciMethodData java/util/AbstractList <init> ()V 2 12098 orig 264 104 147 143 96 0 0 0 0 96 117 219 89 174 1 0 0 48 1 0 0 0 0 0 0 0 0 0 0 0 0 0 0 0 0 0 0 0 0 0 0 0 0 0 0 0 0 0 0 0 0 0 0 0 0 0 0 0 0 0 0 0 0 0 0 0 0 0 0 0 0 0 0 0 0 0 0 0 0 0 0 77 68 79 32 101 120 116 114 97 32 100 97 116 97 32 108 111 99 107 0 0 0 0 0 0 0 0 0 0 0 0 0 0 0 0 0 0 0 0 0 0 0 0 0 0 0 0 0 0 0 0 0 0 0 0 0 0 0 0 0 0 0 0 0 0 0 0 0 0 0 0 0 0 0 0 0 0 0 0 0 0 0 0 0 0 0 0 0 0 0 0 0 0 0 0 0 0 0 0 0 0 0 0 0 0 0 0 0 0 0 0 0 0 0 0 0 0 0 0 0 0 0 0 0 0 0 0 0 0 0 0 0 0 0 0 0 28 1 0 0 49 113 1 0 1 0 0 0 0 0 0 0 0 0 0 0 2 0 0 0 0 0 3 0 2 0 0 0 16 0 0 0 255 255 255 255 2 0 1 0 0 0 0 0 data 2 0x10002 0x2e26 oops 0
ciMethodData java/util/zip/InflaterInputStream read ([BII)I 2 5576 orig 264 104 147 143 96 0 0 0 0 192 159 242 89 174 1 0 0 48 4 0 0 192 2 0 0 0 0 0 0 0 0 0 0 0 0 0 0 0 0 0 0 0 0 0 0 0 0 0 0 0 0 0 0 0 0 0 0 0 0 0 0 0 0 0 0 0 0 0 0 0 0 0 0 0 0 0 0 0 0 0 0 77 68 79 32 101 120 116 114 97 32 100 97 116 97 32 108 111 99 107 0 0 0 0 0 0 0 0 0 0 0 0 0 0 0 0 0 0 0 0 0 0 0 0 0 0 0 0 0 0 0 0 0 0 0 0 0 0 0 0 0 0 0 0 0 0 0 0 0 0 0 0 0 0 0 0 0 0 0 0 0 0 0 0 0 0 0 0 0 0 0 0 0 0 0 0 0 0 0 0 0 0 0 0 0 0 0 0 0 0 0 0 0 0 0 0 0 0 0 0 0 0 0 0 0 0 0 0 0 0 0 0 0 0 0 0 0 0 1 0 0 41 160 0 0 145 168 0 0 0 0 0 0 0 0 0 0 2 0 0 0 1 0 51 0 2 0 0 0 208 2 0 0 255 255 255 255 2 0 1 0 0 0 0 0 data 90 0x10002 0x1405 0x50007 0x1405 0x30 0x0 0xc0002 0x0 0x110007 0x0 0x60 0x1405 0x150007 0x0 0x40 0x1405 0x1d0007 0x1405 0x30 0x0 0x240002 0x0 0x290007 0x1405 0x20 0x0 0x350005 0x0 0x1ae78dbdfb0 0x1e8e 0x0 0x0 0x3b0007 0x117f 0x158 0xd0f 0x420005 0x0 0x1ae78dbdfb0 0xd0f 0x0 0x0 0x450007 0x286 0x70 0xa89 0x4c0005 0x0 0x1ae78dbdfb0 0xa89 0x0 0x0 0x4f0007 0xa89 0x20 0x0 0x5d0005 0x0 0x1ae78dbdfb0 0xa89 0x0 0x0 0x600007 0x0 0xfffffffffffffee0 0xa89 0x640005 0x2dd 0x1ae78dbe080 0x7aa 0x1ae77fad5a0 0x2 0x670003 0xa89 0xfffffffffffffe90 0x710005 0x0 0x0 0x0 0x0 0x0 0x7c0007 0x0 0x38 0x0 0x810003 0x0 0x18 0x860002 0x0 oops 6 28 java/util/zip/Inflater 38 java/util/zip/Inflater 48 java/util/zip/Inflater 58 java/util/zip/Inflater 68 java/util/zip/ZipFile$ZipFileInflaterInputStream 70 java/util/zip/InflaterInputStream
ciMethodData java/util/zip/InflaterInputStream ensureOpen ()V 2 6116 orig 264 104 147 143 96 0 0 0 0 144 155 242 89 174 1 0 0 80 1 0 0 0 0 0 0 0 0 0 0 0 0 0 0 0 0 0 0 0 0 0 0 0 0 0 0 0 0 0 0 0 0 0 0 0 0 0 0 0 0 0 0 0 0 0 0 0 0 0 0 0 0 0 0 0 0 0 0 0 0 0 0 77 68 79 32 101 120 116 114 97 32 100 97 116 97 32 108 111 99 107 0 0 0 0 0 0 0 0 0 0 0 0 0 0 0 0 0 0 0 0 0 0 0 0 0 0 0 0 0 0 0 0 0 0 0 0 0 0 0 0 0 0 0 0 0 0 0 0 0 0 0 0 0 0 0 0 0 0 0 0 0 0 0 0 0 0 0 0 0 0 0 0 0 0 0 0 0 0 0 0 0 0 0 0 0 0 0 0 0 0 0 0 0 0 0 0 0 0 0 0 0 0 0 0 0 0 0 0 0 0 0 0 0 0 0 0 0 0 1 0 0 33 183 0 0 1 0 0 0 0 0 0 0 0 0 0 0 2 0 0 0 0 0 5 0 2 0 0 0 48 0 0 0 255 255 255 255 7 0 4 0 0 0 0 0 data 6 0x40007 0x16e4 0x30 0x0 0xd0002 0x0 oops 0
ciMethodData java/lang/Float isNaN (F)Z 2 5831 orig 264 104 147 143 96 0 0 0 0 96 229 216 89 174 1 0 0 88 1 0 0 0 0 0 0 0 0 0 0 0 0 0 0 0 0 0 0 0 0 0 0 0 0 0 0 0 0 0 0 0 0 0 0 0 0 0 0 0 0 0 0 0 0 0 0 0 0 0 0 0 0 0 0 0 0 0 0 0 0 0 0 77 68 79 32 101 120 116 114 97 32 100 97 116 97 32 108 111 99 107 0 0 0 0 0 0 0 0 0 0 0 0 0 0 0 0 0 0 0 0 0 0 0 0 0 0 0 0 0 0 0 0 0 0 0 0 0 0 0 0 0 0 0 0 0 0 0 0 0 0 0 0 0 0 0 0 0 0 0 0 0 0 0 0 0 0 0 0 0 0 0 0 0 0 0 0 0 0 0 0 0 0 0 0 0 0 0 0 0 0 0 0 0 0 0 0 0 0 0 0 0 0 0 0 0 0 0 0 0 0 0 0 0 0 0 0 0 0 1 0 0 57 174 0 0 1 0 0 0 0 0 0 0 0 0 0 0 2 0 0 0 0 0 6 0 2 0 0 0 56 0 0 0 255 255 255 255 7 0 3 0 0 0 0 0 data 7 0x30007 0x15c7 0x38 0x0 0x70003 0x0 0x18 oops 0
ciMethodData java/lang/String equalsIgnoreCase (Ljava/lang/String;)Z 2 5477 orig 264 104 147 143 96 0 0 0 0 104 73 207 89 174 1 0 0 48 2 0 0 32 0 0 0 0 0 0 0 0 0 0 0 0 0 0 0 0 0 0 0 0 0 0 0 0 0 0 0 0 0 0 0 0 0 0 0 0 0 0 0 0 0 0 0 0 0 0 0 0 0 0 0 0 0 0 0 0 0 0 0 77 68 79 32 101 120 116 114 97 32 100 97 116 97 32 108 111 99 107 0 0 0 0 0 0 0 0 0 0 0 0 0 0 0 0 0 0 0 0 0 0 0 0 0 0 0 0 0 0 0 0 0 0 0 0 0 0 0 0 0 0 0 0 0 0 0 0 0 0 0 0 0 0 0 0 0 0 0 0 0 0 0 0 0 0 0 0 0 0 0 0 0 0 0 0 0 0 0 0 0 0 0 0 0 0 0 0 0 0 0 0 0 0 0 0 0 0 0 0 0 0 0 0 0 0 0 0 0 0 0 0 0 0 0 0 0 57 1 0 0 97 161 0 0 1 0 0 0 0 0 0 0 0 0 0 0 2 0 0 0 0 0 13 0 2 0 0 0 224 0 0 0 255 255 255 255 7 0 2 0 0 0 0 0 data 28 0x20007 0x10fc 0x38 0x330 0x60003 0x330 0xc0 0xa0007 0x348 0xa8 0xdb4 0x170007 0x695 0x88 0x71f 0x240005 0x1f 0x1ae4c818300 0x700 0x0 0x0 0x270007 0x367 0x38 0x3b8 0x2b0003 0x3b8 0x18 oops 1 17 java/lang/String
ciMethodData java/util/zip/Inflater ended ()Z 2 3890 orig 264 104 147 143 96 0 0 0 0 160 125 242 89 174 1 0 0 176 1 0 0 0 0 0 0 0 0 0 0 0 0 0 0 0 0 0 0 0 0 0 0 0 0 0 0 0 0 0 0 0 0 0 0 0 0 0 0 0 0 0 0 0 0 0 0 0 0 0 0 0 0 0 0 0 0 0 0 0 0 0 0 77 68 79 32 101 120 116 114 97 32 100 97 116 97 32 108 111 99 107 0 0 0 0 0 0 0 0 0 0 0 0 0 0 0 0 0 0 0 0 0 0 0 0 0 0 0 0 0 0 0 0 0 0 0 0 0 0 0 0 0 0 0 0 0 0 0 0 0 0 0 0 0 0 0 0 0 0 0 0 0 0 0 0 0 0 0 0 0 0 0 0 0 0 0 0 0 0 0 0 0 0 0 0 0 0 0 0 0 0 0 0 0 0 0 0 0 0 0 0 0 0 0 0 0 0 0 0 0 0 0 0 0 0 0 0 0 0 1 0 0 145 113 0 0 1 0 0 0 0 0 0 0 0 0 0 0 2 0 0 0 0 0 10 0 2 0 0 0 104 0 0 0 255 255 255 255 5 0 11 0 0 0 0 0 data 13 0xb0005 0x0 0x1ae783196c0 0xe32 0x0 0x0 0x100007 0xe32 0x38 0x0 0x140003 0x0 0x18 oops 1 2 java/util/zip/ZStreamRef
ciMethodData sun/misc/SharedSecrets javaUtilJarAccess ()Lsun/misc/JavaUtilJarAccess; 2 3723 orig 264 104 147 143 96 0 0 0 0 24 77 221 89 174 1 0 0 144 1 0 0 0 0 0 0 0 0 0 0 0 0 0 0 0 0 0 0 0 0 0 0 0 0 0 0 0 0 0 0 0 0 0 0 0 0 0 0 0 0 0 0 0 0 0 0 0 0 0 0 0 0 0 0 0 0 0 0 0 0 0 0 77 68 79 32 101 120 116 114 97 32 100 97 116 97 32 108 111 99 107 0 0 0 0 0 0 0 0 0 0 0 0 0 0 0 0 0 0 0 0 0 0 0 0 0 0 0 0 0 0 0 0 0 0 0 0 0 0 0 0 0 0 0 0 0 0 0 0 0 0 0 0 0 0 0 0 0 0 0 0 0 0 0 0 0 0 0 0 0 0 0 0 0 0 0 0 0 0 0 0 0 0 0 0 0 0 0 0 0 0 0 0 0 0 0 0 0 0 0 0 0 0 0 0 0 0 0 0 0 0 0 0 0 0 0 0 0 0 1 0 0 89 108 0 0 1 0 0 0 0 0 0 0 0 0 0 0 2 0 0 0 0 0 6 0 2 0 0 0 80 0 0 0 255 255 255 255 7 0 3 0 0 0 0 0 data 10 0x30007 0xd8b 0x50 0x0 0xb0005 0x0 0x0 0x0 0x0 0x0 oops 0
ciMethodData java/util/jar/Attributes$Name hashCode ()I 2 5619 orig 264 104 147 143 96 0 0 0 0 8 39 243 89 174 1 0 0 120 1 0 0 0 0 0 0 0 0 0 0 0 0 0 0 0 0 0 0 0 0 0 0 0 0 0 0 0 0 0 0 0 0 0 0 0 0 0 0 0 0 0 0 0 0 0 0 0 0 0 0 0 0 0 0 0 0 0 0 0 0 0 0 77 68 79 32 101 120 116 114 97 32 100 97 116 97 32 108 111 99 107 0 0 0 0 0 0 0 0 0 0 0 0 0 0 0 0 0 0 0 0 0 0 0 0 0 0 0 0 0 0 0 0 0 0 0 0 0 0 0 0 0 0 0 0 0 0 0 0 0 0 0 0 0 0 0 0 0 0 0 0 0 0 0 0 0 0 0 0 0 0 0 0 0 0 0 0 0 0 0 0 0 0 0 0 0 0 0 0 0 0 0 0 0 0 0 0 0 0 0 0 0 0 0 0 0 0 0 0 0 0 0 0 0 0 0 0 0 138 1 0 0 73 163 0 0 1 0 0 0 0 0 0 0 0 0 0 0 2 0 0 0 0 0 6 0 2 0 0 0 48 0 0 0 255 255 255 255 7 0 5 0 0 0 0 0 data 6 0x50007 0x5d7 0x30 0xe92 0xd0002 0xe92 oops 0
ciMethodData java/io/FilterInputStream <init> (Ljava/io/InputStream;)V 2 4892 orig 264 104 147 143 96 0 0 0 0 224 183 223 89 174 1 0 0 56 1 0 0 0 0 0 0 0 0 0 0 0 0 0 0 0 0 0 0 0 0 0 0 0 0 0 0 0 0 0 0 0 0 0 0 0 0 0 0 0 0 0 0 0 0 0 0 0 0 0 0 0 0 0 0 0 0 0 0 0 0 0 0 77 68 79 32 101 120 116 114 97 32 100 97 116 97 32 108 111 99 107 0 0 0 0 0 0 0 0 0 0 0 0 0 0 0 0 0 0 0 0 0 0 0 0 0 0 0 0 0 0 0 0 0 0 0 0 0 0 0 0 0 0 0 0 0 0 0 0 0 0 0 0 0 0 0 0 0 0 0 0 0 0 0 0 0 0 0 0 0 0 0 0 0 0 0 0 0 0 0 0 0 0 0 0 0 0 0 0 0 0 0 0 0 0 0 0 0 0 0 0 0 0 0 0 0 0 0 0 0 0 0 0 0 0 0 0 0 0 1 0 0 225 144 0 0 1 0 0 0 0 0 0 0 0 0 0 0 2 0 0 0 0 0 3 0 2 0 0 0 16 0 0 0 255 255 255 255 2 0 1 0 0 0 0 0 data 2 0x10002 0x121c oops 0
ciMethodData java/util/WeakHashMap put (Ljava/lang/Object;Ljava/lang/Object;)Ljava/lang/Object; 2 2462 orig 264 104 147 143 96 0 0 0 0 176 111 224 89 174 1 0 0 32 3 0 0 80 0 0 0 0 0 0 0 0 0 0 0 0 0 0 0 0 0 0 0 0 0 0 0 0 0 0 0 0 0 0 0 0 0 0 0 0 0 0 0 0 0 0 0 0 0 0 0 0 0 0 0 0 0 0 0 0 0 0 0 77 68 79 32 101 120 116 114 97 32 100 97 116 97 32 108 111 99 107 0 0 0 0 0 0 0 0 0 0 0 0 0 0 0 0 0 0 0 0 0 0 0 0 0 0 0 0 0 0 0 0 0 0 0 0 0 0 0 0 0 0 0 0 0 0 0 0 0 0 0 0 0 0 0 0 0 0 0 0 0 0 0 0 0 0 0 0 0 0 0 0 0 0 0 0 0 0 0 0 0 0 0 0 0 0 0 0 0 0 0 0 0 0 0 0 0 0 0 0 0 0 0 0 0 0 0 0 0 0 0 0 0 0 0 0 0 0 1 0 0 241 68 0 0 249 1 0 0 0 0 0 0 0 0 0 0 2 0 0 0 1 0 34 0 2 0 0 0 200 1 0 0 255 255 255 255 2 0 1 0 0 0 0 0 data 57 0x10002 0x89e 0x70005 0x0 0x1ae77ade0d0 0x89e 0x0 0x0 0xd0002 0x89e 0x170002 0x89e 0x250007 0x89e 0xd8 0x3f 0x2f0007 0x3f 0xa0 0x0 0x350005 0x0 0x0 0x0 0x0 0x0 0x380002 0x0 0x3b0007 0x0 0x40 0x0 0x480007 0x0 0x20 0x0 0x5b0003 0x3f 0xffffffffffffff40 0x810002 0x89e 0x840004 0x0 0x1ae77ee40d0 0x89e 0x0 0x0 0x940007 0x89c 0x50 0x2 0x9d0005 0x0 0x1ae77ade0d0 0x2 0x0 0x0 oops 3 4 java/util/WeakHashMap 43 java/util/WeakHashMap$Entry 53 java/util/WeakHashMap
ciMethodData java/util/WeakHashMap$Entry <init> (Ljava/lang/Object;Ljava/lang/Object;Ljava/lang/ref/ReferenceQueue;ILjava/util/WeakHashMap$Entry;)V 2 2462 orig 264 104 147 143 96 0 0 0 0 224 164 230 89 174 1 0 0 88 1 0 0 0 0 0 0 0 0 0 0 0 0 0 0 0 0 0 0 0 0 0 0 0 0 0 0 0 0 0 0 0 0 0 0 0 0 0 0 0 0 0 0 0 0 0 0 0 0 0 0 0 0 0 0 0 0 0 0 0 0 0 0 77 68 79 32 101 120 116 114 97 32 100 97 116 97 32 108 111 99 107 0 0 0 0 0 0 0 0 0 0 0 0 0 0 0 0 0 0 0 0 0 0 0 0 0 0 0 0 0 0 0 0 0 0 0 0 0 0 0 0 0 0 0 0 0 0 0 0 0 0 0 0 0 0 0 0 0 0 0 0 0 0 0 0 0 0 0 0 0 0 0 0 0 0 0 0 0 0 0 0 0 0 0 0 0 0 0 0 0 0 0 0 0 0 0 0 0 0 0 0 0 0 0 0 0 0 0 0 0 0 0 0 0 0 0 0 0 0 1 0 0 241 68 0 0 1 0 0 0 0 0 0 0 0 0 0 0 2 0 0 0 0 0 8 0 2 0 0 0 16 0 0 0 255 255 255 255 2 0 3 0 0 0 0 0 data 2 0x30002 0x89e oops 0
ciMethodData java/util/WeakHashMap resize (I)V 1 2 orig 264 104 147 143 96 0 0 0 0 160 112 224 89 174 1 0 0 208 1 0 0 112 0 0 0 0 0 0 0 0 0 0 0 0 0 0 0 0 0 0 0 0 0 0 0 0 0 0 0 0 0 0 0 0 0 0 0 0 0 0 0 0 0 0 0 0 0 0 0 0 0 0 0 0 0 0 0 0 0 0 0 77 68 79 32 101 120 116 114 97 32 100 97 116 97 32 108 111 99 107 0 0 0 0 0 0 0 0 0 0 0 0 0 0 0 0 0 0 0 0 0 0 0 0 0 0 0 0 0 0 0 0 0 0 0 0 0 0 0 0 0 0 0 0 0 0 0 0 0 0 0 0 0 0 0 0 0 0 0 0 0 0 0 0 0 0 0 0 0 0 0 0 0 0 0 0 0 0 0 0 0 0 0 0 0 0 0 0 0 0 0 0 0 0 0 0 0 0 0 0 0 0 0 0 0 0 0 0 0 0 0 0 0 0 0 0 0 0 0 0 0 17 0 0 0 1 0 0 0 0 0 0 0 0 0 0 0 2 0 0 0 0 0 0 0 0 0 0 0 168 0 0 0 255 255 255 255 2 0 1 0 0 0 0 0 data 21 0x10002 0x2 0xb0007 0x2 0x20 0x0 0x170002 0x2 0x200002 0x2 0x330007 0x0 0x38 0x2 0x420003 0x2 0x38 0x460002 0x0 0x4d0002 0x0 oops 0
ciMethodData java/util/zip/ZipFile getInputStream (Ljava/util/zip/ZipEntry;)Ljava/io/InputStream; 2 2443 orig 264 104 147 143 96 0 0 0 0 216 110 239 89 174 1 0 0 40 4 0 0 176 2 0 0 0 0 0 0 0 0 0 0 0 0 0 0 0 0 0 0 0 0 0 0 0 0 0 0 0 0 0 0 0 0 0 0 0 0 0 0 0 0 0 0 0 0 0 0 0 0 0 0 0 0 0 0 0 0 0 0 77 68 79 32 101 120 116 114 97 32 100 97 116 97 32 108 111 99 107 0 0 0 0 0 0 0 0 0 0 0 0 0 0 0 0 0 0 0 0 0 0 0 0 0 0 0 0 0 0 0 0 0 0 0 0 0 0 0 0 0 0 0 0 0 0 0 0 0 0 0 0 0 0 0 0 0 0 0 0 0 0 0 0 0 0 0 0 0 0 0 0 0 0 0 0 0 0 0 0 0 0 0 0 0 0 0 0 0 0 0 0 0 0 0 0 0 0 0 0 0 0 0 0 0 0 0 0 0 0 0 0 0 0 0 0 0 0 1 0 0 89 68 0 0 1 0 0 0 0 0 0 0 0 0 0 0 2 0 0 0 0 0 38 0 2 0 0 0 216 2 0 0 255 255 255 255 7 0 1 0 0 0 0 0 data 91 0x10007 0x88b 0x30 0x0 0xa0002 0x0 0x190002 0x88b 0x200005 0x0 0x1ae78dba910 0x88b 0x0 0x0 0x230007 0x88b 0x98 0x0 0x2e0007 0x0 0x78 0x0 0x3d0005 0x0 0x0 0x0 0x0 0x0 0x410002 0x0 0x450003 0x0 0x58 0x540005 0x0 0x1ae78dba910 0x88b 0x0 0x0 0x580002 0x88b 0x5f0007 0x88b 0x20 0x0 0x6d0002 0x88b 0x730002 0x88b 0x760008 0x6 0x0 0x140 0x0 0x40 0x0 0x88 0x9f0005 0x0 0x1ae77ade0d0 0x8 0x0 0x0 0xa80003 0x8 0x18 0xba0002 0x883 0xc90007 0x880 0x20 0x3 0xd50007 0x883 0x20 0x0 0xde0002 0x883 0xef0002 0x883 0x1040005 0x0 0x1ae77ade0d0 0x883 0x0 0x0 0x10d0003 0x883 0x18 0x1240002 0x0 oops 4 10 java/util/zip/ZipCoder 35 java/util/zip/ZipCoder 59 java/util/WeakHashMap 82 java/util/WeakHashMap
ciMethodData java/util/zip/ZipFile$ZipFileInputStream <init> (Ljava/util/zip/ZipFile;J)V 2 2443 orig 264 104 147 143 96 0 0 0 0 24 93 242 89 174 1 0 0 144 1 0 0 0 0 0 0 0 0 0 0 0 0 0 0 0 0 0 0 0 0 0 0 0 0 0 0 0 0 0 0 0 0 0 0 0 0 0 0 0 0 0 0 0 0 0 0 0 0 0 0 0 0 0 0 0 0 0 0 0 0 0 0 77 68 79 32 101 120 116 114 97 32 100 97 116 97 32 108 111 99 107 0 0 0 0 0 0 0 0 0 0 0 0 0 0 0 0 0 0 0 0 0 0 0 0 0 0 0 0 0 0 0 0 0 0 0 0 0 0 0 0 0 0 0 0 0 0 0 0 0 0 0 0 0 0 0 0 0 0 0 0 0 0 0 0 0 0 0 0 0 0 0 0 0 0 0 0 0 0 0 0 0 0 0 0 0 0 0 0 0 0 0 0 0 0 0 0 0 0 0 0 0 0 0 0 0 0 0 0 0 0 0 0 0 0 0 0 0 0 1 0 0 89 68 0 0 1 0 0 0 0 0 0 0 0 0 0 0 2 0 0 0 0 0 3 0 2 0 0 0 48 0 0 0 255 255 255 255 2 0 6 0 0 0 0 0 data 6 0x60002 0x88b 0x150002 0x88b 0x1d0002 0x88b oops 0
ciMethodData java/util/zip/ZipFile getInflater ()Ljava/util/zip/Inflater; 2 2430 orig 264 104 147 143 96 0 0 0 0 192 111 239 89 174 1 0 0 64 2 0 0 208 0 0 0 0 0 0 0 0 0 0 0 0 0 0 0 0 0 0 0 0 0 0 0 0 0 0 0 0 0 0 0 0 0 0 0 0 0 0 0 0 0 0 0 0 0 0 0 0 0 0 0 0 0 0 0 0 0 0 0 77 68 79 32 101 120 116 114 97 32 100 97 116 97 32 108 111 99 107 0 0 0 0 0 0 0 0 0 0 0 0 0 0 0 0 0 0 0 0 0 0 0 0 0 0 0 0 0 0 0 0 0 0 0 0 0 0 0 0 0 0 0 0 0 0 0 0 0 0 0 0 0 0 0 0 0 0 0 0 0 0 0 0 0 0 0 0 0 0 0 0 0 0 0 0 0 0 0 0 0 0 0 0 0 0 0 0 0 0 0 0 0 0 0 0 0 0 0 0 0 0 0 0 0 0 0 0 0 0 0 0 0 0 0 0 0 251 0 0 0 25 68 0 0 185 50 0 0 0 0 0 0 0 0 0 0 2 0 0 0 1 0 21 0 2 0 0 0 248 0 0 0 255 255 255 255 5 0 12 0 0 0 0 0 data 31 0xc0005 0x0 0x1ae78314c20 0x883 0x0 0x0 0x110104 0x0 0x1ae78dbdfb0 0x65d 0x0 0x0 0x160007 0x226 0x70 0x65d 0x1b0005 0x0 0x1ae78dbdfb0 0x65d 0x0 0x0 0x1e0007 0x0 0xffffffffffffff50 0x65d 0x270003 0x226 0x18 0x340002 0x226 oops 3 2 java/util/ArrayDeque 8 java/util/zip/Inflater 18 java/util/zip/Inflater
ciMethodData java/util/zip/ZipFile$ZipFileInflaterInputStream <init> (Ljava/util/zip/ZipFile;Ljava/util/zip/ZipFile$ZipFileInputStream;Ljava/util/zip/Inflater;I)V 2 2430 orig 264 104 147 143 96 0 0 0 0 160 144 242 89 174 1 0 0 80 1 0 0 0 0 0 0 0 0 0 0 0 0 0 0 0 0 0 0 0 0 0 0 0 0 0 0 0 0 0 0 0 0 0 0 0 0 0 0 0 0 0 0 0 0 0 0 0 0 0 0 0 0 0 0 0 0 0 0 0 0 0 0 77 68 79 32 101 120 116 114 97 32 100 97 116 97 32 108 111 99 107 0 0 0 0 0 0 0 0 0 0 0 0 0 0 0 0 0 0 0 0 0 0 0 0 0 0 0 0 0 0 0 0 0 0 0 0 0 0 0 0 0 0 0 0 0 0 0 0 0 0 0 0 0 0 0 0 0 0 0 0 0 0 0 0 0 0 0 0 0 0 0 0 0 0 0 0 0 0 0 0 0 0 0 0 0 0 0 0 0 0 0 0 0 0 0 0 0 0 0 0 0 0 0 0 0 0 0 0 0 0 0 0 0 0 0 0 0 251 0 0 0 25 68 0 0 1 0 0 0 0 0 0 0 0 0 0 0 2 0 0 0 0 0 0 0 0 0 0 0 16 0 0 0 255 255 255 255 2 0 10 0 0 0 0 0 data 2 0xa0002 0x883 oops 0
ciMethodData java/util/zip/InflaterInputStream <init> (Ljava/io/InputStream;Ljava/util/zip/Inflater;I)V 2 2913 orig 264 104 147 143 96 0 0 0 0 136 156 242 89 174 1 0 0 200 1 0 0 80 0 0 0 0 0 0 0 0 0 0 0 0 0 0 0 0 0 0 0 0 0 0 0 0 0 0 0 0 0 0 0 0 0 0 0 0 0 0 0 0 0 0 0 0 0 0 0 0 0 0 0 0 0 0 0 0 0 0 0 77 68 79 32 101 120 116 114 97 32 100 97 116 97 32 108 111 99 107 0 0 0 0 0 0 0 0 0 0 0 0 0 0 0 0 0 0 0 0 0 0 0 0 0 0 0 0 0 0 0 0 0 0 0 0 0 0 0 0 0 0 0 0 0 0 0 0 0 0 0 0 0 0 0 0 0 0 0 0 0 0 0 0 0 0 0 0 0 0 0 0 0 0 0 0 0 0 0 0 0 0 0 0 0 0 0 0 0 0 0 0 0 0 0 0 0 0 0 0 0 0 0 0 0 0 0 0 0 0 0 0 0 0 0 0 0 251 0 0 0 49 83 0 0 1 0 0 0 0 0 0 0 0 0 0 0 2 0 0 0 0 0 10 0 2 0 0 0 144 0 0 0 255 255 255 255 2 0 2 0 0 0 0 0 data 18 0x20002 0xa66 0x250007 0x0 0x40 0xa66 0x290007 0xa66 0x30 0x0 0x300002 0x0 0x350007 0xa66 0x30 0x0 0x3e0002 0x0 oops 0
ciMethodData java/util/zip/ZipFile access$1100 (J)J 2 2443 orig 264 104 147 143 96 0 0 0 0 8 137 239 89 174 1 0 0 96 1 0 0 0 0 0 0 0 0 0 0 0 0 0 0 0 0 0 0 0 0 0 0 0 0 0 0 0 0 0 0 0 0 0 0 0 0 0 0 0 0 0 0 0 0 0 0 0 0 0 0 0 0 0 0 0 0 0 0 0 0 0 0 77 68 79 32 101 120 116 114 97 32 100 97 116 97 32 108 111 99 107 0 0 0 0 0 0 0 0 0 0 0 0 0 0 0 0 0 0 0 0 0 0 0 0 0 0 0 0 0 0 0 0 0 0 0 0 0 0 0 0 0 0 0 0 0 0 0 0 0 0 0 0 0 0 0 0 0 0 0 0 0 0 0 0 0 0 0 0 0 0 0 0 0 0 0 0 0 0 0 0 0 0 0 0 0 0 0 0 0 0 0 0 0 0 0 0 0 0 0 0 0 0 0 0 0 0 0 0 0 0 0 0 0 0 0 0 0 0 1 0 0 89 68 0 0 1 0 0 0 0 0 0 0 0 0 0 0 2 0 0 0 0 0 0 0 0 0 0 0 16 0 0 0 255 255 255 255 2 0 1 0 0 0 0 0 data 2 0x10002 0x88b oops 0
ciMethodData java/util/zip/ZipFile access$1200 (J)J 2 2443 orig 264 104 147 143 96 0 0 0 0 160 137 239 89 174 1 0 0 96 1 0 0 0 0 0 0 0 0 0 0 0 0 0 0 0 0 0 0 0 0 0 0 0 0 0 0 0 0 0 0 0 0 0 0 0 0 0 0 0 0 0 0 0 0 0 0 0 0 0 0 0 0 0 0 0 0 0 0 0 0 0 0 77 68 79 32 101 120 116 114 97 32 100 97 116 97 32 108 111 99 107 0 0 0 0 0 0 0 0 0 0 0 0 0 0 0 0 0 0 0 0 0 0 0 0 0 0 0 0 0 0 0 0 0 0 0 0 0 0 0 0 0 0 0 0 0 0 0 0 0 0 0 0 0 0 0 0 0 0 0 0 0 0 0 0 0 0 0 0 0 0 0 0 0 0 0 0 0 0 0 0 0 0 0 0 0 0 0 0 0 0 0 0 0 0 0 0 0 0 0 0 0 0 0 0 0 0 0 0 0 0 0 0 0 0 0 0 0 0 1 0 0 89 68 0 0 1 0 0 0 0 0 0 0 0 0 0 0 2 0 0 0 0 0 0 0 0 0 0 0 16 0 0 0 255 255 255 255 2 0 1 0 0 0 0 0 data 2 0x10002 0x88b oops 0
ciMethodData java/util/ArrayDeque poll ()Ljava/lang/Object; 2 2430 orig 264 104 147 143 96 0 0 0 0 112 196 240 89 174 1 0 0 120 1 0 0 0 0 0 0 0 0 0 0 0 0 0 0 0 0 0 0 0 0 0 0 0 0 0 0 0 0 0 0 0 0 0 0 0 0 0 0 0 0 0 0 0 0 0 0 0 0 0 0 0 0 0 0 0 0 0 0 0 0 0 0 77 68 79 32 101 120 116 114 97 32 100 97 116 97 32 108 111 99 107 0 0 0 0 0 0 0 0 0 0 0 0 0 0 0 0 0 0 0 0 0 0 0 0 0 0 0 0 0 0 0 0 0 0 0 0 0 0 0 0 0 0 0 0 0 0 0 0 0 0 0 0 0 0 0 0 0 0 0 0 0 0 0 0 0 0 0 0 0 0 0 0 0 0 0 0 0 0 0 0 0 0 0 0 0 0 0 0 0 0 0 0 0 0 0 0 0 0 0 0 0 0 0 0 0 0 0 0 0 0 0 0 0 0 0 0 0 0 1 0 0 241 67 0 0 1 0 0 0 0 0 0 0 0 0 0 0 2 0 0 0 0 0 3 0 2 0 0 0 48 0 0 0 255 255 255 255 5 0 1 0 0 0 0 0 data 6 0x10005 0x0 0x1ae78314c20 0x87e 0x0 0x0 oops 1 2 java/util/ArrayDeque
ciMethodData java/util/ArrayDeque pollFirst ()Ljava/lang/Object; 2 2430 orig 264 104 147 143 96 0 0 0 0 240 188 240 89 174 1 0 0 152 1 0 0 0 0 0 0 0 0 0 0 0 0 0 0 0 0 0 0 0 0 0 0 0 0 0 0 0 0 0 0 0 0 0 0 0 0 0 0 0 0 0 0 0 0 0 0 0 0 0 0 0 0 0 0 0 0 0 0 0 0 0 0 77 68 79 32 101 120 116 114 97 32 100 97 116 97 32 108 111 99 107 0 0 0 0 0 0 0 0 0 0 0 0 0 0 0 0 0 0 0 0 0 0 0 0 0 0 0 0 0 0 0 0 0 0 0 0 0 0 0 0 0 0 0 0 0 0 0 0 0 0 0 0 0 0 0 0 0 0 0 0 0 0 0 0 0 0 0 0 0 0 0 0 0 0 0 0 0 0 0 0 0 0 0 0 0 0 0 0 0 0 0 0 0 0 0 0 0 0 0 0 0 0 0 0 0 0 0 0 0 0 0 0 0 0 0 0 0 0 1 0 0 241 67 0 0 1 0 0 0 0 0 0 0 0 0 0 0 2 0 0 0 0 0 5 0 2 0 0 0 80 0 0 0 255 255 255 255 7 0 13 0 0 0 0 0 data 10 0xd0007 0x65d 0x20 0x221 0x180104 0x0 0x0 0x0 0x0 0x0 oops 0
ciMethodData java/util/zip/ZipFile$ZipFileInflaterInputStream close ()V 2 4642 orig 264 104 147 143 96 0 0 0 0 144 145 242 89 174 1 0 0 64 2 0 0 176 0 0 0 0 0 0 0 0 0 0 0 0 0 0 0 0 0 0 0 0 0 0 0 0 0 0 0 0 0 0 0 0 0 0 0 0 0 0 0 0 0 0 0 0 0 0 0 0 0 0 0 0 0 0 0 0 0 0 0 77 68 79 32 101 120 116 114 97 32 100 97 116 97 32 108 111 99 107 0 0 0 0 0 0 0 0 0 0 0 0 0 0 0 0 0 0 0 0 0 0 0 0 0 0 0 0 0 0 0 0 0 0 0 0 0 0 0 0 0 0 0 0 0 0 0 0 0 0 0 0 0 0 0 0 0 0 0 0 0 0 0 0 0 0 0 0 0 0 0 0 0 0 0 0 0 0 0 0 0 0 0 0 0 0 0 0 0 0 0 0 0 0 0 0 0 0 0 0 0 0 0 0 0 0 0 0 0 0 0 0 0 0 0 0 0 0 1 0 0 17 137 0 0 1 0 0 0 0 0 0 0 0 0 0 0 2 0 0 0 0 0 20 0 2 0 0 0 248 0 0 0 255 255 255 255 7 0 4 0 0 0 0 0 data 31 0x40007 0x87e 0x20 0x8a4 0xe0002 0x87e 0x150002 0x87e 0x1f0002 0x87e 0x230005 0x0 0x1ae77ade0d0 0x87e 0x0 0x0 0x280104 0x0 0x1ae78dbdfb0 0x78a 0x0 0x0 0x2e0003 0x87e 0x18 0x370007 0xf4 0x30 0x78a 0x3f0002 0x78a oops 2 12 java/util/WeakHashMap 18 java/util/zip/Inflater
ciMethodData java/util/zip/InflaterInputStream close ()V 2 2911 orig 264 104 147 143 96 0 0 0 0 40 162 242 89 174 1 0 0 232 1 0 0 64 0 0 0 0 0 0 0 0 0 0 0 0 0 0 0 0 0 0 0 0 0 0 0 0 0 0 0 0 0 0 0 0 0 0 0 0 0 0 0 0 0 0 0 0 0 0 0 0 0 0 0 0 0 0 0 0 0 0 0 77 68 79 32 101 120 116 114 97 32 100 97 116 97 32 108 111 99 107 0 0 0 0 0 0 0 0 0 0 0 0 0 0 0 0 0 0 0 0 0 0 0 0 0 0 0 0 0 0 0 0 0 0 0 0 0 0 0 0 0 0 0 0 0 0 0 0 0 0 0 0 0 0 0 0 0 0 0 0 0 0 0 0 0 0 0 0 0 0 0 0 0 0 0 0 0 0 0 0 0 0 0 0 0 0 0 0 0 0 0 0 0 0 0 0 0 0 0 0 0 0 0 0 0 0 0 0 0 0 0 0 0 0 0 0 0 0 1 0 0 249 82 0 0 1 0 0 0 0 0 0 0 0 0 0 0 2 0 0 0 0 0 9 0 2 0 0 0 160 0 0 0 255 255 255 255 7 0 4 0 0 0 0 0 data 20 0x40007 0x0 0xa0 0xa5f 0xb0007 0x87e 0x50 0x1e1 0x120005 0x0 0x1ae78dbdfb0 0x1e1 0x0 0x0 0x190005 0x0 0x1ae78dbbc70 0x87e 0x1ae0f077810 0x1e1 oops 3 10 java/util/zip/Inflater 16 java/util/zip/ZipFile$ZipFileInputStream 18 java/io/PushbackInputStream
ciMethodData java/util/jar/JarFile getManifest ()Ljava/util/jar/Manifest; 2 1641 orig 264 104 147 143 96 0 0 0 0 200 34 240 89 174 1 0 0 48 1 0 0 0 0 0 0 0 0 0 0 0 0 0 0 0 0 0 0 0 0 0 0 0 0 0 0 0 0 0 0 0 0 0 0 0 0 0 0 0 0 0 0 0 0 0 0 0 0 0 0 0 0 0 0 0 0 0 0 0 0 0 0 77 68 79 32 101 120 116 114 97 32 100 97 116 97 32 108 111 99 107 0 0 0 0 0 0 0 0 0 0 0 0 0 0 0 0 0 0 0 0 0 0 0 0 0 0 0 0 0 0 0 0 0 0 0 0 0 0 0 0 0 0 0 0 0 0 0 0 0 0 0 0 0 0 0 0 0 0 0 0 0 0 0 0 0 0 0 0 0 0 0 0 0 0 0 0 0 0 0 0 0 0 0 0 0 0 0 0 0 0 0 0 0 0 0 0 0 0 0 0 0 0 0 0 0 0 0 0 0 0 0 0 0 0 0 0 0 78 0 0 0 217 48 0 0 1 0 0 0 0 0 0 0 0 0 0 0 2 0 0 0 0 0 3 0 2 0 0 0 16 0 0 0 255 255 255 255 2 0 1 0 0 0 0 0 data 2 0x10002 0x61b oops 0
ciMethodData java/util/jar/JarFile getManifestFromReference ()Ljava/util/jar/Manifest; 2 1648 orig 264 104 147 143 96 0 0 0 0 224 35 240 89 174 1 0 0 248 2 0 0 144 1 0 0 0 0 0 0 0 0 0 0 0 0 0 0 0 0 0 0 0 0 0 0 0 0 0 0 0 0 0 0 0 0 0 0 0 0 0 0 0 0 0 0 0 0 0 0 0 0 0 0 0 0 0 0 0 0 0 0 77 68 79 32 101 120 116 114 97 32 100 97 116 97 32 108 111 99 107 0 0 0 0 0 0 0 0 0 0 0 0 0 0 0 0 0 0 0 0 0 0 0 0 0 0 0 0 0 0 0 0 0 0 0 0 0 0 0 0 0 0 0 0 0 0 0 0 0 0 0 0 0 0 0 0 0 0 0 0 0 0 0 0 0 0 0 0 0 0 0 0 0 0 0 0 0 0 0 0 0 0 0 0 0 0 0 0 0 0 0 0 0 0 0 0 0 0 0 0 0 0 0 0 0 0 0 0 0 0 0 0 0 0 0 0 0 78 0 0 0 17 49 0 0 1 0 0 0 0 0 0 0 0 0 0 0 2 0 0 0 0 0 28 0 2 0 0 0 176 1 0 0 255 255 255 255 7 0 4 0 0 0 0 0 data 54 0x40007 0x41 0x98 0x5e1 0xb0005 0x0 0x1ae4c8191c0 0x5e1 0x0 0x0 0xe0004 0x0 0x1ae75db6320 0x5e1 0x0 0x0 0x110003 0x5e1 0x18 0x170007 0x5e1 0x118 0x41 0x1b0002 0x41 0x200007 0x0 0xe8 0x41 0x270007 0x3d 0x98 0x4 0x2c0002 0x4 0x340007 0x0 0x30 0x4 0x3d0002 0x4 0x500002 0x4 0x530002 0x4 0x570003 0x4 0x38 0x600002 0x3d 0x630002 0x3d 0x6d0002 0x41 oops 2 6 java/lang/ref/SoftReference 12 java/util/jar/Manifest
ciMethodData java/util/jar/Attributes getValue (Ljava/util/jar/Attributes$Name;)Ljava/lang/String; 2 3043 orig 264 104 147 143 96 0 0 0 0 16 229 242 89 174 1 0 0 176 1 0 0 0 0 0 0 0 0 0 0 0 0 0 0 0 0 0 0 0 0 0 0 0 0 0 0 0 0 0 0 0 0 0 0 0 0 0 0 0 0 0 0 0 0 0 0 0 0 0 0 0 0 0 0 0 0 0 0 0 0 0 0 77 68 79 32 101 120 116 114 97 32 100 97 116 97 32 108 111 99 107 0 0 0 0 0 0 0 0 0 0 0 0 0 0 0 0 0 0 0 0 0 0 0 0 0 0 0 0 0 0 0 0 0 0 0 0 0 0 0 0 0 0 0 0 0 0 0 0 0 0 0 0 0 0 0 0 0 0 0 0 0 0 0 0 0 0 0 0 0 0 0 0 0 0 0 0 0 0 0 0 0 0 0 0 0 0 0 0 0 0 0 0 0 0 0 0 0 0 0 0 0 0 0 0 0 0 0 0 0 0 0 0 0 0 0 0 0 150 0 0 0 105 90 0 0 1 0 0 0 0 0 0 0 0 0 0 0 2 0 0 0 0 0 3 0 2 0 0 0 96 0 0 0 255 255 255 255 5 0 2 0 0 0 0 0 data 12 0x20005 0x0 0x1ae78cb9df0 0xb4d 0x0 0x0 0x50104 0x0 0x1ae4c818300 0x1cf 0x0 0x0 oops 2 2 java/util/jar/Attributes 8 java/lang/String
ciMethodData java/util/jar/Attributes get (Ljava/lang/Object;)Ljava/lang/Object; 2 3707 orig 264 104 147 143 96 0 0 0 0 216 227 242 89 174 1 0 0 128 1 0 0 0 0 0 0 0 0 0 0 0 0 0 0 0 0 0 0 0 0 0 0 0 0 0 0 0 0 0 0 0 0 0 0 0 0 0 0 0 0 0 0 0 0 0 0 0 0 0 0 0 0 0 0 0 0 0 0 0 0 0 0 77 68 79 32 101 120 116 114 97 32 100 97 116 97 32 108 111 99 107 0 0 0 0 0 0 0 0 0 0 0 0 0 0 0 0 0 0 0 0 0 0 0 0 0 0 0 0 0 0 0 0 0 0 0 0 0 0 0 0 0 0 0 0 0 0 0 0 0 0 0 0 0 0 0 0 0 0 0 0 0 0 0 0 0 0 0 0 0 0 0 0 0 0 0 0 0 0 0 0 0 0 0 0 0 17 0 0 0 0 0 0 0 0 0 0 0 0 0 0 0 1 0 0 0 0 0 0 0 0 0 0 0 0 0 0 0 150 0 0 0 41 111 0 0 1 0 0 0 0 0 0 0 0 0 0 0 2 0 0 0 0 0 3 0 2 0 0 0 48 0 0 0 255 255 255 255 5 0 5 0 0 0 0 0 data 6 0x50005 0x0 0x1ae78091e90 0xde5 0x0 0x0 oops 1 2 java/util/HashMap
ciMethodData java/util/jar/JarFile getManEntry ()Ljava/util/jar/JarEntry; 1 571 orig 264 104 147 143 96 0 0 0 0 224 44 240 89 174 1 0 0 232 2 0 0 128 0 0 0 0 0 0 0 0 0 0 0 0 0 0 0 0 0 0 0 0 0 0 0 0 0 0 0 0 0 0 0 0 0 0 0 0 0 0 0 0 0 0 0 0 0 0 0 0 0 0 0 0 0 0 0 0 0 0 0 77 68 79 32 101 120 116 114 97 32 100 97 116 97 32 108 111 99 107 0 0 0 0 0 0 0 0 0 0 0 0 0 0 0 0 0 0 0 0 0 0 0 0 0 0 0 0 0 0 0 0 0 0 0 0 0 0 0 0 0 0 0 0 0 0 0 0 0 0 0 0 0 0 0 0 0 0 0 0 0 0 0 0 0 0 0 0 0 0 0 0 0 0 0 0 0 0 0 0 0 0 0 0 0 0 0 0 0 0 0 0 0 0 0 0 0 0 0 0 0 0 0 0 0 0 0 0 0 0 0 0 0 0 0 0 0 0 1 0 0 217 9 0 0 1 0 0 0 0 0 0 0 0 0 0 0 2 0 0 0 1 0 15 0 2 0 0 0 160 1 0 0 255 255 255 255 7 0 4 0 0 0 0 0 data 52 0x40007 0x40 0x1a0 0xfb 0xb0005 0x0 0x1ae7e07f930 0xfb 0x0 0x0 0x150007 0xfb 0x150 0x0 0x190002 0x0 0x1e0007 0x0 0x120 0x0 0x260007 0x0 0x100 0x0 0x310005 0x0 0x0 0x0 0x0 0x0 0x340005 0x0 0x0 0x0 0x0 0x0 0x370007 0x0 0x68 0x0 0x3f0005 0x0 0x0 0x0 0x0 0x0 0x450003 0x0 0x30 0x4b0003 0x0 0xffffffffffffff18 oops 1 6 java/util/jar/JarFile
ciMethodData java/lang/String toUpperCase (Ljava/util/Locale;)Ljava/lang/String; 2 22966 orig 264 104 147 143 96 0 0 0 0 48 108 207 89 174 1 0 0 80 6 0 0 8 2 0 0 0 0 0 0 0 0 0 0 0 0 0 0 0 0 0 0 0 0 0 0 0 0 0 0 0 0 0 0 0 0 0 0 0 0 0 0 0 0 0 0 0 0 0 0 0 0 0 0 0 0 0 0 0 0 0 0 77 68 79 32 101 120 116 114 97 32 100 97 116 97 32 108 111 99 107 0 0 0 0 0 0 0 0 0 0 0 0 0 0 0 0 0 0 0 0 0 0 0 0 0 0 0 0 0 0 0 0 0 0 0 0 0 0 0 0 0 0 0 0 0 0 0 0 0 0 0 0 0 0 0 0 0 0 0 0 0 0 0 0 0 0 0 0 0 0 0 0 0 0 0 0 0 0 0 0 0 0 0 0 0 0 0 0 0 0 0 0 0 0 0 0 0 0 0 0 0 0 0 0 0 0 0 0 0 0 0 0 0 0 0 0 0 130 1 0 0 81 25 0 0 161 193 2 0 0 0 0 0 0 0 0 0 2 0 0 0 3 0 72 0 2 0 0 0 0 5 0 0 255 255 255 255 7 0 1 0 0 0 0 0 data 160 0x10007 0x32a 0x30 0x0 0x80002 0x0 0x160007 0x1ee 0x138 0x27ee 0x250007 0x27ee 0x98 0x0 0x2c0007 0x0 0x78 0x0 0x310005 0x0 0x0 0x0 0x0 0x0 0x380002 0x0 0x3d0003 0x0 0x18 0x450002 0x27ee 0x4d0007 0x0 0x70 0x27ee 0x540007 0x26b2 0x38 0x13c 0x570003 0x13c 0x30 0x5f0003 0x26b2 0xfffffffffffffee0 0x750002 0x13c 0x790005 0x73 0x1ae7dc93920 0xc9 0x0 0x0 0x820007 0x0 0x60 0x13c 0x890007 0x0 0x40 0x13c 0x900007 0x13c 0x38 0x0 0x940003 0x0 0x18 0xa00007 0x13c 0x2d0 0x3182 0xb10007 0x3182 0x98 0x0 0xb90007 0x0 0x78 0x0 0xbf0005 0x0 0x0 0x0 0x0 0x0 0xc60002 0x0 0xcb0003 0x0 0x18 0xd30007 0x3182 0x48 0x0 0xda0002 0x0 0xdf0003 0x0 0x28 0xe40002 0x3182 0xec0007 0x0 0x40 0x3182 0xf30007 0x3182 0x188 0x0 0xf90007 0x0 0x90 0x0 0xfe0007 0x0 0x48 0x0 0x1050002 0x0 0x10a0003 0x0 0x98 0x10f0002 0x0 0x1140003 0x0 0x70 0x11a0007 0x0 0x48 0x0 0x1280002 0x0 0x1310003 0x0 0xa8 0x1360002 0x0 0x1440007 0x0 0x30 0x0 0x15f0002 0x0 0x16d0007 0x0 0x38 0x0 0x1830003 0x0 0xffffffffffffffe0 0x1900003 0x0 0x18 0x1a50003 0x3182 0xfffffffffffffd48 0x1b30002 0x13c oops 1 49 java/util/Locale
ciMethodData java/util/jar/JarFile getBytes (Ljava/util/zip/ZipEntry;)[B 1 512 orig 264 104 147 143 96 0 0 0 0 240 42 240 89 174 1 0 0 160 3 0 0 8 2 0 0 0 0 0 0 0 0 0 0 0 0 0 0 0 0 0 0 0 0 0 0 0 0 0 0 0 0 0 0 0 0 0 0 0 0 0 0 0 0 0 0 0 0 0 0 0 0 0 0 0 0 0 0 0 0 0 0 77 68 79 32 101 120 116 114 97 32 100 97 116 97 32 108 111 99 107 0 0 0 0 0 0 0 0 0 0 0 0 0 0 0 0 0 0 0 0 0 0 0 0 0 0 0 0 0 0 0 0 0 0 0 0 0 0 0 0 0 0 0 0 0 0 0 0 0 0 0 0 0 0 0 0 0 0 0 0 0 0 0 0 0 0 0 0 0 0 0 0 0 0 0 0 0 0 0 0 0 0 0 0 0 0 0 0 0 0 0 0 0 0 0 0 0 0 0 0 0 0 0 0 0 0 0 0 0 0 0 0 0 0 0 0 0 0 1 0 0 1 8 0 0 1 0 0 0 0 0 0 0 0 0 0 0 2 0 0 0 0 0 19 0 2 0 0 0 80 2 0 0 255 255 255 255 2 0 2 0 0 0 0 0 data 74 0x20002 0x100 0xa0005 0x0 0x1ae7e070880 0x100 0x0 0x0 0xf0002 0x100 0x150007 0x0 0x100 0x100 0x190007 0x100 0xb0 0x0 0x1d0005 0x0 0x0 0x0 0x0 0x0 0x200003 0x0 0x90 0x280005 0x0 0x0 0x0 0x0 0x0 0x2b0003 0x0 0x48 0x2f0005 0x0 0x1ae78dbe080 0xf9 0x1ae78dbbc70 0x7 0x400007 0x0 0x100 0x0 0x440007 0x0 0xb0 0x0 0x480005 0x0 0x0 0x0 0x0 0x0 0x4b0003 0x0 0x90 0x530005 0x0 0x0 0x0 0x0 0x0 0x560003 0x0 0x48 0x5a0005 0x0 0x0 0x0 0x0 0x0 oops 3 4 java/util/jar/JarFile$JarFileEntry 38 java/util/zip/ZipFile$ZipFileInflaterInputStream 40 java/util/zip/ZipFile$ZipFileInputStream
ciMethodData sun/nio/cs/UTF_8 newEncoder ()Ljava/nio/charset/CharsetEncoder; 1 488 orig 264 104 147 143 96 0 0 0 0 112 43 227 89 174 1 0 0 48 1 0 0 0 0 0 0 0 0 0 0 0 0 0 0 0 0 0 0 0 0 0 0 0 0 0 0 0 0 0 0 0 0 0 0 0 0 0 0 0 0 0 0 0 0 0 0 0 0 0 0 0 0 0 0 0 0 0 0 0 0 0 0 77 68 79 32 101 120 116 114 97 32 100 97 116 97 32 108 111 99 107 0 0 0 0 0 0 0 0 0 0 0 0 0 0 0 0 0 0 0 0 0 0 0 0 0 0 0 0 0 0 0 0 0 0 0 0 0 0 0 0 0 0 0 0 0 0 0 0 0 0 0 0 0 0 0 0 0 0 0 0 0 0 0 0 0 0 0 0 0 0 0 0 0 0 0 0 0 0 0 0 0 0 0 0 0 0 0 0 0 0 0 0 0 0 0 0 0 0 0 0 0 0 0 0 0 0 0 0 0 0 0 0 0 0 0 0 0 0 1 0 0 65 7 0 0 1 0 0 0 0 0 0 0 0 0 0 0 2 0 0 0 0 0 3 0 2 0 0 0 16 0 0 0 255 255 255 255 2 0 6 0 0 0 0 0 data 2 0x60002 0xe8 oops 0
ciMethodData sun/nio/cs/UTF_8$Encoder <init> (Ljava/nio/charset/Charset;Lsun/nio/cs/UTF_8$1;)V 1 654 orig 264 104 147 143 96 0 0 0 0 64 118 227 89 174 1 0 0 64 1 0 0 0 0 0 0 0 0 0 0 0 0 0 0 0 0 0 0 0 0 0 0 0 0 0 0 0 0 0 0 0 0 0 0 0 0 0 0 0 0 0 0 0 0 0 0 0 0 0 0 0 0 0 0 0 0 0 0 0 0 0 0 77 68 79 32 101 120 116 114 97 32 100 97 116 97 32 108 111 99 107 0 0 0 0 0 0 0 0 0 0 0 0 0 0 0 0 0 0 0 0 0 0 0 0 0 0 0 0 0 0 0 0 0 0 0 0 0 0 0 0 0 0 0 0 0 0 0 0 0 0 0 0 0 0 0 0 0 0 0 0 0 0 0 0 0 0 0 0 0 0 0 0 0 0 0 0 0 0 0 0 0 0 0 0 0 17 0 0 0 0 0 0 0 4 0 0 0 0 0 0 0 4 0 0 0 0 0 0 0 0 0 0 0 0 0 0 0 0 1 0 0 113 12 0 0 1 0 0 0 0 0 0 0 0 0 0 0 2 0 0 0 0 0 3 0 2 0 0 0 16 0 0 0 255 255 255 255 2 0 2 0 0 0 0 0 data 2 0x20002 0x18e oops 0
ciMethodData java/util/zip/Inflater <init> (Z)V 1 1209 orig 264 104 147 143 96 0 0 0 0 224 109 242 89 174 1 0 0 128 1 0 0 0 0 0 0 0 0 0 0 0 0 0 0 0 0 0 0 0 0 0 0 0 0 0 0 0 0 0 0 0 0 0 0 0 0 0 0 0 0 0 0 0 0 0 0 0 0 0 0 0 0 0 0 0 0 0 0 0 0 0 0 77 68 79 32 101 120 116 114 97 32 100 97 116 97 32 108 111 99 107 0 0 0 0 0 0 0 0 0 0 0 0 0 0 0 0 0 0 0 0 0 0 0 0 0 0 0 0 0 0 0 0 0 0 0 0 0 0 0 0 0 0 0 0 0 0 0 0 0 0 0 0 0 0 0 0 0 0 0 0 0 0 0 0 0 0 0 0 0 0 0 0 0 0 0 0 0 0 0 0 0 0 0 0 0 0 0 0 0 0 0 0 0 0 0 0 0 0 0 0 0 0 0 0 0 0 0 0 0 0 0 0 0 0 0 0 0 0 1 0 0 201 29 0 0 1 0 0 0 0 0 0 0 0 0 0 0 2 0 0 0 0 0 3 0 2 0 0 0 48 0 0 0 255 255 255 255 2 0 1 0 0 0 0 0 data 6 0x10002 0x3b9 0x110002 0x3b9 0x140002 0x3b9 oops 0
ciMethodData java/util/zip/ZStreamRef <init> (J)V 1 1209 orig 264 104 147 143 96 0 0 0 0 72 137 242 89 174 1 0 0 64 1 0 0 0 0 0 0 0 0 0 0 0 0 0 0 0 0 0 0 0 0 0 0 0 0 0 0 0 0 0 0 0 0 0 0 0 0 0 0 0 0 0 0 0 0 0 0 0 0 0 0 0 0 0 0 0 0 0 0 0 0 0 0 77 68 79 32 101 120 116 114 97 32 100 97 116 97 32 108 111 99 107 0 0 0 0 0 0 0 0 0 0 0 0 0 0 0 0 0 0 0 0 0 0 0 0 0 0 0 0 0 0 0 0 0 0 0 0 0 0 0 0 0 0 0 0 0 0 0 0 0 0 0 0 0 0 0 0 0 0 0 0 0 0 0 0 0 0 0 0 0 0 0 0 0 0 0 0 0 0 0 0 0 0 0 0 0 0 0 0 0 0 0 0 0 0 0 0 0 0 0 0 0 0 0 0 0 0 0 0 0 0 0 0 0 0 0 0 0 255 0 0 0 209 29 0 0 1 0 0 0 0 0 0 0 0 0 0 0 2 0 0 0 0 0 0 0 0 0 0 0 16 0 0 0 255 255 255 255 2 0 1 0 0 0 0 0 data 2 0x10002 0x3ba oops 0
ciMethodData java/util/jar/JarFile getInputStream (Ljava/util/zip/ZipEntry;)Ljava/io/InputStream; 2 1866 orig 264 104 147 143 96 0 0 0 0 232 43 240 89 174 1 0 0 24 3 0 0 120 1 0 0 0 0 0 0 0 0 0 0 0 0 0 0 0 0 0 0 0 0 0 0 0 0 0 0 0 0 0 0 0 0 0 0 0 0 0 0 0 0 0 0 0 0 0 0 0 0 0 0 0 0 0 0 0 0 0 0 77 68 79 32 101 120 116 114 97 32 100 97 116 97 32 108 111 99 107 0 0 0 0 0 0 0 0 0 0 0 0 0 0 0 0 0 0 0 0 0 0 0 0 0 0 0 0 0 0 0 0 0 0 0 0 0 0 0 0 0 0 0 0 0 0 0 0 0 0 0 0 0 0 0 0 0 0 0 0 0 0 0 0 0 0 0 0 0 0 0 0 0 0 0 0 0 0 0 0 0 0 0 0 0 0 0 0 0 0 0 0 0 0 0 0 0 0 0 0 0 0 0 0 0 0 0 0 0 0 0 0 0 0 0 0 0 68 0 0 0 49 56 0 0 1 0 0 0 0 0 0 0 0 0 0 0 2 0 0 0 0 0 13 0 2 0 0 0 200 1 0 0 255 255 255 255 2 0 1 0 0 0 0 0 data 57 0x10002 0x706 0x80007 0x0 0x30 0x706 0xd0002 0x706 0x150007 0x0 0x60 0x0 0x190002 0x0 0x250007 0x0 0x30 0x0 0x2a0002 0x0 0x330002 0x0 0x370004 0x0 0x0 0x0 0x0 0x0 0x3a0007 0x0 0x68 0x0 0x3e0004 0x0 0x0 0x0 0x0 0x0 0x410003 0x0 0x78 0x460005 0x0 0x0 0x0 0x0 0x0 0x490005 0x0 0x0 0x0 0x0 0x0 0x4e0002 0x0 0x550002 0x0 oops 0
ciMethodData java/lang/String concat (Ljava/lang/String;)Ljava/lang/String; 2 5395 orig 264 104 147 143 96 0 0 0 0 24 94 207 89 174 1 0 0 240 1 0 0 48 0 0 0 0 0 0 0 0 0 0 0 0 0 0 0 0 0 0 0 0 0 0 0 0 0 0 0 0 0 0 0 0 0 0 0 0 0 0 0 0 0 0 0 0 0 0 0 0 0 0 0 0 0 0 0 0 0 0 0 77 68 79 32 101 120 116 114 97 32 100 97 116 97 32 108 111 99 107 0 0 0 0 0 0 0 0 0 0 0 0 0 0 0 0 0 0 0 0 0 0 0 0 0 0 0 0 0 0 0 0 0 0 0 0 0 0 0 0 0 0 0 0 0 0 0 0 0 0 0 0 0 0 0 0 0 0 0 0 0 0 0 0 0 0 0 0 0 0 0 0 0 0 0 0 0 0 0 0 0 0 0 0 0 0 0 0 0 0 0 0 0 0 0 0 0 0 0 0 0 0 0 0 0 0 0 0 0 0 0 0 0 0 0 0 0 4 1 0 0 121 160 0 0 1 0 0 0 0 0 0 0 0 0 0 0 2 0 0 0 0 0 10 0 2 0 0 0 160 0 0 0 255 255 255 255 5 0 1 0 0 0 0 0 data 20 0x10005 0x2 0x1ae4c818300 0x140d 0x0 0x0 0x60007 0x140f 0x20 0x0 0x180002 0x140f 0x210005 0x2 0x1ae4c818300 0x140d 0x0 0x0 0x2b0002 0x140f oops 2 2 java/lang/String 14 java/lang/String
ciMethodData java/lang/String getChars ([CI)V 2 5395 orig 264 104 147 143 96 0 0 0 0 48 65 207 89 174 1 0 0 104 1 0 0 0 0 0 0 0 0 0 0 0 0 0 0 0 0 0 0 0 0 0 0 0 0 0 0 0 0 0 0 0 0 0 0 0 0 0 0 0 0 0 0 0 0 0 0 0 0 0 0 0 0 0 0 0 0 0 0 0 0 0 0 77 68 79 32 101 120 116 114 97 32 100 97 116 97 32 108 111 99 107 0 0 0 0 0 0 0 0 0 0 0 0 0 0 0 0 0 0 0 0 0 0 0 0 0 0 0 0 0 0 0 0 0 0 0 0 0 0 0 0 0 0 0 0 0 0 0 0 0 0 0 0 0 0 0 0 0 0 0 0 0 0 0 0 0 0 0 0 0 0 0 0 0 0 0 0 0 0 0 0 0 0 0 0 0 0 0 0 0 0 0 0 0 0 0 0 0 0 0 0 0 0 0 0 0 0 0 0 0 0 0 0 0 0 0 0 0 4 1 0 0 121 160 0 0 1 0 0 0 0 0 0 0 0 0 0 0 2 0 0 0 0 0 3 0 2 0 0 0 16 0 0 0 255 255 255 255 2 0 12 0 0 0 0 0 data 2 0xc0002 0x140f oops 0
ciMethodData sun/misc/URLClassPath getResource (Ljava/lang/String;Z)Lsun/misc/Resource; 2 60984 orig 264 104 147 143 96 0 0 0 0 232 191 235 89 174 1 0 0 32 3 0 0 176 1 0 0 0 0 0 0 0 0 0 0 0 0 0 0 0 0 0 0 0 0 0 0 0 0 0 0 0 0 0 0 0 0 0 0 0 0 0 0 0 0 0 0 0 0 0 0 0 0 0 0 0 0 0 0 0 0 0 0 77 68 79 32 101 120 116 114 97 32 100 97 116 97 32 108 111 99 107 0 0 0 0 0 0 0 0 0 0 0 0 0 0 0 0 0 0 0 0 0 0 0 0 0 0 0 0 0 0 0 0 0 0 0 0 0 0 0 0 0 0 0 0 0 0 0 0 0 0 0 0 0 0 0 0 0 0 0 0 0 0 0 0 0 0 0 0 0 0 0 0 0 0 0 0 0 0 0 0 0 0 0 0 0 0 0 0 0 0 0 0 0 0 0 0 0 0 0 0 0 0 0 0 0 0 0 0 0 0 0 0 0 0 0 0 0 7 12 0 0 73 17 0 0 137 17 7 0 0 0 0 0 0 0 0 0 2 0 0 0 1 0 9 0 2 0 0 0 200 1 0 0 255 255 255 255 7 0 3 0 0 0 0 0 data 57 0x30007 0x229 0x120 0x0 0xd0002 0x0 0x120005 0x0 0x0 0x0 0x0 0x0 0x160005 0x0 0x0 0x0 0x0 0x0 0x1b0005 0x0 0x0 0x0 0x0 0x0 0x1e0005 0x0 0x0 0x0 0x0 0x0 0x210005 0x0 0x0 0x0 0x0 0x0 0x260002 0x229 0x330002 0xe458 0x380007 0x11d 0x88 0xe33b 0x3e0005 0x0 0x1ae78482ee0 0xe33b 0x0 0x0 0x450007 0xe22f 0x20 0x10c 0x4e0003 0xe22f 0xffffffffffffff80 oops 1 46 sun/misc/URLClassPath$JarLoader
ciMethodData sun/misc/URLClassPath getLookupCache (Ljava/lang/String;)[I 2 1199 orig 264 104 147 143 96 0 0 0 0 8 199 235 89 174 1 0 0 144 3 0 0 32 0 0 0 0 0 0 0 0 0 0 0 0 0 0 0 0 0 0 0 0 0 0 0 0 0 0 0 0 0 0 0 0 0 0 0 0 0 0 0 0 0 0 0 0 0 0 0 0 0 0 0 0 0 0 0 0 0 0 0 77 68 79 32 101 120 116 114 97 32 100 97 116 97 32 108 111 99 107 0 0 0 0 0 0 0 0 0 0 0 0 0 0 0 0 0 0 0 0 0 0 0 0 0 0 0 0 0 0 0 0 0 0 0 0 0 0 0 0 0 0 0 0 0 0 0 0 0 0 0 0 0 0 0 0 0 0 0 0 0 0 0 0 0 0 0 0 0 0 0 0 0 0 0 0 0 0 0 0 0 0 0 0 0 0 0 0 0 0 0 0 0 0 0 0 0 0 0 0 0 0 0 0 0 0 0 0 0 0 0 0 0 0 0 0 0 184 0 0 0 185 31 0 0 1 0 0 0 0 0 0 0 0 0 0 0 2 0 0 0 0 0 16 0 2 0 0 0 64 2 0 0 255 255 255 255 7 0 4 0 0 0 0 0 data 72 0x40007 0x3f7 0x40 0x0 0xa0007 0x0 0x20 0x0 0x140002 0x0 0x190007 0x0 0x1f0 0x0 0x1e0007 0x0 0x1d0 0x0 0x2a0002 0x0 0x2d0007 0x0 0x1a0 0x0 0x330007 0x0 0x180 0x0 0x3d0002 0x0 0x420005 0x0 0x0 0x0 0x0 0x0 0x490005 0x0 0x0 0x0 0x0 0x0 0x4c0005 0x0 0x0 0x0 0x0 0x0 0x510005 0x0 0x0 0x0 0x0 0x0 0x550005 0x0 0x0 0x0 0x0 0x0 0x580005 0x0 0x0 0x0 0x0 0x0 0x5b0005 0x0 0x0 0x0 0x0 0x0 oops 0
ciMethodData java/util/jar/JarFile maybeInstantiateVerifier ()V 2 5112 orig 264 104 147 143 96 0 0 0 0 16 40 240 89 174 1 0 0 144 3 0 0 80 0 0 0 0 0 0 0 0 0 0 0 0 0 0 0 0 0 0 0 0 0 0 0 0 0 0 0 0 0 0 0 0 0 0 0 0 0 0 0 0 0 0 0 0 0 0 0 0 0 0 0 0 0 0 0 0 0 0 0 77 68 79 32 101 120 116 114 97 32 100 97 116 97 32 108 111 99 107 0 0 0 0 0 0 0 0 0 0 0 0 0 0 0 0 0 0 0 0 0 0 0 0 0 0 0 0 0 0 0 0 0 0 0 0 0 0 0 0 0 0 0 0 0 0 0 0 0 0 0 0 0 0 0 0 0 0 0 0 0 0 0 0 0 0 0 0 0 0 0 0 0 0 0 0 0 0 0 0 0 0 0 0 0 0 0 0 0 0 0 0 0 0 0 0 0 0 0 0 0 0 0 0 0 0 0 0 0 0 0 0 0 0 0 0 0 1 1 0 0 185 151 0 0 225 23 0 0 0 0 0 0 0 0 0 0 2 0 0 0 1 0 23 0 2 0 0 0 72 2 0 0 255 255 255 255 7 0 4 0 0 0 0 0 data 73 0x40007 0x12f0 0x20 0x7 0xc0007 0x121b 0x228 0xd5 0x100002 0xd5 0x150007 0x0 0x1f8 0xd5 0x1d0007 0xd5 0x1d8 0x2fc 0x260005 0x0 0x1ae4c818300 0x2fc 0x0 0x0 0x2d0005 0x0 0x1ae4c818300 0x2fc 0x0 0x0 0x300007 0x0 0x110 0x2fc 0x360005 0x0 0x1ae4c818300 0x2fc 0x0 0x0 0x390007 0x0 0xc0 0x2fc 0x3f0005 0x0 0x1ae4c818300 0x2fc 0x0 0x0 0x420007 0x0 0x70 0x2fc 0x480005 0x0 0x1ae4c818300 0x2fc 0x0 0x0 0x4b0007 0x2fc 0x50 0x0 0x4f0005 0x0 0x0 0x0 0x0 0x0 0x570003 0x2fc 0xfffffffffffffe40 oops 5 20 java/lang/String 26 java/lang/String 36 java/lang/String 46 java/lang/String 56 java/lang/String
ciMethodData java/lang/String regionMatches (ZILjava/lang/String;II)Z 2 13766 orig 264 104 147 143 96 0 0 0 0 24 77 207 89 174 1 0 0 24 3 0 0 96 0 0 0 0 0 0 0 0 0 0 0 0 0 0 0 0 0 0 0 0 0 0 0 0 0 0 0 0 0 0 0 0 0 0 0 0 0 0 0 0 0 0 0 0 0 0 0 0 0 0 0 0 0 0 0 0 0 0 0 77 68 79 32 101 120 116 114 97 32 100 97 116 97 32 108 111 99 107 0 0 0 0 0 0 0 0 0 0 0 0 0 0 0 0 0 0 0 0 0 0 0 0 0 0 0 0 0 0 0 0 0 0 0 0 0 0 0 0 0 0 0 0 0 0 0 0 0 0 0 0 0 0 0 0 0 0 0 0 0 0 0 0 0 0 0 0 0 0 0 0 0 0 0 0 0 0 0 0 0 0 0 0 0 0 0 0 0 0 0 0 0 0 0 0 0 0 0 0 0 0 0 0 0 0 0 0 0 0 0 0 0 0 0 0 0 230 0 0 0 201 96 0 0 193 170 1 0 0 0 0 0 0 0 0 0 2 0 0 0 1 0 24 0 2 0 0 0 168 1 0 0 255 255 255 255 7 0 21 0 0 0 0 0 data 53 0x150007 0x0 0x80 0xc19 0x190007 0x0 0x60 0xc19 0x290007 0x0 0x40 0xc19 0x3a0007 0xc19 0x20 0x0 0x440007 0x3b7 0x128 0x3dba 0x5f0007 0x866 0x38 0x3554 0x620003 0x3554 0xffffffffffffffc0 0x660007 0x0 0xd0 0x866 0x6b0002 0x866 0x720002 0x866 0x7b0007 0x862 0x38 0x4 0x7e0003 0x4 0xffffffffffffff48 0x830002 0x862 0x880002 0x862 0x8b0007 0x862 0x38 0x0 0x8e0003 0x0 0xfffffffffffffef0 oops 0
ciMethodData java/net/URLClassLoader$1 run ()Ljava/lang/Class; 2 6400 orig 264 104 147 143 96 0 0 0 0 56 218 238 89 174 1 0 0 40 2 0 0 0 0 0 0 0 0 0 0 0 0 0 0 0 0 0 0 0 0 0 0 0 0 0 0 0 0 0 0 0 0 0 0 0 0 0 0 0 0 0 0 0 0 0 0 0 0 0 0 0 0 0 0 0 0 0 0 0 0 0 0 77 68 79 32 101 120 116 114 97 32 100 97 116 97 32 108 111 99 107 0 0 0 0 0 0 0 0 0 0 0 0 0 0 0 0 0 0 0 0 0 0 0 0 0 0 0 0 0 0 0 0 0 0 0 0 0 0 0 0 0 0 0 0 0 0 0 0 0 0 0 0 0 0 0 0 0 0 0 0 0 0 0 0 0 0 0 0 0 0 0 0 0 0 0 0 0 0 0 0 0 0 0 0 0 0 0 0 0 0 0 0 0 0 0 0 0 0 0 0 0 0 0 0 0 0 0 0 0 0 0 0 0 0 0 0 0 0 1 0 0 1 192 0 0 1 0 0 0 0 0 0 0 0 0 0 0 2 0 0 0 0 0 7 0 2 0 0 0 224 0 0 0 255 255 255 255 5 0 8 0 0 0 0 0 data 28 0x80005 0x83 0x1ae4c818300 0x177d 0x0 0x0 0xd0005 0x83 0x1ae4c818300 0x177d 0x0 0x0 0x150002 0x1800 0x1a0005 0x0 0x1ae7807e800 0x1800 0x0 0x0 0x1f0007 0x1222 0x40 0x5dd 0x2b0002 0x5dd 0x390002 0x0 oops 3 2 java/lang/String 8 java/lang/String 16 sun/misc/URLClassPath
ciMethod sun/nio/ch/Interruptible interrupt (Ljava/lang/Thread;)V 0 0 1 0 -1
ciMethodData sun/misc/Resource cachedInputStream ()Ljava/io/InputStream; 2 3246 orig 264 104 147 143 96 0 0 0 0 192 204 242 89 174 1 0 0 152 1 0 0 0 0 0 0 0 0 0 0 0 0 0 0 0 0 0 0 0 0 0 0 0 0 0 0 0 0 0 0 0 0 0 0 0 0 0 0 0 0 0 0 0 0 0 0 0 0 0 0 0 0 0 0 0 0 0 0 0 0 0 0 77 68 79 32 101 120 116 114 97 32 100 97 116 97 32 108 111 99 107 0 0 0 0 0 0 0 0 0 0 0 0 0 0 0 0 0 0 0 0 0 0 0 0 0 0 0 0 0 0 0 0 0 0 0 0 0 0 0 0 0 0 0 0 0 0 0 0 0 0 0 0 0 0 0 0 0 0 0 0 0 0 0 0 0 0 0 0 0 0 0 0 0 0 0 0 0 0 0 0 0 0 0 0 0 0 0 0 0 0 0 0 0 0 0 0 0 0 0 0 0 0 0 0 0 0 0 0 0 0 0 0 0 0 0 0 0 0 1 0 0 113 93 0 0 1 0 0 0 0 0 0 0 0 0 0 0 2 0 0 0 0 0 6 0 2 0 0 0 80 0 0 0 255 255 255 255 7 0 4 0 0 0 0 0 data 10 0x40007 0x5d7 0x50 0x5d7 0x90005 0x0 0x1ae78b9d9f0 0x5d7 0x0 0x0 oops 1 6 sun/misc/URLClassPath$JarLoader$2
ciMethodData java/util/ArrayList <init> ()V 2 3902 orig 264 104 147 143 96 0 0 0 0 232 12 220 89 174 1 0 0 48 1 0 0 0 0 0 0 0 0 0 0 0 0 0 0 0 0 0 0 0 0 0 0 0 0 0 0 0 0 0 0 0 0 0 0 0 0 0 0 0 0 0 0 0 0 0 0 0 0 0 0 0 0 0 0 0 0 0 0 0 0 0 0 77 68 79 32 101 120 116 114 97 32 100 97 116 97 32 108 111 99 107 0 0 0 0 0 0 0 0 0 0 0 0 0 0 0 0 0 0 0 0 0 0 0 0 0 0 0 0 0 0 0 0 0 0 0 0 0 0 0 0 0 0 0 0 0 0 0 0 0 0 0 0 0 0 0 0 0 0 0 0 0 0 0 0 0 0 0 0 0 0 0 0 0 0 0 0 0 0 0 0 0 0 0 0 0 0 0 0 0 0 0 0 0 0 0 0 0 0 0 0 0 0 0 0 0 0 0 0 0 0 0 0 0 0 0 0 0 111 0 0 0 121 118 0 0 1 0 0 0 0 0 0 0 0 0 0 0 2 0 0 0 0 0 3 0 2 0 0 0 16 0 0 0 255 255 255 255 2 0 1 0 0 0 0 0 data 2 0x10002 0xecf oops 0
ciMethodData sun/misc/URLClassPath ensureLoaderOpened (I)Z 1 0 orig 264 104 147 143 96 0 0 0 0 240 199 235 89 174 1 0 0 112 3 0 0 128 0 0 0 0 0 0 0 0 0 0 0 0 0 0 0 0 0 0 0 0 0 0 0 0 0 0 0 0 0 0 0 0 0 0 0 0 0 0 0 0 0 0 0 0 0 0 0 0 0 0 0 0 0 0 0 0 0 0 0 77 68 79 32 101 120 116 114 97 32 100 97 116 97 32 108 111 99 107 0 0 0 0 0 0 0 0 0 0 0 0 0 0 0 0 0 0 0 0 0 0 0 0 0 0 0 0 0 0 0 0 0 0 0 0 0 0 0 0 0 0 0 0 0 0 0 0 0 0 0 0 0 0 0 0 0 0 0 0 0 0 0 0 0 0 0 0 0 0 0 0 0 0 0 0 0 0 0 0 0 0 0 0 0 25 0 0 0 0 0 0 0 0 0 0 0 0 0 0 0 0 0 0 0 0 0 0 0 0 0 0 0 0 0 0 0 0 0 0 0 1 0 0 0 1 0 0 0 0 0 0 0 0 0 0 0 2 0 0 0 0 0 0 0 0 0 0 0 32 2 0 0 255 255 255 255 5 0 4 0 0 0 0 0 data 68 0x40005 0x0 0x0 0x0 0x0 0x0 0x80007 0x0 0x1f0 0x0 0xd0002 0x0 0x100007 0x0 0x20 0x0 0x180007 0x0 0x20 0x0 0x200007 0x0 0x180 0x0 0x2a0002 0x0 0x2f0005 0x0 0x0 0x0 0x0 0x0 0x360005 0x0 0x0 0x0 0x0 0x0 0x390005 0x0 0x0 0x0 0x0 0x0 0x3e0005 0x0 0x0 0x0 0x0 0x0 0x420005 0x0 0x0 0x0 0x0 0x0 0x450005 0x0 0x0 0x0 0x0 0x0 0x480005 0x0 0x0 0x0 0x0 0x0 oops 0
ciMethodData java/lang/ClassLoader getPackage (Ljava/lang/String;)Ljava/lang/Package; 2 2333 orig 264 104 147 143 96 0 0 0 0 96 109 208 89 174 1 0 0 96 3 0 0 224 1 0 0 0 0 0 0 0 0 0 0 0 0 0 0 0 0 0 0 0 0 0 0 0 0 0 0 0 0 0 0 0 0 0 0 0 0 0 0 0 0 0 0 0 0 0 0 0 0 0 0 0 0 0 0 0 0 0 0 77 68 79 32 101 120 116 114 97 32 100 97 116 97 32 108 111 99 107 0 0 0 0 0 0 0 0 0 0 0 0 0 0 0 0 0 0 0 0 0 0 0 0 0 0 0 0 0 0 0 0 0 0 0 0 0 0 0 0 0 0 0 0 0 0 0 0 0 0 0 0 0 0 0 0 0 0 0 0 0 0 0 0 0 0 0 0 0 0 0 0 0 0 0 0 0 0 0 0 0 0 0 0 0 0 0 0 0 0 0 0 0 0 0 0 0 0 0 0 0 0 0 0 0 0 0 0 0 0 0 0 0 0 0 0 0 0 1 0 0 233 64 0 0 1 0 0 0 0 0 0 0 0 0 0 0 2 0 0 0 0 0 23 0 2 0 0 0 16 2 0 0 255 255 255 255 5 0 12 0 0 0 0 0 data 66 0xc0005 0x0 0x1ae78091e90 0x81d 0x0 0x0 0xf0104 0x0 0x1ae789f4310 0x4eb 0x0 0x0 0x150003 0x81d 0x18 0x200007 0x4eb 0x198 0x332 0x270007 0x18a 0x68 0x1a8 0x2f0005 0x0 0x1ae75db64d0 0x18a 0x1ae75db6440 0x1e 0x330003 0x1a8 0x28 0x370002 0x18a 0x3c0007 0x330 0x100 0x2 0x4b0005 0x0 0x1ae78091e90 0x2 0x0 0x0 0x4e0104 0x0 0x0 0x0 0x0 0x0 0x550007 0x0 0x68 0x2 0x5e0005 0x0 0x1ae78091e90 0x2 0x0 0x0 0x620003 0x2 0x18 0x6a0003 0x2 0x18 oops 6 2 java/util/HashMap 8 java/lang/Package 25 sun/misc/Launcher$ExtClassLoader 27 sun/misc/Launcher$AppClassLoader 40 java/util/HashMap 56 java/util/HashMap
ciMethodData java/lang/Package getSystemPackage (Ljava/lang/String;)Ljava/lang/Package; 1 452 orig 264 104 147 143 96 0 0 0 0 88 100 243 89 174 1 0 0 104 2 0 0 0 0 0 0 0 0 0 0 0 0 0 0 0 0 0 0 0 0 0 0 0 0 0 0 0 0 0 0 0 0 0 0 0 0 0 0 0 0 0 0 0 0 0 0 0 0 0 0 0 0 0 0 0 0 0 0 0 0 0 0 77 68 79 32 101 120 116 114 97 32 100 97 116 97 32 108 111 99 107 0 0 0 0 0 0 0 0 0 0 0 0 0 0 0 0 0 0 0 0 0 0 0 0 0 0 0 0 0 0 0 0 0 0 0 0 0 0 0 0 0 0 0 0 0 0 0 0 0 0 0 0 0 0 0 0 0 0 0 0 0 0 0 0 0 0 0 0 0 0 0 0 0 0 0 0 0 0 0 0 0 0 0 0 0 0 0 0 0 0 0 0 0 0 0 0 0 0 0 0 0 0 0 0 0 0 0 0 0 0 0 0 0 0 0 0 0 58 0 0 0 81 12 0 0 1 0 0 0 0 0 0 0 0 0 0 0 2 0 0 0 0 0 12 0 2 0 0 0 32 1 0 0 255 255 255 255 5 0 10 0 0 0 0 0 data 36 0xa0005 0x0 0x1ae78091e90 0x18a 0x0 0x0 0xf0104 0x0 0x0 0x0 0x0 0x0 0x140007 0x0 0xc0 0x18a 0x1c0005 0x101 0x1ae4c818300 0x89 0x0 0x0 0x210005 0x101 0x1ae4c818300 0x89 0x0 0x0 0x260002 0x18a 0x2b0007 0x18a 0x30 0x0 0x300002 0x0 oops 3 2 java/util/HashMap 18 java/lang/String 24 java/lang/String
ciMethodData java/net/URLClassLoader access$100 (Ljava/net/URLClassLoader;Ljava/lang/String;Lsun/misc/Resource;)Ljava/lang/Class; 2 1623 orig 264 104 147 143 96 0 0 0 0 152 170 215 89 174 1 0 0 64 1 0 0 0 0 0 0 0 0 0 0 0 0 0 0 0 0 0 0 0 0 0 0 0 0 0 0 0 0 0 0 0 0 0 0 0 0 0 0 0 0 0 0 0 0 0 0 0 0 0 0 0 0 0 0 0 0 0 0 0 0 0 0 77 68 79 32 101 120 116 114 97 32 100 97 116 97 32 108 111 99 107 0 0 0 0 0 0 0 0 0 0 0 0 0 0 0 0 0 0 0 0 0 0 0 0 0 0 0 0 0 0 0 0 0 0 0 0 0 0 0 0 0 0 0 0 0 0 0 0 0 0 0 0 0 0 0 0 0 0 0 0 0 0 0 0 0 0 0 0 0 0 0 0 0 0 0 0 0 0 0 0 0 0 0 0 0 0 0 0 0 0 0 0 0 0 0 0 0 0 0 0 0 0 0 0 0 0 0 0 0 0 0 0 0 0 0 0 0 185 0 0 0 241 44 0 0 1 0 0 0 0 0 0 0 0 0 0 0 2 0 0 0 0 0 0 0 0 0 0 0 16 0 0 0 255 255 255 255 2 0 3 0 0 0 0 0 data 2 0x30002 0x59e oops 0
ciMethodData java/net/URLClassLoader defineClass (Ljava/lang/String;Lsun/misc/Resource;)Ljava/lang/Class; 2 1623 orig 264 104 147 143 96 0 0 0 0 56 162 215 89 174 1 0 0 56 4 0 0 208 1 0 0 0 0 0 0 0 0 0 0 0 0 0 0 0 0 0 0 0 0 0 0 0 0 0 0 0 0 0 0 0 0 0 0 0 0 0 0 0 0 0 0 0 0 0 0 0 0 0 0 0 0 0 0 0 0 0 0 77 68 79 32 101 120 116 114 97 32 100 97 116 97 32 108 111 99 107 0 0 0 0 0 0 0 0 0 0 0 0 0 0 0 0 0 0 0 0 0 0 0 0 0 0 0 0 0 0 0 0 0 0 0 0 0 0 0 0 0 0 0 0 0 0 0 0 0 0 0 0 0 0 0 0 0 0 0 0 0 0 0 0 0 0 0 0 0 0 0 0 0 0 0 0 0 0 0 0 0 0 0 0 0 0 0 0 0 0 0 0 0 0 0 0 0 0 0 0 0 0 0 0 0 0 0 0 0 0 0 0 0 0 0 0 0 185 0 0 0 241 44 0 0 1 0 0 0 0 0 0 0 0 0 0 0 2 0 0 0 0 0 20 0 2 0 0 0 224 2 0 0 255 255 255 255 2 0 0 0 0 0 0 0 data 92 0x2 0x59e 0x70005 0x83 0x1ae4c818300 0x51b 0x0 0x0 0xd0005 0x0 0x1ae78b9d9f0 0x59e 0x0 0x0 0x150007 0x0 0x90 0x59e 0x1c0005 0x83 0x1ae4c818300 0x51b 0x0 0x0 0x220005 0x0 0x1ae78b9d9f0 0x59e 0x0 0x0 0x2e0002 0x59e 0x320005 0x0 0x1ae78b9d9f0 0x59e 0x0 0x0 0x390007 0x59e 0xd0 0x0 0x3d0005 0x0 0x0 0x0 0x0 0x0 0x4a0002 0x0 0x4f0002 0x0 0x530005 0x0 0x0 0x0 0x0 0x0 0x5c0005 0x0 0x0 0x0 0x0 0x0 0x610005 0x0 0x1ae78b9d9f0 0x59e 0x0 0x0 0x670005 0x0 0x1ae78b9d9f0 0x59e 0x0 0x0 0x740002 0x59e 0x790002 0x59e 0x7d0005 0x0 0x1ae78ba0e30 0x59e 0x0 0x0 0x8a0005 0x83 0x1ae75db6440 0x4d4 0x1ae75db6200 0x47 oops 10 4 java/lang/String 10 sun/misc/URLClassPath$JarLoader$2 20 java/lang/String 26 sun/misc/URLClassPath$JarLoader$2 34 sun/misc/URLClassPath$JarLoader$2 66 sun/misc/URLClassPath$JarLoader$2 72 sun/misc/URLClassPath$JarLoader$2 82 sun/misc/PerfCounter 88 sun/misc/Launcher$AppClassLoader 90 java/net/URLClassLoader
ciMethodData java/util/jar/Manifest getAttributes (Ljava/lang/String;)Ljava/util/jar/Attributes; 2 3998 orig 264 104 147 143 96 0 0 0 0 224 246 215 89 174 1 0 0 224 1 0 0 0 0 0 0 0 0 0 0 0 0 0 0 0 0 0 0 0 0 0 0 0 0 0 0 0 0 0 0 0 0 0 0 0 0 0 0 0 0 0 0 0 0 0 0 0 0 0 0 0 0 0 0 0 0 0 0 0 0 0 0 77 68 79 32 101 120 116 114 97 32 100 97 116 97 32 108 111 99 107 0 0 0 0 0 0 0 0 0 0 0 0 0 0 0 0 0 0 0 0 0 0 0 0 0 0 0 0 0 0 0 0 0 0 0 0 0 0 0 0 0 0 0 0 0 0 0 0 0 0 0 0 0 0 0 0 0 0 0 0 0 0 0 0 0 0 0 0 0 0 0 0 0 0 0 0 0 0 0 0 0 0 0 0 0 0 0 0 0 0 0 0 0 0 0 0 0 0 0 0 0 0 0 0 0 0 0 0 0 0 0 0 0 0 0 0 0 0 1 0 0 241 116 0 0 1 0 0 0 0 0 0 0 0 0 0 0 2 0 0 0 0 0 3 0 2 0 0 0 144 0 0 0 255 255 255 255 5 0 1 0 0 0 0 0 data 18 0x10005 0x0 0x1ae75db6320 0xe9e 0x0 0x0 0x50005 0x0 0x1ae78091e90 0xe9e 0x0 0x0 0xa0104 0x0 0x1ae78cb9df0 0x2b 0x0 0x0 oops 3 2 java/util/jar/Manifest 8 java/util/HashMap 14 java/util/jar/Attributes
ciMethodData java/lang/Thread interrupted ()Z 2 1758 orig 264 104 147 143 96 0 0 0 0 208 234 209 89 174 1 0 0 96 1 0 0 0 0 0 0 0 0 0 0 0 0 0 0 0 0 0 0 0 0 0 0 0 0 0 0 0 0 0 0 0 0 0 0 0 0 0 0 0 0 0 0 0 0 0 0 0 0 0 0 0 0 0 0 0 0 0 0 0 0 0 0 77 68 79 32 101 120 116 114 97 32 100 97 116 97 32 108 111 99 107 0 0 0 0 0 0 0 0 0 0 0 0 0 0 0 0 0 0 0 0 0 0 0 0 0 0 0 0 0 0 0 0 0 0 0 0 0 0 0 0 0 0 0 0 0 0 0 0 0 0 0 0 0 0 0 0 0 0 0 0 0 0 0 0 0 0 0 0 0 0 0 0 0 0 0 0 0 0 0 0 0 0 0 0 0 0 0 0 0 0 0 0 0 0 0 0 0 0 0 0 0 0 0 0 0 0 0 0 0 0 0 0 0 0 0 0 0 0 1 0 0 241 46 0 0 1 0 0 0 0 0 0 0 0 0 0 0 2 0 0 0 0 0 3 0 2 0 0 0 32 0 0 0 255 255 255 255 2 0 0 0 0 0 0 0 data 4 0x2 0x5de 0x40002 0x5de oops 0
ciMethodData sun/misc/ASCIICaseInsensitiveComparator compare (Ljava/lang/String;Ljava/lang/String;)I 2 12704 orig 264 104 147 143 96 0 0 0 0 184 53 243 89 174 1 0 0 88 3 0 0 128 0 0 0 0 0 0 0 0 0 0 0 0 0 0 0 0 0 0 0 0 0 0 0 0 0 0 0 0 0 0 0 0 0 0 0 0 0 0 0 0 0 0 0 0 0 0 0 0 0 0 0 0 0 0 0 0 0 0 0 77 68 79 32 101 120 116 114 97 32 100 97 116 97 32 108 111 99 107 0 0 0 0 0 0 0 0 0 0 0 0 0 0 0 0 0 0 0 0 0 0 0 0 0 0 0 0 0 0 0 0 0 0 0 0 0 0 0 0 0 0 0 0 0 0 0 0 0 0 0 0 0 0 0 0 0 0 0 0 0 0 0 0 0 0 0 0 0 0 0 0 0 0 0 0 0 0 0 0 0 0 0 0 0 25 0 0 0 0 0 0 0 1 0 0 0 0 0 0 0 7 0 0 0 0 0 0 0 0 0 0 0 0 0 0 0 100 8 0 0 33 18 0 0 225 73 1 0 0 0 0 0 0 0 0 0 2 0 0 0 1 0 43 0 2 0 0 0 0 2 0 0 255 255 255 255 5 0 1 0 0 0 0 0 data 64 0x10005 0x0 0x1ae4c818300 0x244 0x0 0x0 0x60005 0x0 0x1ae4c818300 0x244 0x0 0x0 0xe0007 0x244 0x38 0x0 0x120003 0x0 0x18 0x200007 0x244 0x168 0x293c 0x260005 0x0 0x1ae4c818300 0x293c 0x0 0x0 0x2e0005 0x0 0x1ae4c818300 0x293c 0x0 0x0 0x360007 0x293c 0x70 0x0 0x3d0007 0x0 0x40 0x0 0x440007 0x0 0x30 0x0 0x4b0002 0x0 0x530007 0x293c 0x60 0x0 0x580002 0x0 0x600002 0x0 0x6a0007 0x0 0x20 0x0 0x760003 0x293c 0xfffffffffffffeb0 oops 4 2 java/lang/String 8 java/lang/String 25 java/lang/String 31 java/lang/String
ciMethodData sun/misc/URLClassPath$JarLoader$2 getCodeSourceURL ()Ljava/net/URL; 2 1623 orig 264 104 147 143 96 0 0 0 0 8 193 242 89 174 1 0 0 88 1 0 0 0 0 0 0 0 0 0 0 0 0 0 0 0 0 0 0 0 0 0 0 0 0 0 0 0 0 0 0 0 0 0 0 0 0 0 0 0 0 0 0 0 0 0 0 0 0 0 0 0 0 0 0 0 0 0 0 0 0 0 0 77 68 79 32 101 120 116 114 97 32 100 97 116 97 32 108 111 99 107 0 0 0 0 0 0 0 0 0 0 0 0 0 0 0 0 0 0 0 0 0 0 0 0 0 0 0 0 0 0 0 0 0 0 0 0 0 0 0 0 0 0 0 0 0 0 0 0 0 0 0 0 0 0 0 0 0 0 0 0 0 0 0 0 0 0 0 0 0 0 0 0 0 0 0 0 0 0 0 0 0 0 0 0 0 0 0 0 0 0 0 0 0 0 0 0 0 0 0 0 0 0 0 0 0 0 0 0 0 0 0 0 0 0 0 0 0 0 1 0 0 185 42 0 0 1 0 0 0 0 0 0 0 0 0 0 0 2 0 0 0 0 0 3 0 2 0 0 0 16 0 0 0 255 255 255 255 2 0 4 0 0 0 0 0 data 2 0x40002 0x557 oops 0
ciMethodData java/net/URL equals (Ljava/lang/Object;)Z 2 1551 orig 264 104 147 143 96 0 0 0 0 224 212 215 89 174 1 0 0 0 2 0 0 48 0 0 0 0 0 0 0 0 0 0 0 0 0 0 0 0 0 0 0 0 0 0 0 0 0 0 0 0 0 0 0 0 0 0 0 0 0 0 0 0 0 0 0 0 0 0 0 0 0 0 0 0 0 0 0 0 0 0 0 77 68 79 32 101 120 116 114 97 32 100 97 116 97 32 108 111 99 107 0 0 0 0 0 0 0 0 0 0 0 0 0 0 0 0 0 0 0 0 0 0 0 0 0 0 0 0 0 0 0 0 0 0 0 0 0 0 0 0 0 0 0 0 0 0 0 0 0 0 0 0 0 0 0 0 0 0 0 0 0 0 0 0 0 0 0 0 0 0 0 0 0 0 0 0 0 0 0 0 0 0 0 0 0 0 0 0 0 0 0 0 0 0 0 0 0 0 0 0 0 0 0 0 0 0 0 0 0 0 0 0 0 0 0 0 0 0 1 0 0 121 40 0 0 1 0 0 0 0 0 0 0 0 0 0 0 2 0 0 0 0 0 5 0 2 0 0 0 176 0 0 0 255 255 255 255 4 0 1 0 0 0 0 0 data 22 0x10004 0x0 0x1ae75db6290 0x50f 0x0 0x0 0x40007 0x50f 0x20 0x0 0xa0004 0x0 0x0 0x0 0x0 0x0 0x140005 0x0 0x1ae78d917d0 0x50f 0x0 0x0 oops 2 2 java/net/URL 18 sun/net/www/protocol/file/Handler
ciMethodData java/net/URLStreamHandler equals (Ljava/net/URL;Ljava/net/URL;)Z 2 1551 orig 264 104 147 143 96 0 0 0 0 184 78 235 89 174 1 0 0 176 2 0 0 208 0 0 0 0 0 0 0 0 0 0 0 0 0 0 0 0 0 0 0 0 0 0 0 0 0 0 0 0 0 0 0 0 0 0 0 0 0 0 0 0 0 0 0 0 0 0 0 0 0 0 0 0 0 0 0 0 0 0 0 77 68 79 32 101 120 116 114 97 32 100 97 116 97 32 108 111 99 107 0 0 0 0 0 0 0 0 0 0 0 0 0 0 0 0 0 0 0 0 0 0 0 0 0 0 0 0 0 0 0 0 0 0 0 0 0 0 0 0 0 0 0 0 0 0 0 0 0 0 0 0 0 0 0 0 0 0 0 0 0 0 0 0 0 0 0 0 0 0 0 0 0 0 0 0 0 0 0 0 0 0 0 0 0 0 0 0 0 0 0 0 0 0 0 0 0 0 0 0 0 0 0 0 0 0 0 0 0 0 0 0 0 0 0 0 0 0 1 0 0 121 40 0 0 1 0 0 0 0 0 0 0 0 0 0 0 2 0 0 0 0 0 14 0 2 0 0 0 88 1 0 0 255 255 255 255 5 0 1 0 0 0 0 0 data 43 0x10005 0x81 0x1ae75db6290 0x48e 0x0 0x0 0x60005 0x81 0x1ae75db6290 0x48e 0x0 0x0 0xe0007 0x50f 0x90 0x0 0x120007 0x0 0xd8 0x0 0x180005 0x0 0x0 0x0 0x0 0x0 0x1b0007 0x0 0x88 0x0 0x210005 0x0 0x1ae78d917d0 0x50f 0x0 0x0 0x240007 0x0 0x38 0x50f 0x280003 0x50f 0x18 oops 3 2 java/net/URL 8 java/net/URL 32 sun/net/www/protocol/file/Handler
ciMethodData java/lang/Package isSealed ()Z 2 1397 orig 264 104 147 143 96 0 0 0 0 88 85 243 89 174 1 0 0 88 1 0 0 0 0 0 0 0 0 0 0 0 0 0 0 0 0 0 0 0 0 0 0 0 0 0 0 0 0 0 0 0 0 0 0 0 0 0 0 0 0 0 0 0 0 0 0 0 0 0 0 0 0 0 0 0 0 0 0 0 0 0 0 77 68 79 32 101 120 116 114 97 32 100 97 116 97 32 108 111 99 107 0 0 0 0 0 0 0 0 0 0 0 0 0 0 0 0 0 0 0 0 0 0 0 0 0 0 0 0 0 0 0 0 0 0 0 0 0 0 0 0 0 0 0 0 0 0 0 0 0 0 0 0 0 0 0 0 0 0 0 0 0 0 0 0 0 0 0 0 0 0 0 0 0 0 0 0 0 0 0 0 0 0 0 0 0 0 0 0 0 0 0 0 0 0 0 0 0 0 0 0 0 0 0 0 0 0 0 0 0 0 0 0 0 0 0 0 0 5 1 0 0 129 35 0 0 1 0 0 0 0 0 0 0 0 0 0 0 2 0 0 0 0 0 6 0 2 0 0 0 56 0 0 0 255 255 255 255 7 0 4 0 0 0 0 0 data 7 0x40007 0x470 0x38 0x0 0x80003 0x0 0x18 oops 0
ciMethodData java/net/URLClassLoader isSealed (Ljava/lang/String;Ljava/util/jar/Manifest;)Z 2 1397 orig 264 104 147 143 96 0 0 0 0 224 164 215 89 174 1 0 0 24 3 0 0 96 1 0 0 0 0 0 0 0 0 0 0 0 0 0 0 0 0 0 0 0 0 0 0 0 0 0 0 0 0 0 0 0 0 0 0 0 0 0 0 0 0 0 0 0 0 0 0 0 0 0 0 0 0 0 0 0 0 0 0 77 68 79 32 101 120 116 114 97 32 100 97 116 97 32 108 111 99 107 0 0 0 0 0 0 0 0 0 0 0 0 0 0 0 0 0 0 0 0 0 0 0 0 0 0 0 0 0 0 0 0 0 0 0 0 0 0 0 0 0 0 0 0 0 0 0 0 0 0 0 0 0 0 0 0 0 0 0 0 0 0 0 0 0 0 0 0 0 0 0 0 0 0 0 0 0 0 0 0 0 0 0 0 0 0 0 0 0 0 0 0 0 0 0 0 0 0 0 0 0 0 0 0 0 0 0 0 0 0 0 0 0 0 0 0 0 6 1 0 0 121 35 0 0 1 0 0 0 0 0 0 0 0 0 0 0 2 0 0 0 0 0 15 0 2 0 0 0 192 1 0 0 255 255 255 255 2 0 0 0 0 0 0 0 data 56 0x2 0x46f 0x90005 0x1 0x1ae4c818300 0x46e 0x0 0x0 0xe0005 0x1 0x1ae4c818300 0x46e 0x0 0x0 0x110005 0x0 0x1ae7e07ffb0 0x46f 0x0 0x0 0x1b0007 0x446 0x50 0x29 0x220005 0x0 0x1ae78cb9df0 0x29 0x0 0x0 0x290007 0x0 0xa0 0x46f 0x2d0005 0x0 0x1ae75db6320 0x46f 0x0 0x0 0x320007 0x0 0x50 0x46f 0x390005 0x0 0x1ae78cb9df0 0x46f 0x0 0x0 0x420005 0x1 0x1ae4c818300 0x46e 0x0 0x0 oops 7 4 java/lang/String 10 java/lang/String 16 java/util/jar/JavaUtilJarAccessImpl 26 java/util/jar/Attributes 36 java/util/jar/Manifest 46 java/util/jar/Attributes 52 java/lang/String
ciMethodData java/util/jar/JavaUtilJarAccessImpl getTrustedAttributes (Ljava/util/jar/Manifest;Ljava/lang/String;)Ljava/util/jar/Attributes; 2 1623 orig 264 104 147 143 96 0 0 0 0 240 86 240 89 174 1 0 0 136 1 0 0 0 0 0 0 0 0 0 0 0 0 0 0 0 0 0 0 0 0 0 0 0 0 0 0 0 0 0 0 0 0 0 0 0 0 0 0 0 0 0 0 0 0 0 0 0 0 0 0 0 0 0 0 0 0 0 0 0 0 0 0 77 68 79 32 101 120 116 114 97 32 100 97 116 97 32 108 111 99 107 0 0 0 0 0 0 0 0 0 0 0 0 0 0 0 0 0 0 0 0 0 0 0 0 0 0 0 0 0 0 0 0 0 0 0 0 0 0 0 0 0 0 0 0 0 0 0 0 0 0 0 0 0 0 0 0 0 0 0 0 0 0 0 0 0 0 0 0 0 0 0 0 0 0 0 0 0 0 0 0 0 0 0 0 0 0 0 0 0 0 0 0 0 0 0 0 0 0 0 0 0 0 0 0 0 0 0 0 0 0 0 0 0 0 0 0 0 57 1 0 0 241 40 0 0 1 0 0 0 0 0 0 0 0 0 0 0 2 0 0 0 0 0 3 0 2 0 0 0 48 0 0 0 255 255 255 255 5 0 2 0 0 0 0 0 data 6 0x20005 0x0 0x1ae75db6320 0x51e 0x0 0x0 oops 1 2 java/util/jar/Manifest
ciMethodData java/util/jar/Manifest getTrustedAttributes (Ljava/lang/String;)Ljava/util/jar/Attributes; 2 1623 orig 264 104 147 143 96 0 0 0 0 176 247 215 89 174 1 0 0 192 2 0 0 0 0 0 0 0 0 0 0 0 0 0 0 0 0 0 0 0 0 0 0 0 0 0 0 0 0 0 0 0 0 0 0 0 0 0 0 0 0 0 0 0 0 0 0 0 0 0 0 0 0 0 0 0 0 0 0 0 0 0 0 77 68 79 32 101 120 116 114 97 32 100 97 116 97 32 108 111 99 107 0 0 0 0 0 0 0 0 0 0 0 0 0 0 0 0 0 0 0 0 0 0 0 0 0 0 0 0 0 0 0 0 0 0 0 0 0 0 0 0 0 0 0 0 0 0 0 0 0 0 0 0 0 0 0 0 0 0 0 0 0 0 0 0 0 0 0 0 0 0 0 0 0 0 0 0 0 0 0 0 0 0 0 0 0 0 0 0 0 0 0 0 0 0 0 0 0 0 0 0 0 0 0 0 0 0 0 0 0 0 0 0 0 0 0 0 0 57 1 0 0 241 40 0 0 1 0 0 0 0 0 0 0 0 0 0 0 2 0 0 0 0 0 10 0 2 0 0 0 112 1 0 0 255 255 255 255 5 0 2 0 0 0 0 0 data 46 0x20005 0x0 0x1ae75db6320 0x51e 0x0 0x0 0x70007 0x4f3 0x140 0x2b 0xe0007 0x2b 0x120 0x0 0x160005 0x0 0x0 0x0 0x0 0x0 0x190007 0x0 0xd0 0x0 0x240002 0x0 0x290005 0x0 0x0 0x0 0x0 0x0 0x2d0005 0x0 0x0 0x0 0x0 0x0 0x300005 0x0 0x0 0x0 0x0 0x0 0x330002 0x0 oops 1 2 java/util/jar/Manifest
ciMethodData java/net/URLClassLoader definePackageInternal (Ljava/lang/String;Ljava/util/jar/Manifest;Ljava/net/URL;)V 2 1623 orig 264 104 147 143 96 0 0 0 0 0 161 215 89 174 1 0 0 32 3 0 0 200 0 0 0 0 0 0 0 0 0 0 0 0 0 0 0 0 0 0 0 0 0 0 0 0 0 0 0 0 0 0 0 0 0 0 0 0 0 0 0 0 0 0 0 0 0 0 0 0 0 0 0 0 0 0 0 0 0 0 0 77 68 79 32 101 120 116 114 97 32 100 97 116 97 32 108 111 99 107 0 0 0 0 0 0 0 0 0 0 0 0 0 0 0 0 0 0 0 0 0 0 0 0 0 0 0 0 0 0 0 0 0 0 0 0 0 0 0 0 0 0 0 0 0 0 0 0 0 0 0 0 0 0 0 0 0 0 0 0 0 0 0 0 0 0 0 0 0 0 0 0 0 0 0 0 0 0 0 0 0 0 0 0 0 0 0 0 0 0 0 0 0 0 0 0 0 0 0 0 0 0 0 0 0 0 0 0 0 0 0 0 0 0 0 0 0 58 1 0 0 233 40 0 0 1 0 0 0 0 0 0 0 0 0 0 0 2 0 0 0 0 0 12 0 2 0 0 0 192 1 0 0 255 255 255 255 2 0 4 0 0 0 0 0 data 56 0x40002 0x51d 0x70007 0x46e 0x1b0 0xaf 0xb0007 0x0 0x68 0xaf 0x120005 0x0 0x1ae75db6440 0xa1 0x1ae75db6200 0xe 0x160003 0xaf 0x48 0x220005 0x0 0x0 0x0 0x0 0x0 0x260003 0xaf 0xf8 0x2f0002 0x0 0x320007 0x0 0xd0 0x0 0x3d0002 0x0 0x420005 0x0 0x0 0x0 0x0 0x0 0x460005 0x0 0x0 0x0 0x0 0x0 0x490005 0x0 0x0 0x0 0x0 0x0 0x4c0002 0x0 oops 2 12 sun/misc/Launcher$AppClassLoader 14 java/net/URLClassLoader
ciMethodData sun/misc/Resource getByteBuffer ()Ljava/nio/ByteBuffer; 2 1623 orig 264 104 147 143 96 0 0 0 0 112 207 242 89 174 1 0 0 8 2 0 0 0 0 0 0 0 0 0 0 0 0 0 0 0 0 0 0 0 0 0 0 0 0 0 0 0 0 0 0 0 0 0 0 0 0 0 0 0 0 0 0 0 0 0 0 0 0 0 0 0 0 0 0 0 0 0 0 0 0 0 0 77 68 79 32 101 120 116 114 97 32 100 97 116 97 32 108 111 99 107 0 0 0 0 0 0 0 0 0 0 0 0 0 0 0 0 0 0 0 0 0 0 0 0 0 0 0 0 0 0 0 0 0 0 0 0 0 0 0 0 0 0 0 0 0 0 0 0 0 0 0 0 0 0 0 0 0 0 0 0 0 0 0 0 0 0 0 0 0 0 0 0 0 0 0 0 0 0 0 0 0 0 0 0 0 0 0 0 0 0 0 0 0 0 0 0 0 0 0 0 0 0 0 0 0 0 0 0 0 0 0 0 0 0 0 0 0 58 1 0 0 233 40 0 0 1 0 0 0 0 0 0 0 0 0 0 0 2 0 0 0 0 0 0 0 0 0 0 0 192 0 0 0 255 255 255 255 2 0 1 0 0 0 0 0 data 24 0x10002 0x51d 0x60004 0xfffffffffffffae3 0x1ae78dbe080 0x2 0x0 0x0 0x90007 0x51d 0x80 0x0 0xd0004 0x0 0x0 0x0 0x0 0x0 0x100005 0x0 0x0 0x0 0x0 0x0 oops 1 4 java/util/zip/ZipFile$ZipFileInflaterInputStream
ciMethodData java/security/CodeSource <init> (Ljava/net/URL;[Ljava/security/CodeSigner;)V 2 1623 orig 264 104 147 143 96 0 0 0 0 104 64 216 89 174 1 0 0 232 1 0 0 0 0 0 0 0 0 0 0 0 0 0 0 0 0 0 0 0 0 0 0 0 0 0 0 0 0 0 0 0 0 0 0 0 0 0 0 0 0 0 0 0 0 0 0 0 0 0 0 0 0 0 0 0 0 0 0 0 0 0 0 77 68 79 32 101 120 116 114 97 32 100 97 116 97 32 108 111 99 107 0 0 0 0 0 0 0 0 0 0 0 0 0 0 0 0 0 0 0 0 0 0 0 0 0 0 0 0 0 0 0 0 0 0 0 0 0 0 0 0 0 0 0 0 0 0 0 0 0 0 0 0 0 0 0 0 0 0 0 0 0 0 0 0 0 0 0 0 0 0 0 0 0 0 0 0 0 0 0 0 0 0 0 0 0 0 0 0 0 0 0 0 0 0 0 0 0 0 0 0 0 0 0 0 0 0 0 0 0 0 0 0 0 0 0 0 0 58 1 0 0 233 40 0 0 1 0 0 0 0 0 0 0 0 0 0 0 2 0 0 0 0 0 6 0 2 0 0 0 144 0 0 0 255 255 255 255 2 0 1 0 0 0 0 0 data 18 0x10002 0x51d 0x190007 0x51d 0x80 0x0 0x1e0005 0x0 0x0 0x0 0x0 0x0 0x210004 0x0 0x0 0x0 0x0 0x0 oops 0
ciMethodData sun/misc/PerfCounter getReadClassBytesTime ()Lsun/misc/PerfCounter; 2 1623 orig 264 104 147 143 96 0 0 0 0 88 1 241 89 174 1 0 0 24 1 0 0 0 0 0 0 0 0 0 0 0 0 0 0 0 0 0 0 0 0 0 0 0 0 0 0 0 0 0 0 0 0 0 0 0 0 0 0 0 0 0 0 0 0 0 0 0 0 0 0 0 0 0 0 0 0 0 0 0 0 0 0 77 68 79 32 101 120 116 114 97 32 100 97 116 97 32 108 111 99 107 0 0 0 0 0 0 0 0 0 0 0 0 0 0 0 0 0 0 0 0 0 0 0 0 0 0 0 0 0 0 0 0 0 0 0 0 0 0 0 0 0 0 0 0 0 0 0 0 0 0 0 0 0 0 0 0 0 0 0 0 0 0 0 0 0 0 0 0 0 0 0 0 0 0 0 0 0 0 0 0 0 0 0 0 0 0 0 0 0 0 0 0 0 0 0 0 0 0 0 0 0 0 0 0 0 0 0 0 0 0 0 0 0 0 0 0 0 58 1 0 0 233 40 0 0 1 0 0 0 0 0 0 0 0 0 0 0 2 0 0 0 0 0 0 0 0 0 0 0 0 0 0 0 255 255 255 255 0 0 0 0 0 0 0 0 data 0 oops 0
ciMethodData java/security/SecureClassLoader getProtectionDomain (Ljava/security/CodeSource;)Ljava/security/ProtectionDomain; 2 1623 orig 264 104 147 143 96 0 0 0 0 184 92 209 89 174 1 0 0 152 3 0 0 0 2 0 0 0 0 0 0 0 0 0 0 0 0 0 0 0 0 0 0 0 0 0 0 0 0 0 0 0 0 0 0 0 0 0 0 0 0 0 0 0 0 0 0 0 0 0 0 0 0 0 0 0 0 0 0 0 0 0 0 77 68 79 32 101 120 116 114 97 32 100 97 116 97 32 108 111 99 107 0 0 0 0 0 0 0 0 0 0 0 0 0 0 0 0 0 0 0 0 0 0 0 0 0 0 0 0 0 0 0 0 0 0 0 0 0 0 0 0 0 0 0 0 0 0 0 0 0 0 0 0 0 0 0 0 0 0 0 0 0 0 0 0 0 0 0 0 0 0 0 0 0 0 0 0 0 0 0 0 0 0 0 0 0 0 0 0 0 0 0 0 0 0 0 0 0 0 0 0 0 0 0 0 0 0 0 0 0 0 0 0 0 0 0 0 0 58 1 0 0 233 40 0 0 1 0 0 0 0 0 0 0 0 0 0 0 2 0 0 0 0 0 13 0 2 0 0 0 72 2 0 0 255 255 255 255 7 0 1 0 0 0 0 0 data 73 0x10007 0x51d 0x20 0x0 0x140005 0x0 0x1ae78091e90 0x51d 0x0 0x0 0x170104 0x0 0x1ae4c8189c0 0x4e1 0x0 0x0 0x1c0007 0x4e1 0x1b0 0x3c 0x210005 0x0 0x1ae75db6440 0x32 0x1ae75db6200 0xa 0x2f0002 0x3c 0x390005 0x0 0x1ae78091e90 0x3c 0x0 0x0 0x400007 0x3c 0x120 0x0 0x4a0002 0x0 0x4f0005 0x0 0x0 0x0 0x0 0x0 0x530005 0x0 0x0 0x0 0x0 0x0 0x560005 0x0 0x0 0x0 0x0 0x0 0x590005 0x0 0x0 0x0 0x0 0x0 0x610005 0x0 0x0 0x0 0x0 0x0 0x660003 0x51d 0x18 oops 5 6 java/util/HashMap 12 java/security/ProtectionDomain 22 sun/misc/Launcher$AppClassLoader 24 java/net/URLClassLoader 30 java/util/HashMap
ciMethodData sun/misc/Resource getBytes ()[B 2 3588 orig 264 104 147 143 96 0 0 0 0 192 206 242 89 174 1 0 0 48 5 0 0 112 3 0 0 0 0 0 0 0 0 0 0 0 0 0 0 0 0 0 0 0 0 0 0 0 0 0 0 0 0 0 0 0 0 0 0 0 0 0 0 0 0 0 0 0 0 0 0 0 0 0 0 0 0 0 0 0 0 0 0 77 68 79 32 101 120 116 114 97 32 100 97 116 97 32 108 111 99 107 0 0 0 0 0 0 0 0 0 0 0 0 0 0 0 0 0 0 0 0 0 0 0 0 0 0 0 0 0 0 0 0 0 0 0 0 0 0 0 0 0 0 0 0 0 0 0 0 0 0 0 0 0 0 0 0 0 0 0 0 0 0 0 0 0 0 0 0 0 0 0 0 0 0 0 0 0 0 0 0 0 0 0 0 0 0 0 0 0 0 0 0 0 0 0 0 0 0 0 0 0 0 0 0 0 0 0 0 0 0 0 0 0 0 0 0 0 169 2 0 0 233 40 0 0 217 90 0 0 0 0 0 0 0 0 0 0 2 0 0 0 2 0 64 0 2 0 0 0 232 3 0 0 255 255 255 255 2 0 1 0 0 0 0 0 data 125 0x10002 0x51d 0x50002 0x51d 0xa0005 0x0 0x1ae78b9d9f0 0x51d 0x0 0x0 0xf0003 0x51d 0x40 0x140002 0x0 0x1a0003 0x0 0xffffffffffffffa8 0x240007 0x51d 0x20 0x0 0x320007 0x51d 0x1a0 0xb5b 0x390007 0x26 0x78 0xb35 0x470002 0xb35 0x530007 0x0 0x48 0xb35 0x5c0002 0xb35 0x600003 0xb35 0x18 0x730005 0x0 0x1ae78dbe080 0xb5b 0x0 0x0 0x780003 0xb5b 0x28 0x7d0002 0x0 0x850007 0xb5b 0x98 0x0 0x8c0007 0x0 0x30 0x0 0x950002 0x0 0x9d0007 0x0 0x60 0x0 0xa30002 0x0 0xa70003 0x0 0x30 0xb10003 0xb5b 0xfffffffffffffe78 0xb50005 0x0 0x1ae78dbe080 0x51d 0x0 0x0 0xb80003 0x51d 0x30 0xbf0003 0x0 0x18 0xc50007 0x51d 0x138 0x0 0xc80002 0x0 0xcb0005 0x0 0x0 0x0 0x0 0x0 0xce0003 0x0 0xd8 0xd40005 0x0 0x0 0x0 0x0 0x0 0xd70003 0x0 0x30 0xde0003 0x0 0x18 0xe40007 0x0 0x60 0x0 0xe70002 0x0 0xea0005 0x0 0x0 0x0 0x0 0x0 oops 3 6 sun/misc/URLClassPath$JarLoader$2 43 java/util/zip/ZipFile$ZipFileInflaterInputStream 76 java/util/zip/ZipFile$ZipFileInflaterInputStream
ciMethodData java/security/SecureClassLoader defineClass (Ljava/lang/String;[BIILjava/security/CodeSource;)Ljava/lang/Class; 2 1623 orig 264 104 147 143 96 0 0 0 0 88 90 209 89 174 1 0 0 176 1 0 0 0 0 0 0 0 0 0 0 0 0 0 0 0 0 0 0 0 0 0 0 0 0 0 0 0 0 0 0 0 0 0 0 0 0 0 0 0 0 0 0 0 0 0 0 0 0 0 0 0 0 0 0 0 0 0 0 0 0 0 0 77 68 79 32 101 120 116 114 97 32 100 97 116 97 32 108 111 99 107 0 0 0 0 0 0 0 0 0 0 0 0 0 0 0 0 0 0 0 0 0 0 0 0 0 0 0 0 0 0 0 0 0 0 0 0 0 0 0 0 0 0 0 0 0 0 0 0 0 0 0 0 0 0 0 0 0 0 0 0 0 0 0 0 0 0 0 0 0 0 0 0 0 0 0 0 0 0 0 0 0 0 0 0 0 0 0 0 0 0 0 0 0 0 0 0 0 0 0 0 0 0 0 0 0 0 0 0 0 0 0 0 0 0 0 0 0 58 1 0 0 233 40 0 0 1 0 0 0 0 0 0 0 0 0 0 0 2 0 0 0 0 0 0 0 0 0 0 0 64 0 0 0 255 255 255 255 2 0 9 0 0 0 0 0 data 8 0x90002 0x51d 0xc0005 0x2 0x1ae75db6440 0x4d4 0x1ae75db6200 0x47 oops 2 4 sun/misc/Launcher$AppClassLoader 6 java/net/URLClassLoader
ciMethodData java/lang/ClassLoader defineClass (Ljava/lang/String;[BIILjava/security/ProtectionDomain;)Ljava/lang/Class; 2 1623 orig 264 104 147 143 96 0 0 0 0 16 82 208 89 174 1 0 0 136 1 0 0 0 0 0 0 0 0 0 0 0 0 0 0 0 0 0 0 0 0 0 0 0 0 0 0 0 0 0 0 0 0 0 0 0 0 0 0 0 0 0 0 0 0 0 0 0 0 0 0 0 0 0 0 0 0 0 0 0 0 0 0 77 68 79 32 101 120 116 114 97 32 100 97 116 97 32 108 111 99 107 0 0 0 0 0 0 0 0 0 0 0 0 0 0 0 0 0 0 0 0 0 0 0 0 0 0 0 0 0 0 0 0 0 0 0 0 0 0 0 0 0 0 0 0 0 0 0 0 0 0 0 0 0 0 0 0 0 0 0 0 0 0 0 0 0 0 0 0 0 0 0 0 0 0 0 0 0 0 0 0 0 0 0 0 0 0 0 0 0 0 0 0 0 0 0 0 0 0 0 0 0 0 0 0 0 0 0 0 0 0 0 0 0 0 0 0 0 58 1 0 0 233 40 0 0 1 0 0 0 0 0 0 0 0 0 0 0 2 0 0 0 0 0 15 0 2 0 0 0 64 0 0 0 255 255 255 255 2 0 4 0 0 0 0 0 data 8 0x40002 0x51d 0xc0002 0x51d 0x1b0002 0x51d 0x250002 0x51d oops 0
ciMethodData java/util/jar/JarFile initializeVerifier ()V 1 13 orig 264 104 147 143 96 0 0 0 0 200 41 240 89 174 1 0 0 184 5 0 0 160 3 0 0 0 0 0 0 0 0 0 0 0 0 0 0 0 0 0 0 0 0 0 0 0 0 0 0 0 0 0 0 0 0 0 0 0 0 0 0 0 0 0 0 0 0 0 0 0 0 0 0 0 0 0 0 0 0 0 0 77 68 79 32 101 120 116 114 97 32 100 97 116 97 32 108 111 99 107 0 0 0 0 0 0 0 0 0 0 0 0 0 0 0 0 0 0 0 0 0 0 0 0 0 0 0 0 0 0 0 0 0 0 0 0 0 0 0 0 0 0 0 0 0 0 0 0 0 0 0 0 0 0 0 0 0 0 0 0 0 0 0 0 0 0 0 0 0 0 0 0 0 0 0 0 0 0 0 0 0 0 0 0 0 0 0 0 0 0 0 0 0 0 0 0 0 0 0 0 0 0 0 0 0 0 0 0 0 0 0 0 0 0 0 0 0 0 0 0 0 57 0 0 0 105 0 0 0 0 0 0 0 0 0 0 0 2 0 0 0 0 0 0 0 0 0 0 0 112 4 0 0 255 255 255 255 2 0 3 0 0 0 0 0 data 142 0x30002 0x7 0x80007 0x0 0x288 0x7 0x100007 0x7 0x268 0xe 0x190005 0xe 0x0 0x0 0x0 0x0 0x220005 0xe 0x0 0x0 0x0 0x0 0x250007 0x7 0x50 0x7 0x2a0002 0x7 0x2d0007 0x7 0x1a0 0x0 0x340005 0x0 0x1ae7e07f930 0x7 0x0 0x0 0x3b0007 0x7 0x30 0x0 0x440002 0x0 0x490007 0x0 0x40 0x7 0x510002 0x7 0x540002 0x7 0x5b0002 0x7 0x620007 0x0 0xd0 0x7 0x680007 0x0 0xb0 0x7 0x720005 0x0 0x1ae7dc90070 0x7 0x0 0x0 0x830005 0x0 0x1ae7dc90070 0x7 0x0 0x0 0x8f0005 0x0 0x1ae7dc90070 0x7 0x0 0x0 0x950003 0xe 0xfffffffffffffdb0 0x980003 0x7 0x98 0xa90007 0x0 0x80 0x0 0xb10005 0x0 0x0 0x0 0x0 0x0 0xb50005 0x0 0x0 0x0 0x0 0x0 0xbc0007 0x0 0x140 0x7 0xc30005 0x0 0x1ae7dc90070 0x7 0x0 0x0 0xc90007 0x7 0x50 0x0 0xd10005 0x0 0x0 0x0 0x0 0x0 0xd80005 0x0 0x1ae7dc90070 0x7 0x0 0x0 0xdb0007 0x0 0x70 0x7 0xe10007 0x7 0x50 0x0 0xe90005 0x0 0x0 0x0 0x0 0x0 oops 6 34 java/util/jar/JarFile 64 java/util/jar/JarVerifier 70 java/util/jar/JarVerifier 76 java/util/jar/JarVerifier 108 java/util/jar/JarVerifier 124 java/util/jar/JarVerifier
ciMethodData java/util/jar/JarVerifier <init> ([B)V 1 497 orig 264 104 147 143 96 0 0 0 0 40 253 28 90 174 1 0 0 224 1 0 0 0 0 0 0 0 0 0 0 0 0 0 0 0 0 0 0 0 0 0 0 0 0 0 0 0 0 0 0 0 0 0 0 0 0 0 0 0 0 0 0 0 0 0 0 0 0 0 0 0 0 0 0 0 0 0 0 0 0 0 0 77 68 79 32 101 120 116 114 97 32 100 97 116 97 32 108 111 99 107 0 0 0 0 0 0 0 0 0 0 0 0 0 0 0 0 0 0 0 0 0 0 0 0 0 0 0 0 0 0 0 0 0 0 0 0 0 0 0 0 0 0 0 0 0 0 0 0 0 0 0 0 0 0 0 0 0 0 0 0 0 0 0 0 0 0 0 0 0 0 0 0 0 0 0 0 0 0 0 0 0 0 0 0 0 0 0 0 0 0 0 0 0 0 0 0 0 0 0 0 0 0 0 0 0 0 0 0 0 0 0 0 0 0 0 0 0 18 0 0 0 249 14 0 0 1 0 0 0 0 0 0 0 0 0 0 0 2 0 0 0 0 0 3 0 2 0 0 0 176 0 0 0 255 255 255 255 2 0 1 0 0 0 0 0 data 22 0x10002 0x1df 0x1d0002 0x1df 0x280002 0x1df 0x330002 0x1df 0x470002 0x1df 0x570002 0x1df 0x620002 0x1df 0x6f0002 0x1df 0x7a0002 0x1df 0x850002 0x1df 0x900002 0x1df oops 0
ciMethodData java/io/ByteArrayInputStream <init> ([B)V 1 555 orig 264 104 147 143 96 0 0 0 0 32 37 215 89 174 1 0 0 56 1 0 0 0 0 0 0 0 0 0 0 0 0 0 0 0 0 0 0 0 0 0 0 0 0 0 0 0 0 0 0 0 0 0 0 0 0 0 0 0 0 0 0 0 0 0 0 0 0 0 0 0 0 0 0 0 0 0 0 0 0 0 0 77 68 79 32 101 120 116 114 97 32 100 97 116 97 32 108 111 99 107 0 0 0 0 0 0 0 0 0 0 0 0 0 0 0 0 0 0 0 0 0 0 0 0 0 0 0 0 0 0 0 0 0 0 0 0 0 0 0 0 0 0 0 0 0 0 0 0 0 0 0 0 0 0 0 0 0 0 0 0 0 0 0 0 0 0 0 0 0 0 0 0 0 0 0 0 0 0 0 0 0 0 0 0 0 0 0 0 0 0 0 0 0 0 0 0 0 0 0 0 0 0 0 0 0 0 0 0 0 0 0 0 0 0 0 0 0 20 0 0 0 185 16 0 0 1 0 0 0 0 0 0 0 0 0 0 0 2 0 0 0 0 0 3 0 2 0 0 0 16 0 0 0 255 255 255 255 2 0 1 0 0 0 0 0 data 2 0x10002 0x217 oops 0
ciMethodData java/util/jar/Manifest <init> (Ljava/util/jar/JarVerifier;Ljava/io/InputStream;)V 1 231 orig 264 104 147 143 96 0 0 0 0 56 244 215 89 174 1 0 0 184 1 0 0 0 0 0 0 0 0 0 0 0 0 0 0 0 0 0 0 0 0 0 0 0 0 0 0 0 0 0 0 0 0 0 0 0 0 0 0 0 0 0 0 0 0 0 0 0 0 0 0 0 0 0 0 0 0 0 0 0 0 0 0 77 68 79 32 101 120 116 114 97 32 100 97 116 97 32 108 111 99 107 0 0 0 0 0 0 0 0 0 0 0 0 0 0 0 0 0 0 0 0 0 0 0 0 0 0 0 0 0 0 0 0 0 0 0 0 0 0 0 0 0 0 0 0 0 0 0 0 0 0 0 0 0 0 0 0 0 0 0 0 0 0 0 0 0 0 0 0 0 0 0 0 0 0 0 0 0 0 0 0 0 0 0 0 0 0 0 0 0 0 0 0 0 0 0 0 0 0 0 0 0 0 0 0 0 0 0 0 0 0 0 0 0 0 0 0 0 30 0 0 0 73 6 0 0 1 0 0 0 0 0 0 0 0 0 0 0 2 0 0 0 0 0 0 0 0 0 0 0 96 0 0 0 255 255 255 255 2 0 1 0 0 0 0 0 data 12 0x10002 0xc9 0x90002 0xc9 0x140002 0xc9 0x1c0005 0x0 0x1ae75db6320 0xc9 0x0 0x0 oops 1 8 java/util/jar/Manifest
ciMethodData java/util/jar/Manifest <init> (Ljava/io/InputStream;)V 1 213 orig 264 104 147 143 96 0 0 0 0 120 243 215 89 174 1 0 0 56 1 0 0 0 0 0 0 0 0 0 0 0 0 0 0 0 0 0 0 0 0 0 0 0 0 0 0 0 0 0 0 0 0 0 0 0 0 0 0 0 0 0 0 0 0 0 0 0 0 0 0 0 0 0 0 0 0 0 0 0 0 0 0 77 68 79 32 101 120 116 114 97 32 100 97 116 97 32 108 111 99 107 0 0 0 0 0 0 0 0 0 0 0 0 0 0 0 0 0 0 0 0 0 0 0 0 0 0 0 0 0 0 0 0 0 0 0 0 0 0 0 0 0 0 0 0 0 0 0 0 0 0 0 0 0 0 0 0 0 0 0 0 0 0 0 0 0 0 0 0 0 0 0 0 0 0 0 0 0 0 0 0 0 0 0 0 0 0 0 0 0 0 0 0 0 0 0 0 0 0 0 0 0 0 0 0 0 0 0 0 0 0 0 0 0 0 0 0 0 12 0 0 0 73 6 0 0 1 0 0 0 0 0 0 0 0 0 0 0 2 0 0 0 0 0 0 0 0 0 0 0 16 0 0 0 255 255 255 255 2 0 3 0 0 0 0 0 data 2 0x30002 0xc9 oops 0
ciMethodData sun/misc/URLClassPath$JarLoader$2 getManifest ()Ljava/util/jar/Manifest; 2 1623 orig 264 104 147 143 96 0 0 0 0 240 194 242 89 174 1 0 0 216 1 0 0 0 0 0 0 0 0 0 0 0 0 0 0 0 0 0 0 0 0 0 0 0 0 0 0 0 0 0 0 0 0 0 0 0 0 0 0 0 0 0 0 0 0 0 0 0 0 0 0 0 0 0 0 0 0 0 0 0 0 0 0 77 68 79 32 101 120 116 114 97 32 100 97 116 97 32 108 111 99 107 0 0 0 0 0 0 0 0 0 0 0 0 0 0 0 0 0 0 0 0 0 0 0 0 0 0 0 0 0 0 0 0 0 0 0 0 0 0 0 0 0 0 0 0 0 0 0 0 0 0 0 0 0 0 0 0 0 0 0 0 0 0 0 0 0 0 0 0 0 0 0 0 0 0 0 0 0 0 0 0 0 0 0 0 0 0 0 0 0 0 0 0 0 0 0 0 0 0 0 0 0 0 0 0 0 0 0 0 0 0 0 0 0 0 0 0 0 128 1 0 0 185 38 0 0 1 0 0 0 0 0 0 0 0 0 0 0 2 0 0 0 0 0 7 0 2 0 0 0 144 0 0 0 255 255 255 255 2 0 0 0 0 0 0 0 data 18 0x2 0x4d7 0x70002 0x4d7 0xa0005 0x0 0x1ae7e07ffb0 0x4d7 0x0 0x0 0x130002 0x4d7 0x160005 0x0 0x1ae7e07f930 0x4d7 0x0 0x0 oops 2 6 java/util/jar/JavaUtilJarAccessImpl 14 java/util/jar/JarFile
ciMethodData java/util/jar/JavaUtilJarAccessImpl ensureInitialization (Ljava/util/jar/JarFile;)V 2 1623 orig 264 104 147 143 96 0 0 0 0 136 87 240 89 174 1 0 0 128 1 0 0 0 0 0 0 0 0 0 0 0 0 0 0 0 0 0 0 0 0 0 0 0 0 0 0 0 0 0 0 0 0 0 0 0 0 0 0 0 0 0 0 0 0 0 0 0 0 0 0 0 0 0 0 0 0 0 0 0 0 0 0 77 68 79 32 101 120 116 114 97 32 100 97 116 97 32 108 111 99 107 0 0 0 0 0 0 0 0 0 0 0 0 0 0 0 0 0 0 0 0 0 0 0 0 0 0 0 0 0 0 0 0 0 0 0 0 0 0 0 0 0 0 0 0 0 0 0 0 0 0 0 0 0 0 0 0 0 0 0 0 0 0 0 0 0 0 0 0 0 0 0 0 0 0 0 0 0 0 0 0 0 0 0 0 0 0 0 0 0 0 0 0 0 0 0 0 0 0 0 0 0 0 0 0 0 0 0 0 0 0 0 0 0 0 0 0 0 128 1 0 0 185 38 0 0 1 0 0 0 0 0 0 0 0 0 0 0 2 0 0 0 0 0 3 0 2 0 0 0 48 0 0 0 255 255 255 255 5 0 1 0 0 0 0 0 data 6 0x10005 0x0 0x1ae7e07f930 0x4d7 0x0 0x0 oops 1 2 java/util/jar/JarFile
ciMethodData java/util/jar/JarFile ensureInitialization ()V 2 1623 orig 264 104 147 143 96 0 0 0 0 80 50 240 89 174 1 0 0 168 1 0 0 40 0 0 0 0 0 0 0 0 0 0 0 0 0 0 0 0 0 0 0 0 0 0 0 0 0 0 0 0 0 0 0 0 0 0 0 0 0 0 0 0 0 0 0 0 0 0 0 0 0 0 0 0 0 0 0 0 0 0 0 77 68 79 32 101 120 116 114 97 32 100 97 116 97 32 108 111 99 107 0 0 0 0 0 0 0 0 0 0 0 0 0 0 0 0 0 0 0 0 0 0 0 0 0 0 0 0 0 0 0 0 0 0 0 0 0 0 0 0 0 0 0 0 0 0 0 0 0 0 0 0 0 0 0 0 0 0 0 0 0 0 0 0 0 0 0 0 0 0 0 0 0 0 0 0 0 0 0 0 0 0 0 0 0 0 0 0 0 0 0 0 0 0 0 0 0 0 0 0 0 0 0 0 0 0 0 0 0 0 0 0 0 0 0 0 0 128 1 0 0 185 38 0 0 1 0 0 0 0 0 0 0 0 0 0 0 2 0 0 0 0 0 11 0 2 0 0 0 136 0 0 0 255 255 255 255 2 0 1 0 0 0 0 0 data 17 0x10002 0x4d7 0x40003 0x4d7 0x28 0xd0002 0x0 0x150007 0x4d0 0x50 0x7 0x1c0007 0x0 0x30 0x7 0x200002 0x7 oops 0
ciMethodData java/net/URLClassLoader getAndVerifyPackage (Ljava/lang/String;Ljava/util/jar/Manifest;Ljava/net/URL;)Ljava/lang/Package; 2 1623 orig 264 104 147 143 96 0 0 0 0 8 160 215 89 174 1 0 0 96 4 0 0 192 1 0 0 0 0 0 0 0 0 0 0 0 0 0 0 0 0 0 0 0 0 0 0 0 0 0 0 0 0 0 0 0 0 0 0 0 0 0 0 0 0 0 0 0 0 0 0 0 0 0 0 0 0 0 0 0 0 0 0 77 68 79 32 101 120 116 114 97 32 100 97 116 97 32 108 111 99 107 0 0 0 0 0 0 0 0 0 0 0 0 0 0 0 0 0 0 0 0 0 0 0 0 0 0 0 0 0 0 0 0 0 0 0 0 0 0 0 0 0 0 0 0 0 0 0 0 0 0 0 0 0 0 0 0 0 0 0 0 0 0 0 0 0 0 0 0 0 0 0 0 0 0 0 0 0 0 0 0 0 0 0 0 0 0 0 0 0 0 0 0 0 0 0 0 0 0 0 0 0 0 0 0 0 0 0 0 0 0 0 0 0 0 0 0 0 129 1 0 0 177 38 0 0 1 0 0 0 0 0 0 0 0 0 0 0 2 0 0 0 0 0 22 0 2 0 0 0 0 3 0 0 255 255 255 255 5 0 2 0 0 0 0 0 data 96 0x20005 0x0 0x1ae75db6440 0x48f 0x1ae75db6200 0x47 0x90007 0xaa 0x2d0 0x42c 0xe0005 0x0 0x1ae789f4310 0x42c 0x0 0x0 0x110007 0x42c 0x150 0x0 0x170005 0x0 0x0 0x0 0x0 0x0 0x1a0007 0x0 0x230 0x0 0x250002 0x0 0x2a0005 0x0 0x0 0x0 0x0 0x0 0x2e0005 0x0 0x0 0x0 0x0 0x0 0x330005 0x0 0x0 0x0 0x0 0x0 0x360005 0x0 0x0 0x0 0x0 0x0 0x390002 0x0 0x3e0007 0x0 0x130 0x42c 0x440002 0x42c 0x470007 0x42c 0x100 0x0 0x520002 0x0 0x570005 0x0 0x0 0x0 0x0 0x0 0x5b0005 0x0 0x0 0x0 0x0 0x0 0x600005 0x0 0x0 0x0 0x0 0x0 0x630005 0x0 0x0 0x0 0x0 0x0 0x660002 0x0 oops 3 2 sun/misc/Launcher$AppClassLoader 4 java/net/URLClassLoader 12 java/lang/Package
ciMethodData java/lang/Package isSealed (Ljava/net/URL;)Z 1 0 orig 264 104 147 143 96 0 0 0 0 240 85 243 89 174 1 0 0 128 1 0 0 0 0 0 0 0 0 0 0 0 0 0 0 0 0 0 0 0 0 0 0 0 0 0 0 0 0 0 0 0 0 0 0 0 0 0 0 0 0 0 0 0 0 0 0 0 0 0 0 0 0 0 0 0 0 0 0 0 0 0 0 77 68 79 32 101 120 116 114 97 32 100 97 116 97 32 108 111 99 107 0 0 0 0 0 0 0 0 0 0 0 0 0 0 0 0 0 0 0 0 0 0 0 0 0 0 0 0 0 0 0 0 0 0 0 0 0 0 0 0 0 0 0 0 0 0 0 0 0 0 0 0 0 0 0 0 0 0 0 0 0 0 0 0 0 0 0 0 0 0 0 0 0 0 0 0 0 0 0 0 0 0 0 0 0 0 0 0 0 0 0 0 0 0 0 0 0 0 0 0 0 0 0 0 0 0 0 0 0 0 0 0 0 0 0 0 0 0 0 0 0 1 0 0 0 1 0 0 0 0 0 0 0 0 0 0 0 2 0 0 0 0 0 0 0 0 0 0 0 48 0 0 0 255 255 255 255 5 0 5 0 0 0 0 0 data 6 0x50005 0x0 0x0 0x0 0x0 0x0 oops 0
ciMethodData sun/misc/URLClassPath$JarLoader$2 getInputStream ()Ljava/io/InputStream; 2 1623 orig 264 104 147 143 96 0 0 0 0 168 193 242 89 174 1 0 0 136 1 0 0 0 0 0 0 0 0 0 0 0 0 0 0 0 0 0 0 0 0 0 0 0 0 0 0 0 0 0 0 0 0 0 0 0 0 0 0 0 0 0 0 0 0 0 0 0 0 0 0 0 0 0 0 0 0 0 0 0 0 0 0 77 68 79 32 101 120 116 114 97 32 100 97 116 97 32 108 111 99 107 0 0 0 0 0 0 0 0 0 0 0 0 0 0 0 0 0 0 0 0 0 0 0 0 0 0 0 0 0 0 0 0 0 0 0 0 0 0 0 0 0 0 0 0 0 0 0 0 0 0 0 0 0 0 0 0 0 0 0 0 0 0 0 0 0 0 0 0 0 0 0 0 0 0 0 0 0 0 0 0 0 0 0 0 0 0 0 0 0 0 0 0 0 0 0 0 0 0 0 0 0 0 0 0 0 0 0 0 0 0 0 0 0 0 0 0 0 130 1 0 0 169 38 0 0 1 0 0 0 0 0 0 0 0 0 0 0 2 0 0 0 0 0 3 0 2 0 0 0 64 0 0 0 255 255 255 255 2 0 4 0 0 0 0 0 data 8 0x40002 0x4d5 0xb0005 0x0 0x1ae7e07f930 0x4d5 0x0 0x0 oops 1 4 java/util/jar/JarFile
ciMethodData java/util/jar/Attributes$Name equals (Ljava/lang/Object;)Z 1 694 orig 264 104 147 143 96 0 0 0 0 96 38 243 89 174 1 0 0 56 2 0 0 0 0 0 0 0 0 0 0 0 0 0 0 0 0 0 0 0 0 0 0 0 0 0 0 0 0 0 0 0 0 0 0 0 0 0 0 0 0 0 0 0 0 0 0 0 0 0 0 0 0 0 0 0 0 0 0 0 0 0 0 77 68 79 32 101 120 116 114 97 32 100 97 116 97 32 108 111 99 107 0 0 0 0 0 0 0 0 0 0 0 0 0 0 0 0 0 0 0 0 0 0 0 0 0 0 0 0 0 0 0 0 0 0 0 0 0 0 0 0 0 0 0 0 0 0 0 0 0 0 0 0 0 0 0 0 0 0 0 0 0 0 0 0 0 0 0 0 0 0 0 0 0 0 0 0 0 0 0 0 0 0 0 0 0 0 0 0 0 0 0 0 0 0 0 0 0 0 0 0 0 0 0 0 0 0 0 0 0 0 0 0 0 0 0 0 0 2 1 0 0 161 13 0 0 1 0 0 0 0 0 0 0 0 0 0 0 2 0 0 0 0 0 8 0 2 0 0 0 232 0 0 0 255 255 255 255 4 0 1 0 0 0 0 0 data 29 0x10004 0x0 0x1ae76869b30 0x1b4 0x0 0x0 0x40007 0x0 0xb8 0x1b4 0x110004 0x0 0x1ae76869b30 0x1b4 0x0 0x0 0x170005 0x0 0x1ae7de0f340 0x1b4 0x0 0x0 0x1c0007 0x0 0x38 0x1b4 0x200003 0x1b4 0x18 oops 3 2 java/util/jar/Attributes$Name 12 java/util/jar/Attributes$Name 18 sun/misc/ASCIICaseInsensitiveComparator
ciMethodData sun/misc/ASCIICaseInsensitiveComparator compare (Ljava/lang/Object;Ljava/lang/Object;)I 1 694 orig 264 104 147 143 96 0 0 0 0 144 57 243 89 174 1 0 0 232 1 0 0 0 0 0 0 0 0 0 0 0 0 0 0 0 0 0 0 0 0 0 0 0 0 0 0 0 0 0 0 0 0 0 0 0 0 0 0 0 0 0 0 0 0 0 0 0 0 0 0 0 0 0 0 0 0 0 0 0 0 0 0 77 68 79 32 101 120 116 114 97 32 100 97 116 97 32 108 111 99 107 0 0 0 0 0 0 0 0 0 0 0 0 0 0 0 0 0 0 0 0 0 0 0 0 0 0 0 0 0 0 0 0 0 0 0 0 0 0 0 0 0 0 0 0 0 0 0 0 0 0 0 0 0 0 0 0 0 0 0 0 0 0 0 0 0 0 0 0 0 0 0 0 0 0 0 0 0 0 0 0 0 0 0 0 0 0 0 0 0 0 0 0 0 0 0 0 0 0 0 0 0 0 0 0 0 0 0 0 0 0 0 0 0 0 0 0 0 2 1 0 0 161 13 0 0 1 0 0 0 0 0 0 0 0 0 0 0 2 0 0 0 0 0 3 0 2 0 0 0 144 0 0 0 255 255 255 255 4 0 2 0 0 0 0 0 data 18 0x20004 0x0 0x0 0x0 0x0 0x0 0x60004 0x0 0x0 0x0 0x0 0x0 0x90005 0x0 0x1ae7de0f340 0x1b4 0x0 0x0 oops 1 14 sun/misc/ASCIICaseInsensitiveComparator
ciMethodData java/lang/Thread interrupt ()V 1 0 orig 264 104 147 143 96 0 0 0 0 56 234 209 89 174 1 0 0 48 2 0 0 192 0 0 0 0 0 0 0 0 0 0 0 0 0 0 0 0 0 0 0 0 0 0 0 0 0 0 0 0 0 0 0 0 0 0 0 0 0 0 0 0 0 0 0 0 0 0 0 0 0 0 0 0 0 0 0 0 0 0 0 77 68 79 32 101 120 116 114 97 32 100 97 116 97 32 108 111 99 107 0 0 0 0 0 0 0 0 0 0 0 0 0 0 0 0 0 0 0 0 0 0 0 0 0 0 0 0 0 0 0 0 0 0 0 0 0 0 0 0 0 0 0 0 0 0 0 0 0 0 0 0 0 0 0 0 0 0 0 0 0 0 0 0 0 0 0 0 0 0 0 0 0 0 0 0 0 0 0 0 0 0 0 0 0 0 0 0 0 0 0 0 0 0 0 0 0 0 0 0 0 0 0 0 0 0 0 0 0 0 0 0 0 0 0 0 0 0 0 0 0 1 0 0 0 1 0 0 0 0 0 0 0 0 0 0 0 2 0 0 0 0 0 0 0 0 0 0 0 232 0 0 0 255 255 255 255 2 0 1 0 0 0 0 0 data 29 0x10002 0x0 0x40007 0x0 0x50 0x0 0x80005 0x0 0x0 0x0 0x0 0x0 0x180007 0x0 0x60 0x0 0x1c0002 0x0 0x210005 0x0 0x0 0x0 0x0 0x0 0x2b0003 0x0 0x18 0x340002 0x0 oops 0
ciMethodData java/net/URLClassLoader definePackage (Ljava/lang/String;Ljava/util/jar/Manifest;Ljava/net/URL;)Ljava/lang/Package; 1 226 orig 264 104 147 143 96 0 0 0 0 0 164 215 89 174 1 0 0 112 6 0 0 192 4 0 0 0 0 0 0 0 0 0 0 0 0 0 0 0 0 0 0 0 0 0 0 0 0 0 0 0 0 0 0 0 0 0 0 0 0 0 0 0 0 0 0 0 0 0 0 0 0 0 0 0 0 0 0 0 0 0 0 77 68 79 32 101 120 116 114 97 32 100 97 116 97 32 108 111 99 107 0 0 0 0 0 0 0 0 0 0 0 0 0 0 0 0 0 0 0 0 0 0 0 0 0 0 0 0 0 0 0 0 0 0 0 0 0 0 0 0 0 0 0 0 0 0 0 0 0 0 0 0 0 0 0 0 0 0 0 0 0 0 0 0 0 0 0 0 0 0 0 0 0 0 0 0 0 0 0 0 0 0 0 0 0 0 0 0 0 0 0 0 0 0 0 0 0 0 0 0 0 0 0 0 0 0 0 0 0 0 0 0 0 0 0 0 0 64 0 0 0 17 5 0 0 1 0 0 0 0 0 0 0 0 0 0 0 2 0 0 0 0 0 0 0 0 0 0 0 16 5 0 0 255 255 255 255 2 0 24 0 0 0 0 0 data 162 0x180002 0xa2 0x210005 0xa2 0x0 0x0 0x0 0x0 0x260005 0xa2 0x0 0x0 0x0 0x0 0x290005 0x0 0x1ae7e07ffb0 0xa2 0x0 0x0 0x320007 0xa0 0x170 0x2 0x3a0005 0x0 0x1ae78cb9df0 0x2 0x0 0x0 0x440005 0x0 0x1ae78cb9df0 0x2 0x0 0x0 0x4e0005 0x0 0x1ae78cb9df0 0x2 0x0 0x0 0x580005 0x0 0x1ae78cb9df0 0x2 0x0 0x0 0x620005 0x0 0x1ae78cb9df0 0x2 0x0 0x0 0x6c0005 0x0 0x1ae78cb9df0 0x2 0x0 0x0 0x760005 0x0 0x1ae78cb9df0 0x2 0x0 0x0 0x7c0005 0x0 0x1ae75db6320 0xa2 0x0 0x0 0x830007 0x0 0x250 0xa2 0x880007 0x1 0x50 0xa1 0x900005 0x0 0x1ae78cb9df0 0xa1 0x0 0x0 0x970007 0x1 0x50 0xa1 0x9f0005 0x0 0x1ae78cb9df0 0xa1 0x0 0x0 0xa60007 0x1 0x50 0xa1 0xae0005 0x0 0x1ae78cb9df0 0xa1 0x0 0x0 0xb50007 0x2 0x50 0xa0 0xbd0005 0x0 0x1ae78cb9df0 0xa0 0x0 0x0 0xc40007 0x2 0x50 0xa0 0xcc0005 0x0 0x1ae78cb9df0 0xa0 0x0 0x0 0xd30007 0x2 0x50 0xa0 0xdb0005 0x0 0x1ae78cb9df0 0xa0 0x0 0x0 0xe20007 0x0 0x50 0xa2 0xea0005 0x0 0x1ae78cb9df0 0xa2 0x0 0x0 0xf30005 0xa2 0x0 0x0 0x0 0x0 0xf60007 0xa2 0x20 0x0 0x10c0005 0x0 0x1ae75db6440 0x94 0x1ae75db6200 0xe oops 18 16 java/util/jar/JavaUtilJarAccessImpl 26 java/util/jar/Attributes 32 java/util/jar/Attributes 38 java/util/jar/Attributes 44 java/util/jar/Attributes 50 java/util/jar/Attributes 56 java/util/jar/Attributes 62 java/util/jar/Attributes 68 java/util/jar/Manifest 82 java/util/jar/Attributes 92 java/util/jar/Attributes 102 java/util/jar/Attributes 112 java/util/jar/Attributes 122 java/util/jar/Attributes 132 java/util/jar/Attributes 142 java/util/jar/Attributes 158 sun/misc/Launcher$AppClassLoader 160 java/net/URLClassLoader
ciMethodData java/lang/ClassLoader preDefineClass (Ljava/lang/String;Ljava/security/ProtectionDomain;)Ljava/security/ProtectionDomain; 2 1623 orig 264 104 147 143 96 0 0 0 0 232 79 208 89 174 1 0 0 56 4 0 0 96 2 0 0 0 0 0 0 0 0 0 0 0 0 0 0 0 0 0 0 0 0 0 0 0 0 0 0 0 0 0 0 0 0 0 0 0 0 0 0 0 0 0 0 0 0 0 0 0 0 0 0 0 0 0 0 0 0 0 0 77 68 79 32 101 120 116 114 97 32 100 97 116 97 32 108 111 99 107 0 0 0 0 0 0 0 0 0 0 0 0 0 0 0 0 0 0 0 0 0 0 0 0 0 0 0 0 0 0 0 0 0 0 0 0 0 0 0 0 0 0 0 0 0 0 0 0 0 0 0 0 0 0 0 0 0 0 0 0 0 0 0 0 0 0 0 0 0 0 0 0 0 0 0 0 0 0 0 0 0 0 0 0 0 0 0 0 0 0 0 0 0 0 0 0 0 0 0 0 0 0 0 0 0 0 0 0 0 0 0 0 0 0 0 0 0 196 1 0 0 153 36 0 0 1 0 0 0 0 0 0 0 0 0 0 0 2 0 0 0 0 0 16 0 2 0 0 0 224 2 0 0 255 255 255 255 2 0 2 0 0 0 0 0 data 92 0x20002 0x493 0x50007 0x493 0xd0 0x0 0x100002 0x0 0x150005 0x0 0x0 0x0 0x0 0x0 0x190005 0x0 0x0 0x0 0x0 0x0 0x1c0005 0x0 0x0 0x0 0x0 0x0 0x1f0002 0x0 0x240007 0x0 0x180 0x493 0x2a0005 0x82 0x1ae4c818300 0x411 0x0 0x0 0x2d0007 0x493 0x130 0x0 0x380002 0x0 0x3d0005 0x0 0x0 0x0 0x0 0x0 0x450005 0x0 0x0 0x0 0x0 0x0 0x480005 0x0 0x0 0x0 0x0 0x0 0x4b0005 0x0 0x0 0x0 0x0 0x0 0x4e0005 0x0 0x0 0x0 0x0 0x0 0x510002 0x0 0x560007 0x493 0x20 0x0 0x5f0007 0x0 0x60 0x493 0x650005 0x82 0x1ae4c8189c0 0x411 0x0 0x0 0x680002 0x493 oops 2 34 java/lang/String 86 java/security/ProtectionDomain
ciMethodData sun/misc/URLClassPath$JarLoader$2 getContentLength ()I 2 1623 orig 264 104 147 143 96 0 0 0 0 64 194 242 89 174 1 0 0 120 1 0 0 0 0 0 0 0 0 0 0 0 0 0 0 0 0 0 0 0 0 0 0 0 0 0 0 0 0 0 0 0 0 0 0 0 0 0 0 0 0 0 0 0 0 0 0 0 0 0 0 0 0 0 0 0 0 0 0 0 0 0 0 77 68 79 32 101 120 116 114 97 32 100 97 116 97 32 108 111 99 107 0 0 0 0 0 0 0 0 0 0 0 0 0 0 0 0 0 0 0 0 0 0 0 0 0 0 0 0 0 0 0 0 0 0 0 0 0 0 0 0 0 0 0 0 0 0 0 0 0 0 0 0 0 0 0 0 0 0 0 0 0 0 0 0 0 0 0 0 0 0 0 0 0 0 0 0 0 0 0 0 0 0 0 0 0 0 0 0 0 0 0 0 0 0 0 0 0 0 0 0 0 0 0 0 0 0 0 0 0 0 0 0 0 0 0 0 0 0 2 0 0 185 34 0 0 1 0 0 0 0 0 0 0 0 0 0 0 2 0 0 0 0 0 3 0 2 0 0 0 48 0 0 0 255 255 255 255 5 0 4 0 0 0 0 0 data 6 0x40005 0x0 0x1ae7e070880 0x457 0x0 0x0 oops 1 2 java/util/jar/JarFile$JarFileEntry
ciMethodData sun/misc/URLClassPath$JarLoader$2 getCodeSigners ()[Ljava/security/CodeSigner; 2 1623 orig 264 104 147 143 96 0 0 0 0 32 196 242 89 174 1 0 0 120 1 0 0 0 0 0 0 0 0 0 0 0 0 0 0 0 0 0 0 0 0 0 0 0 0 0 0 0 0 0 0 0 0 0 0 0 0 0 0 0 0 0 0 0 0 0 0 0 0 0 0 0 0 0 0 0 0 0 0 0 0 0 0 77 68 79 32 101 120 116 114 97 32 100 97 116 97 32 108 111 99 107 0 0 0 0 0 0 0 0 0 0 0 0 0 0 0 0 0 0 0 0 0 0 0 0 0 0 0 0 0 0 0 0 0 0 0 0 0 0 0 0 0 0 0 0 0 0 0 0 0 0 0 0 0 0 0 0 0 0 0 0 0 0 0 0 0 0 0 0 0 0 0 0 0 0 0 0 0 0 0 0 0 0 0 0 0 0 0 0 0 0 0 0 0 0 0 0 0 0 0 0 0 0 0 0 0 0 0 0 0 0 0 0 0 0 0 0 0 0 2 0 0 185 34 0 0 1 0 0 0 0 0 0 0 0 0 0 0 2 0 0 0 0 0 3 0 2 0 0 0 48 0 0 0 255 255 255 255 5 0 4 0 0 0 0 0 data 6 0x40005 0x0 0x1ae7e070880 0x457 0x0 0x0 oops 1 2 java/util/jar/JarFile$JarFileEntry
ciMethodData java/lang/ClassLoader checkCerts (Ljava/lang/String;Ljava/security/CodeSource;)V 2 1623 orig 264 104 147 143 96 0 0 0 0 56 87 208 89 174 1 0 0 112 5 0 0 136 2 0 0 0 0 0 0 0 0 0 0 0 0 0 0 0 0 0 0 0 0 0 0 0 0 0 0 0 0 0 0 0 0 0 0 0 0 0 0 0 0 0 0 0 0 0 0 0 0 0 0 0 0 0 0 0 0 0 0 77 68 79 32 101 120 116 114 97 32 100 97 116 97 32 108 111 99 107 0 0 0 0 0 0 0 0 0 0 0 0 0 0 0 0 0 0 0 0 0 0 0 0 0 0 0 0 0 0 0 0 0 0 0 0 0 0 0 0 0 0 0 0 0 0 0 0 0 0 0 0 0 0 0 0 0 0 0 0 0 0 0 0 0 0 0 0 0 0 0 0 0 0 0 0 0 0 0 0 0 0 0 0 0 0 0 0 0 0 0 0 0 0 0 0 0 0 0 0 0 0 0 0 0 0 0 0 0 0 0 0 0 0 0 0 0 0 2 0 0 185 34 0 0 1 0 0 0 0 0 0 0 0 0 0 0 2 0 0 0 0 0 31 0 2 0 0 0 24 4 0 0 255 255 255 255 5 0 3 0 0 0 0 0 data 131 0x30005 0x2 0x1ae4c818300 0x455 0x0 0x0 0x90007 0x457 0x38 0x0 0xe0003 0x0 0x48 0x140005 0x2 0x1ae4c818300 0x455 0x0 0x0 0x1d0007 0x0 0x50 0x457 0x210005 0x2 0x1ae75db6560 0x455 0x0 0x0 0x2d0007 0x457 0x138 0x0 0x3b0005 0x0 0x0 0x0 0x0 0x0 0x400004 0x0 0x0 0x0 0x0 0x0 0x470007 0x0 0x88 0x0 0x520007 0x0 0x38 0x0 0x580003 0x0 0x18 0x5d0005 0x0 0x0 0x0 0x0 0x0 0x660003 0x0 0x18 0x710003 0x0 0xe0 0x780004 0x0 0x1ae7e93ec20 0x457 0x0 0x0 0x7f0007 0x0 0x38 0x457 0x850003 0x457 0x18 0x8a0005 0x0 0x1ae7e93ec20 0x457 0x0 0x0 0x8d0104 0x0 0x1ae78ccd890 0x3b8 0x0 0x0 0x940007 0x9f 0x130 0x3b8 0x9c0002 0x3b8 0x9f0007 0x3b8 0x100 0x0 0xaa0002 0x0 0xaf0005 0x0 0x0 0x0 0x0 0x0 0xb30005 0x0 0x0 0x0 0x0 0x0 0xb80005 0x0 0x0 0x0 0x0 0x0 0xbb0005 0x0 0x0 0x0 0x0 0x0 0xbe0002 0x0 oops 6 2 java/lang/String 15 java/lang/String 25 java/security/CodeSource 70 java/util/concurrent/ConcurrentHashMap 83 java/util/concurrent/ConcurrentHashMap 89 [Ljava/security/cert/Certificate;
ciMethodData java/util/HashMap tableSizeFor (I)I 2 3493 orig 264 104 147 143 96 0 0 0 0 88 159 221 89 174 1 0 0 152 1 0 0 32 0 0 0 0 0 0 0 0 0 0 0 0 0 0 0 0 0 0 0 0 0 0 0 0 0 0 0 0 0 0 0 0 0 0 0 0 0 0 0 0 0 0 0 0 0 0 0 0 0 0 0 0 0 0 0 0 0 0 0 77 68 79 32 101 120 116 114 97 32 100 97 116 97 32 108 111 99 107 0 0 0 0 0 0 0 0 0 0 0 0 0 0 0 0 0 0 0 0 0 0 0 0 0 0 0 0 0 0 0 0 0 0 0 0 0 0 0 0 0 0 0 0 0 0 0 0 0 0 0 0 0 0 0 0 0 0 0 0 0 0 0 0 0 0 0 0 0 0 0 0 0 0 0 0 0 0 0 0 0 0 0 0 0 0 0 0 0 0 0 0 0 0 0 0 0 0 0 0 0 0 0 0 0 0 0 0 0 0 0 0 0 0 0 0 0 67 1 0 0 17 99 0 0 1 0 0 0 0 0 0 0 0 0 0 0 2 0 0 0 0 0 8 0 2 0 0 0 112 0 0 0 255 255 255 255 7 0 37 0 0 0 0 0 data 14 0x250007 0xc60 0x38 0x2 0x290003 0x2 0x50 0x2f0007 0xc60 0x38 0x0 0x340003 0x0 0x18 oops 0
ciMethod sun/security/util/ManifestEntryVerifier <init> (Ljava/util/jar/Manifest;)V 3073 1 486 0 -1
ciMethod sun/security/util/SignatureFileVerifier isBlockOrSF (Ljava/lang/String;)Z 57 1 7 0 -1
ciMethodData java/util/Hashtable <init> (IF)V 2 1689 orig 264 104 147 143 96 0 0 0 0 8 137 210 89 174 1 0 0 104 3 0 0 224 1 0 0 0 0 0 0 0 0 0 0 0 0 0 0 0 0 0 0 0 0 0 0 0 0 0 0 0 0 0 0 0 0 0 0 0 0 0 0 0 0 0 0 0 0 0 0 0 0 0 0 0 0 0 0 0 0 0 0 77 68 79 32 101 120 116 114 97 32 100 97 116 97 32 108 111 99 107 0 0 0 0 0 0 0 0 0 0 0 0 0 0 0 0 0 0 0 0 0 0 0 0 0 0 0 0 0 0 0 0 0 0 0 0 0 0 0 0 0 0 0 0 0 0 0 0 0 0 0 0 0 0 0 0 0 0 0 0 0 0 0 0 0 0 0 0 0 0 0 0 0 0 0 0 0 0 0 0 0 0 0 0 0 0 0 0 0 0 0 0 0 0 0 0 0 0 0 0 0 0 0 0 0 0 0 0 0 0 0 0 0 0 0 0 0 32 1 0 0 201 43 0 0 1 0 0 0 0 0 0 0 0 0 0 0 2 0 0 0 0 0 17 0 2 0 0 0 16 2 0 0 255 255 255 255 2 0 1 0 0 0 0 0 data 66 0x10002 0x579 0xa0007 0x579 0xd0 0x0 0x150002 0x0 0x1a0005 0x0 0x0 0x0 0x0 0x0 0x1e0005 0x0 0x0 0x0 0x0 0x0 0x210005 0x0 0x0 0x0 0x0 0x0 0x240002 0x0 0x2b0007 0x0 0x50 0x579 0x2f0002 0x579 0x320007 0x579 0xd0 0x0 0x3d0002 0x0 0x420005 0x0 0x0 0x0 0x0 0x0 0x460005 0x0 0x0 0x0 0x0 0x0 0x490005 0x0 0x0 0x0 0x0 0x0 0x4c0002 0x0 0x510007 0x579 0x20 0x0 0x6a0002 0x579 oops 0
ciMethodData java/util/Dictionary <init> ()V 2 1689 orig 264 104 147 143 96 0 0 0 0 152 180 210 89 174 1 0 0 48 1 0 0 0 0 0 0 0 0 0 0 0 0 0 0 0 0 0 0 0 0 0 0 0 0 0 0 0 0 0 0 0 0 0 0 0 0 0 0 0 0 0 0 0 0 0 0 0 0 0 0 0 0 0 0 0 0 0 0 0 0 0 0 77 68 79 32 101 120 116 114 97 32 100 97 116 97 32 108 111 99 107 0 0 0 0 0 0 0 0 0 0 0 0 0 0 0 0 0 0 0 0 0 0 0 0 0 0 0 0 0 0 0 0 0 0 0 0 0 0 0 0 0 0 0 0 0 0 0 0 0 0 0 0 0 0 0 0 0 0 0 0 0 0 0 0 0 0 0 0 0 0 0 0 0 0 0 0 0 0 0 0 0 0 0 0 0 0 0 0 0 0 0 0 0 0 0 0 0 0 0 0 0 0 0 0 0 0 0 0 0 0 0 0 0 0 0 0 0 32 1 0 0 201 43 0 0 1 0 0 0 0 0 0 0 0 0 0 0 2 0 0 0 0 0 0 0 0 0 0 0 16 0 0 0 255 255 255 255 2 0 1 0 0 0 0 0 data 2 0x10002 0x579 oops 0
ciMethodData java/io/OutputStream <init> ()V 1 1145 orig 264 104 147 143 96 0 0 0 0 64 153 223 89 174 1 0 0 48 1 0 0 0 0 0 0 0 0 0 0 0 0 0 0 0 0 0 0 0 0 0 0 0 0 0 0 0 0 0 0 0 0 0 0 0 0 0 0 0 0 0 0 0 0 0 0 0 0 0 0 0 0 0 0 0 0 0 0 0 0 0 0 77 68 79 32 101 120 116 114 97 32 100 97 116 97 32 108 111 99 107 0 0 0 0 0 0 0 0 0 0 0 0 0 0 0 0 0 0 0 0 0 0 0 0 0 0 0 0 0 0 0 0 0 0 0 0 0 0 0 0 0 0 0 0 0 0 0 0 0 0 0 0 0 0 0 0 0 0 0 0 0 0 0 0 0 0 0 0 0 0 0 0 0 0 0 0 0 0 0 0 0 0 0 0 0 0 0 0 0 0 0 0 0 0 0 0 0 0 0 0 0 0 0 0 0 0 0 0 0 0 0 0 0 0 0 0 0 0 1 0 0 201 27 0 0 1 0 0 0 0 0 0 0 0 0 0 0 2 0 0 0 0 0 3 0 2 0 0 0 16 0 0 0 255 255 255 255 2 0 1 0 0 0 0 0 data 2 0x10002 0x379 oops 0
ciMethodData java/util/Hashtable <init> ()V 1 1158 orig 264 104 147 143 96 0 0 0 0 56 138 210 89 174 1 0 0 48 1 0 0 0 0 0 0 0 0 0 0 0 0 0 0 0 0 0 0 0 0 0 0 0 0 0 0 0 0 0 0 0 0 0 0 0 0 0 0 0 0 0 0 0 0 0 0 0 0 0 0 0 0 0 0 0 0 0 0 0 0 0 0 77 68 79 32 101 120 116 114 97 32 100 97 116 97 32 108 111 99 107 0 0 0 0 0 0 0 0 0 0 0 0 0 0 0 0 0 0 0 0 0 0 0 0 0 0 0 0 0 0 0 0 0 0 0 0 0 0 0 0 0 0 0 0 0 0 0 0 0 0 0 0 0 0 0 0 0 0 0 0 0 0 0 0 0 0 0 0 0 0 0 0 0 0 0 0 0 0 0 0 0 0 0 0 0 0 0 0 0 0 0 0 0 0 0 0 0 0 0 0 0 0 0 0 0 0 0 0 0 0 0 0 0 0 0 0 0 1 1 0 0 41 28 0 0 1 0 0 0 0 0 0 0 0 0 0 0 2 0 0 0 0 0 3 0 2 0 0 0 16 0 0 0 255 255 255 255 2 0 5 0 0 0 0 0 data 2 0x50002 0x385 oops 0
ciMethodData java/util/HashMap <init> (IF)V 2 3457 orig 264 104 147 143 96 0 0 0 0 80 160 221 89 174 1 0 0 104 3 0 0 240 1 0 0 0 0 0 0 0 0 0 0 0 0 0 0 0 0 0 0 0 0 0 0 0 0 0 0 0 0 0 0 0 0 0 0 0 0 0 0 0 0 0 0 0 0 0 0 0 0 0 0 0 0 0 0 0 0 0 0 77 68 79 32 101 120 116 114 97 32 100 97 116 97 32 108 111 99 107 0 0 0 0 0 0 0 0 0 0 0 0 0 0 0 0 0 0 0 0 0 0 0 0 0 0 0 0 0 0 0 0 0 0 0 0 0 0 0 0 0 0 0 0 0 0 0 0 0 0 0 0 0 0 0 0 0 0 0 0 0 0 0 0 0 0 0 0 0 0 0 0 0 0 0 0 0 0 0 0 0 0 0 0 0 0 0 0 0 0 0 0 0 0 0 0 0 0 0 0 0 0 0 0 0 0 0 0 0 0 0 0 0 0 0 0 0 165 1 0 0 201 94 0 0 1 0 0 0 0 0 0 0 0 0 0 0 2 0 0 0 0 0 17 0 2 0 0 0 16 2 0 0 255 255 255 255 2 0 1 0 0 0 0 0 data 66 0x10002 0xbd9 0x50007 0xbd9 0xd0 0x0 0x100002 0x0 0x150005 0x0 0x0 0x0 0x0 0x0 0x190005 0x0 0x0 0x0 0x0 0x0 0x1c0005 0x0 0x0 0x0 0x0 0x0 0x1f0002 0x0 0x260007 0xbd9 0x20 0x0 0x2f0007 0x0 0x50 0xbd9 0x330002 0xbd9 0x360007 0xbd9 0xd0 0x0 0x410002 0x0 0x460005 0x0 0x0 0x0 0x0 0x0 0x4a0005 0x0 0x0 0x0 0x0 0x0 0x4d0005 0x0 0x0 0x0 0x0 0x0 0x500002 0x0 0x5b0002 0xbd9 oops 0
ciMethodData java/util/HashMap <init> (I)V 2 3441 orig 264 104 147 143 96 0 0 0 0 232 160 221 89 174 1 0 0 56 1 0 0 0 0 0 0 0 0 0 0 0 0 0 0 0 0 0 0 0 0 0 0 0 0 0 0 0 0 0 0 0 0 0 0 0 0 0 0 0 0 0 0 0 0 0 0 0 0 0 0 0 0 0 0 0 0 0 0 0 0 0 0 77 68 79 32 101 120 116 114 97 32 100 97 116 97 32 108 111 99 107 0 0 0 0 0 0 0 0 0 0 0 0 0 0 0 0 0 0 0 0 0 0 0 0 0 0 0 0 0 0 0 0 0 0 0 0 0 0 0 0 0 0 0 0 0 0 0 0 0 0 0 0 0 0 0 0 0 0 0 0 0 0 0 0 0 0 0 0 0 0 0 0 0 0 0 0 0 0 0 0 0 0 0 0 0 0 0 0 0 0 0 0 0 0 0 0 0 0 0 0 0 0 0 0 0 0 0 0 0 0 0 0 0 0 0 0 0 198 1 0 0 89 93 0 0 1 0 0 0 0 0 0 0 0 0 0 0 2 0 0 0 0 0 3 0 2 0 0 0 16 0 0 0 255 255 255 255 2 0 4 0 0 0 0 0 data 2 0x40002 0xbab oops 0
ciMethodData java/util/jar/Attributes <init> (I)V 2 2644 orig 264 104 147 143 96 0 0 0 0 160 226 242 89 174 1 0 0 72 1 0 0 0 0 0 0 0 0 0 0 0 0 0 0 0 0 0 0 0 0 0 0 0 0 0 0 0 0 0 0 0 0 0 0 0 0 0 0 0 0 0 0 0 0 0 0 0 0 0 0 0 0 0 0 0 0 0 0 0 0 0 0 77 68 79 32 101 120 116 114 97 32 100 97 116 97 32 108 111 99 107 0 0 0 0 0 0 0 0 0 0 0 0 0 0 0 0 0 0 0 0 0 0 0 0 0 0 0 0 0 0 0 0 0 0 0 0 0 0 0 0 0 0 0 0 0 0 0 0 0 0 0 0 0 0 0 0 0 0 0 0 0 0 0 0 0 0 0 0 0 0 0 0 0 0 0 0 0 0 0 0 0 0 0 0 0 0 0 0 0 0 0 0 0 0 0 0 0 0 0 0 0 0 0 0 0 0 0 0 0 0 0 0 0 0 0 0 0 29 1 0 0 185 73 0 0 1 0 0 0 0 0 0 0 0 0 0 0 2 0 0 0 0 0 3 0 2 0 0 0 32 0 0 0 255 255 255 255 2 0 1 0 0 0 0 0 data 4 0x10002 0x937 0xa0002 0x937 oops 0
ciMethodData java/lang/Math min (FF)F 2 1806 orig 264 104 147 143 96 0 0 0 0 56 105 222 89 174 1 0 0 24 2 0 0 112 0 0 0 0 0 0 0 0 0 0 0 0 0 0 0 0 0 0 0 0 0 0 0 0 0 0 0 0 0 0 0 0 0 0 0 0 0 0 0 0 0 0 0 0 0 0 0 0 0 0 0 0 0 0 0 0 0 0 0 77 68 79 32 101 120 116 114 97 32 100 97 116 97 32 108 111 99 107 0 0 0 0 0 0 0 0 0 0 0 0 0 0 0 0 0 0 0 0 0 0 0 0 0 0 0 0 0 0 0 0 0 0 0 0 0 0 0 0 0 0 0 0 0 0 0 0 0 0 0 0 0 0 0 0 0 0 0 0 0 0 0 0 0 0 0 0 0 0 0 0 0 0 0 0 0 0 0 0 0 0 0 0 0 0 0 0 0 0 0 0 0 0 0 0 0 0 0 0 0 0 0 0 0 0 0 0 0 0 0 0 0 0 0 0 0 0 1 0 0 113 48 0 0 1 0 0 0 0 0 0 0 0 0 0 0 2 0 0 0 0 0 15 0 2 0 0 0 200 0 0 0 255 255 255 255 7 0 3 0 0 0 0 0 data 25 0x30007 0x60e 0x20 0x0 0xb0007 0x60e 0x70 0x0 0x110007 0x0 0x50 0x0 0x150002 0x0 0x1d0007 0x0 0x20 0x0 0x250007 0x0 0x38 0x60e 0x290003 0x60e 0x18 oops 0
ciMethodData java/io/ByteArrayOutputStream <init> (I)V 1 1078 orig 264 104 147 143 96 0 0 0 0 144 211 244 89 174 1 0 0 48 2 0 0 0 0 0 0 0 0 0 0 0 0 0 0 0 0 0 0 0 0 0 0 0 0 0 0 0 0 0 0 0 0 0 0 0 0 0 0 0 0 0 0 0 0 0 0 0 0 0 0 0 0 0 0 0 0 0 0 0 0 0 0 77 68 79 32 101 120 116 114 97 32 100 97 116 97 32 108 111 99 107 0 0 0 0 0 0 0 0 0 0 0 0 0 0 0 0 0 0 0 0 0 0 0 0 0 0 0 0 0 0 0 0 0 0 0 0 0 0 0 0 0 0 0 0 0 0 0 0 0 0 0 0 0 0 0 0 0 0 0 0 0 0 0 0 0 0 0 0 0 0 0 0 0 0 0 0 0 0 0 0 0 0 0 0 0 0 0 0 0 0 0 0 0 0 0 0 0 0 0 0 0 0 0 0 0 0 0 0 0 0 0 0 0 0 0 0 0 10 1 0 0 97 25 0 0 1 0 0 0 0 0 0 0 0 0 0 0 2 0 0 0 0 0 5 0 2 0 0 0 224 0 0 0 255 255 255 255 2 0 1 0 0 0 0 0 data 28 0x10002 0x32c 0x50007 0x32c 0xd0 0x0 0x100002 0x0 0x150005 0x0 0x0 0x0 0x0 0x0 0x190005 0x0 0x0 0x0 0x0 0x0 0x1c0005 0x0 0x0 0x0 0x0 0x0 0x1f0002 0x0 oops 0
ciMethodData java/util/jar/Manifest read (Ljava/io/InputStream;)V 1 2663 orig 264 104 147 143 96 0 0 0 0 88 252 215 89 174 1 0 0 48 5 0 0 16 0 0 0 0 0 0 0 0 0 0 0 0 0 0 0 0 0 0 0 0 0 0 0 0 0 0 0 0 0 0 0 0 0 0 0 0 0 0 0 0 0 0 0 0 0 0 0 0 0 0 0 0 0 0 0 0 0 0 0 77 68 79 32 101 120 116 114 97 32 100 97 116 97 32 108 111 99 107 0 0 0 0 0 0 0 0 0 0 0 0 0 0 0 0 0 0 0 0 0 0 0 0 0 0 0 0 0 0 0 0 0 0 0 0 0 0 0 0 0 0 0 0 0 0 0 0 0 0 0 0 0 0 0 0 0 0 0 0 0 0 0 0 0 0 0 0 0 0 0 0 0 0 0 0 0 0 0 0 0 0 0 0 0 0 0 0 0 0 0 0 0 0 0 0 0 0 0 0 0 0 0 0 0 0 0 0 0 0 0 0 0 0 0 0 0 8 3 0 0 49 14 0 0 249 58 0 0 0 0 0 0 0 0 0 0 2 0 0 0 1 0 34 0 2 0 0 0 224 3 0 0 255 255 255 255 2 0 5 0 0 0 0 0 data 124 0x50002 0x1c6 0x150005 0x0 0x1ae78cb9df0 0x1c6 0x0 0x0 0x2c0005 0x0 0x1ae78cab260 0x925 0x0 0x0 0x330007 0x1c6 0x370 0x75f 0x3f0007 0x75f 0x30 0x0 0x480002 0x0 0x4e0007 0x0 0x40 0x75f 0x590007 0x0 0x20 0x75f 0x610007 0x759 0x58 0x6 0x660007 0x0 0x38 0x6 0x690003 0x6 0xffffffffffffff00 0x710007 0x24b 0xd8 0x50e 0x780002 0x50e 0x7f0007 0x50e 0x30 0x0 0x880002 0x0 0x8d0005 0x0 0x1ae78cab260 0x50e 0x0 0x0 0x920007 0x2c3 0xe0 0x24b 0xa90002 0x24b 0xac0003 0x24b 0xfffffffffffffe28 0xc40002 0x24b 0xd20002 0x24b 0xd60005 0x0 0x1ae78cab260 0x24b 0x0 0x0 0xdb0007 0x24b 0x38 0x0 0xe20003 0x0 0xfffffffffffffda0 0xf10002 0x24b 0xfc0005 0x0 0x1ae75db6320 0x50e 0x0 0x0 0x1030007 0x0 0x60 0x50e 0x10c0002 0x50e 0x1190005 0x0 0x1ae78091e90 0x50e 0x0 0x0 0x1230005 0x0 0x1ae78cb9df0 0x50e 0x0 0x0 0x12d0005 0x0 0x1ae78cb9df0 0x50e 0x0 0x0 0x1390002 0x50e 0x1440003 0x50e 0xfffffffffffffc78 oops 8 4 java/util/jar/Attributes 10 java/util/jar/Manifest$FastInputStream 57 java/util/jar/Manifest$FastInputStream 76 java/util/jar/Manifest$FastInputStream 91 java/util/jar/Manifest 103 java/util/HashMap 109 java/util/jar/Attributes 115 java/util/jar/Attributes
ciMethodData java/util/jar/Attributes <init> ()V 1 710 orig 264 104 147 143 96 0 0 0 0 0 226 242 89 174 1 0 0 48 1 0 0 0 0 0 0 0 0 0 0 0 0 0 0 0 0 0 0 0 0 0 0 0 0 0 0 0 0 0 0 0 0 0 0 0 0 0 0 0 0 0 0 0 0 0 0 0 0 0 0 0 0 0 0 0 0 0 0 0 0 0 0 77 68 79 32 101 120 116 114 97 32 100 97 116 97 32 108 111 99 107 0 0 0 0 0 0 0 0 0 0 0 0 0 0 0 0 0 0 0 0 0 0 0 0 0 0 0 0 0 0 0 0 0 0 0 0 0 0 0 0 0 0 0 0 0 0 0 0 0 0 0 0 0 0 0 0 0 0 0 0 0 0 0 0 0 0 0 0 0 0 0 0 0 0 0 0 0 0 0 0 0 0 0 0 0 0 0 0 0 0 0 0 0 0 0 0 0 0 0 0 0 0 0 0 0 0 0 0 0 0 0 0 0 0 0 0 0 12 1 0 0 209 13 0 0 1 0 0 0 0 0 0 0 0 0 0 0 2 0 0 0 0 0 3 0 2 0 0 0 16 0 0 0 255 255 255 255 2 0 3 0 0 0 0 0 data 2 0x30002 0x1ba oops 0
ciMethodData java/util/jar/JarVerifier$3 <init> (Ljava/util/jar/JarVerifier;)V 1 497 orig 264 104 147 143 96 0 0 0 0 248 50 29 90 174 1 0 0 56 1 0 0 0 0 0 0 0 0 0 0 0 0 0 0 0 0 0 0 0 0 0 0 0 0 0 0 0 0 0 0 0 0 0 0 0 0 0 0 0 0 0 0 0 0 0 0 0 0 0 0 0 0 0 0 0 0 0 0 0 0 0 0 77 68 79 32 101 120 116 114 97 32 100 97 116 97 32 108 111 99 107 0 0 0 0 0 0 0 0 0 0 0 0 0 0 0 0 0 0 0 0 0 0 0 0 0 0 0 0 0 0 0 0 0 0 0 0 0 0 0 0 0 0 0 0 0 0 0 0 0 0 0 0 0 0 0 0 0 0 0 0 0 0 0 0 0 0 0 0 0 0 0 0 0 0 0 0 0 0 0 0 0 0 0 0 0 0 0 0 0 0 0 0 0 0 0 0 0 0 0 0 0 0 0 0 0 0 0 0 0 0 0 0 0 0 0 0 0 0 1 0 0 137 7 0 0 1 0 0 0 0 0 0 0 0 0 0 0 2 0 0 0 0 0 3 0 2 0 0 0 16 0 0 0 255 255 255 255 2 0 6 0 0 0 0 0 data 2 0x60002 0xf1 oops 0
ciMethodData java/io/ByteArrayOutputStream <init> ()V 1 574 orig 264 104 147 143 96 0 0 0 0 208 210 244 89 174 1 0 0 48 1 0 0 0 0 0 0 0 0 0 0 0 0 0 0 0 0 0 0 0 0 0 0 0 0 0 0 0 0 0 0 0 0 0 0 0 0 0 0 0 0 0 0 0 0 0 0 0 0 0 0 0 0 0 0 0 0 0 0 0 0 0 0 77 68 79 32 101 120 116 114 97 32 100 97 116 97 32 108 111 99 107 0 0 0 0 0 0 0 0 0 0 0 0 0 0 0 0 0 0 0 0 0 0 0 0 0 0 0 0 0 0 0 0 0 0 0 0 0 0 0 0 0 0 0 0 0 0 0 0 0 0 0 0 0 0 0 0 0 0 0 0 0 0 0 0 0 0 0 0 0 0 0 0 0 0 0 0 0 0 0 0 0 0 0 0 0 0 0 0 0 0 0 0 0 0 0 0 0 0 0 0 0 0 0 0 0 0 0 0 0 0 0 0 0 0 0 0 0 128 1 0 0 241 5 0 0 1 0 0 0 0 0 0 0 0 0 0 0 2 0 0 0 0 0 3 0 2 0 0 0 16 0 0 0 255 255 255 255 2 0 3 0 0 0 0 0 data 2 0x30002 0xbe oops 0
ciMethodData java/util/Hashtable <init> (I)V 1 529 orig 264 104 147 143 96 0 0 0 0 160 137 210 89 174 1 0 0 56 1 0 0 0 0 0 0 0 0 0 0 0 0 0 0 0 0 0 0 0 0 0 0 0 0 0 0 0 0 0 0 0 0 0 0 0 0 0 0 0 0 0 0 0 0 0 0 0 0 0 0 0 0 0 0 0 0 0 0 0 0 0 0 77 68 79 32 101 120 116 114 97 32 100 97 116 97 32 108 111 99 107 0 0 0 0 0 0 0 0 0 0 0 0 0 0 0 0 0 0 0 0 0 0 0 0 0 0 0 0 0 0 0 0 0 0 0 0 0 0 0 0 0 0 0 0 0 0 0 0 0 0 0 0 0 0 0 0 0 0 0 0 0 0 0 0 0 0 0 0 0 0 0 0 0 0 0 0 0 0 0 0 0 0 0 0 0 0 0 0 0 0 0 0 0 0 0 0 0 0 0 0 0 0 0 0 0 0 0 0 0 0 0 0 0 0 0 0 0 128 1 0 0 137 4 0 0 1 0 0 0 0 0 0 0 0 0 0 0 2 0 0 0 0 0 3 0 2 0 0 0 16 0 0 0 255 255 255 255 2 0 4 0 0 0 0 0 data 2 0x40002 0x91 oops 0
ciMethodData java/lang/Package defineSystemPackage (Ljava/lang/String;Ljava/lang/String;)Ljava/lang/Package; 1 0 orig 264 104 147 143 96 0 0 0 0 232 101 243 89 174 1 0 0 160 1 0 0 0 0 0 0 0 0 0 0 0 0 0 0 0 0 0 0 0 0 0 0 0 0 0 0 0 0 0 0 0 0 0 0 0 0 0 0 0 0 0 0 0 0 0 0 0 0 0 0 0 0 0 0 0 0 0 0 0 0 0 0 77 68 79 32 101 120 116 114 97 32 100 97 116 97 32 108 111 99 107 0 0 0 0 0 0 0 0 0 0 0 0 0 0 0 0 0 0 0 0 0 0 0 0 0 0 0 0 0 0 0 0 0 0 0 0 0 0 0 0 0 0 0 0 0 0 0 0 0 0 0 0 0 0 0 0 0 0 0 0 0 0 0 0 0 0 0 0 0 0 0 0 0 0 0 0 0 0 0 0 0 0 0 0 0 0 0 0 0 0 0 0 0 0 0 0 0 0 0 0 0 0 0 0 0 0 0 0 0 0 0 0 0 0 0 0 0 0 0 0 0 1 0 0 0 1 0 0 0 0 0 0 0 0 0 0 0 2 0 0 0 0 0 0 0 0 0 0 0 80 0 0 0 255 255 255 255 2 0 6 0 0 0 0 0 data 10 0x60002 0x0 0x90002 0x0 0xc0004 0x0 0x0 0x0 0x0 0x0 oops 0
compile java/net/URLClassLoader$1 run ()Ljava/lang/Class; -1 4 inline 226 0 -1 java/net/URLClassLoader$1 run ()Ljava/lang/Class; 1 8 java/lang/String replace (CC)Ljava/lang/String; 2 121 java/lang/String <init> ([CZ)V 3 1 java/lang/Object <init> ()V 1 13 java/lang/String concat (Ljava/lang/String;)Ljava/lang/String; 2 1 java/lang/String length ()I 2 24 java/util/Arrays copyOf ([CI)[C 2 33 java/lang/String getChars ([CI)V 2 43 java/lang/String <init> ([CZ)V 3 1 java/lang/Object <init> ()V 1 21 java/net/URLClassLoader access$000 (Ljava/net/URLClassLoader;)Lsun/misc/URLClassPath; 1 43 java/net/URLClassLoader access$100 (Ljava/net/URLClassLoader;Ljava/lang/String;Lsun/misc/Resource;)Ljava/lang/Class; 2 3 java/net/URLClassLoader defineClass (Ljava/lang/String;Lsun/misc/Resource;)Ljava/lang/Class; 3 7 java/lang/String lastIndexOf (I)I 4 9 java/lang/String lastIndexOf (II)I 3 13 sun/misc/URLClassPath$JarLoader$2 getCodeSourceURL ()Ljava/net/URL; 4 4 sun/misc/URLClassPath$JarLoader access$600 (Lsun/misc/URLClassPath$JarLoader;)Ljava/net/URL; 3 28 java/lang/String substring (II)Ljava/lang/String; 4 75 java/lang/String <init> ([CII)V 5 1 java/lang/Object <init> ()V 5 75 java/util/Arrays copyOfRange ([CII)[C 3 34 sun/misc/URLClassPath$JarLoader$2 getManifest ()Ljava/util/jar/Manifest; 4 0 sun/misc/SharedSecrets javaUtilJarAccess ()Lsun/misc/JavaUtilJarAccess; 4 7 sun/misc/URLClassPath$JarLoader access$700 (Lsun/misc/URLClassPath$JarLoader;)Ljava/util/jar/JarFile; 4 10 java/util/jar/JavaUtilJarAccessImpl ensureInitialization (Ljava/util/jar/JarFile;)V 5 1 java/util/jar/JarFile ensureInitialization ()V 6 1 java/util/jar/JarFile maybeInstantiateVerifier ()V 7 45 java/lang/String endsWith (Ljava/lang/String;)Z 8 13 java/lang/String startsWith (Ljava/lang/String;I)Z 7 54 java/lang/String endsWith (Ljava/lang/String;)Z 8 13 java/lang/String startsWith (Ljava/lang/String;I)Z 7 63 java/lang/String endsWith (Ljava/lang/String;)Z 8 13 java/lang/String startsWith (Ljava/lang/String;I)Z 7 72 java/lang/String endsWith (Ljava/lang/String;)Z 8 13 java/lang/String startsWith (Ljava/lang/String;I)Z 4 19 sun/misc/URLClassPath$JarLoader access$700 (Lsun/misc/URLClassPath$JarLoader;)Ljava/util/jar/JarFile; 4 22 java/util/jar/JarFile getManifest ()Ljava/util/jar/Manifest; 5 1 java/util/jar/JarFile getManifestFromReference ()Ljava/util/jar/Manifest; 6 11 java/lang/ref/SoftReference get ()Ljava/lang/Object; 6 61 java/util/jar/JarVerifier <init> ([B)V 7 1 java/lang/Object <init> ()V 7 29 java/lang/Object <init> ()V 7 40 java/util/HashMap <init> ()V 8 1 java/util/AbstractMap <init> ()V 9 1 java/lang/Object <init> ()V 7 51 java/util/HashMap <init> ()V 8 1 java/util/AbstractMap <init> ()V 9 1 java/lang/Object <init> ()V 7 71 java/util/jar/JarVerifier$3 <init> (Ljava/util/jar/JarVerifier;)V 8 6 java/lang/Object <init> ()V 7 87 java/util/Hashtable <init> ()V 8 5 java/util/Hashtable <init> (IF)V 9 1 java/util/Dictionary <init> ()V 10 1 java/lang/Object <init> ()V 9 47 java/lang/Float isNaN (F)Z 9 106 java/lang/Math min (FF)F 7 98 java/util/Hashtable <init> ()V 8 5 java/util/Hashtable <init> (IF)V 9 1 java/util/Dictionary <init> ()V 10 1 java/lang/Object <init> ()V 9 47 java/lang/Float isNaN (F)Z 9 106 java/lang/Math min (FF)F 7 111 java/util/Hashtable <init> (I)V 8 4 java/util/Hashtable <init> (IF)V 9 1 java/util/Dictionary <init> ()V 10 1 java/lang/Object <init> ()V 9 47 java/lang/Float isNaN (F)Z 9 106 java/lang/Math min (FF)F 7 122 java/util/ArrayList <init> ()V 8 1 java/util/AbstractList <init> ()V 9 1 java/util/AbstractCollection <init> ()V 10 1 java/lang/Object <init> ()V 7 133 java/io/ByteArrayOutputStream <init> ()V 8 3 java/io/ByteArrayOutputStream <init> (I)V 9 1 java/io/OutputStream <init> ()V 10 1 java/lang/Object <init> ()V 7 144 java/util/ArrayList <init> ()V 8 1 java/util/AbstractList <init> ()V 9 1 java/util/AbstractCollection <init> ()V 10 1 java/lang/Object <init> ()V 6 80 java/io/ByteArrayInputStream <init> ([B)V 7 1 java/io/InputStream <init> ()V 8 1 java/lang/Object <init> ()V 6 83 java/util/jar/Manifest <init> (Ljava/util/jar/JarVerifier;Ljava/io/InputStream;)V 7 1 java/lang/Object <init> ()V 7 9 java/util/jar/Attributes <init> ()V 8 3 java/util/jar/Attributes <init> (I)V 9 1 java/lang/Object <init> ()V 9 10 java/util/HashMap <init> (I)V 10 4 java/util/HashMap <init> (IF)V 7 20 java/util/HashMap <init> ()V 8 1 java/util/AbstractMap <init> ()V 9 1 java/lang/Object <init> ()V 6 99 java/util/jar/Manifest <init> (Ljava/io/InputStream;)V 7 3 java/util/jar/Manifest <init> (Ljava/util/jar/JarVerifier;Ljava/io/InputStream;)V 8 1 java/lang/Object <init> ()V 8 9 java/util/jar/Attributes <init> ()V 9 3 java/util/jar/Attributes <init> (I)V 10 1 java/lang/Object <init> ()V 10 10 java/util/HashMap <init> (I)V 8 20 java/util/HashMap <init> ()V 9 1 java/util/AbstractMap <init> ()V 10 1 java/lang/Object <init> ()V 6 109 java/lang/ref/SoftReference <init> (Ljava/lang/Object;)V 7 2 java/lang/ref/Reference <init> (Ljava/lang/Object;)V 8 3 java/lang/ref/Reference <init> (Ljava/lang/Object;Ljava/lang/ref/ReferenceQueue;)V 9 1 java/lang/Object <init> ()V 3 46 java/net/URLClassLoader definePackageInternal (Ljava/lang/String;Ljava/util/jar/Manifest;Ljava/net/URL;)V 4 4 java/net/URLClassLoader getAndVerifyPackage (Ljava/lang/String;Ljava/util/jar/Manifest;Ljava/net/URL;)Ljava/lang/Package; 5 2 java/lang/ClassLoader getPackage (Ljava/lang/String;)Ljava/lang/Package; 6 12 java/util/HashMap get (Ljava/lang/Object;)Ljava/lang/Object; 7 2 java/util/HashMap hash (Ljava/lang/Object;)I 8 9 java/lang/String hashCode ()I 7 6 java/util/HashMap getNode (ILjava/lang/Object;)Ljava/util/HashMap$Node; 6 47 java/lang/ClassLoader getPackage (Ljava/lang/String;)Ljava/lang/Package; 7 12 java/util/HashMap get (Ljava/lang/Object;)Ljava/lang/Object; 8 2 java/util/HashMap hash (Ljava/lang/Object;)I 9 9 java/lang/String hashCode ()I 8 6 java/util/HashMap getNode (ILjava/lang/Object;)Ljava/util/HashMap$Node; 7 55 java/lang/Package getSystemPackage (Ljava/lang/String;)Ljava/lang/Package; 7 94 java/util/HashMap put (Ljava/lang/Object;Ljava/lang/Object;)Ljava/lang/Object; 8 2 java/util/HashMap hash (Ljava/lang/Object;)I 9 9 java/lang/String hashCode ()I 6 55 java/lang/Package getSystemPackage (Ljava/lang/String;)Ljava/lang/Package; 6 94 java/util/HashMap put (Ljava/lang/Object;Ljava/lang/Object;)Ljava/lang/Object; 7 2 java/util/HashMap hash (Ljava/lang/Object;)I 8 9 java/lang/String hashCode ()I 5 14 java/lang/Package isSealed ()Z 5 68 java/net/URLClassLoader isSealed (Ljava/lang/String;Ljava/util/jar/Manifest;)Z 6 0 sun/misc/SharedSecrets javaUtilJarAccess ()Lsun/misc/JavaUtilJarAccess; 6 9 java/lang/String replace (CC)Ljava/lang/String; 7 121 java/lang/String <init> ([CZ)V 8 1 java/lang/Object <init> ()V 6 14 java/lang/String concat (Ljava/lang/String;)Ljava/lang/String; 7 1 java/lang/String length ()I 7 24 java/util/Arrays copyOf ([CI)[C 7 33 java/lang/String getChars ([CI)V 7 43 java/lang/String <init> ([CZ)V 8 1 java/lang/Object <init> ()V 6 17 java/util/jar/JavaUtilJarAccessImpl getTrustedAttributes (Ljava/util/jar/Manifest;Ljava/lang/String;)Ljava/util/jar/Attributes; 7 2 java/util/jar/Manifest getTrustedAttributes (Ljava/lang/String;)Ljava/util/jar/Attributes; 8 2 java/util/jar/Manifest getAttributes (Ljava/lang/String;)Ljava/util/jar/Attributes; 9 1 java/util/jar/Manifest getEntries ()Ljava/util/Map; 9 5 java/util/HashMap get (Ljava/lang/Object;)Ljava/lang/Object; 10 2 java/util/HashMap hash (Ljava/lang/Object;)I 10 6 java/util/HashMap getNode (ILjava/lang/Object;)Ljava/util/HashMap$Node; 6 34 java/util/jar/Attributes getValue (Ljava/util/jar/Attributes$Name;)Ljava/lang/String; 7 2 java/util/jar/Attributes get (Ljava/lang/Object;)Ljava/lang/Object; 8 5 java/util/HashMap get (Ljava/lang/Object;)Ljava/lang/Object; 9 2 java/util/HashMap hash (Ljava/lang/Object;)I 10 9 java/util/jar/Attributes$Name hashCode ()I 9 6 java/util/HashMap getNode (ILjava/lang/Object;)Ljava/util/HashMap$Node; 10 59 java/util/jar/Attributes$Name equals (Ljava/lang/Object;)Z 10 126 java/util/jar/Attributes$Name equals (Ljava/lang/Object;)Z 6 45 java/util/jar/Manifest getMainAttributes ()Ljava/util/jar/Attributes; 6 57 java/util/jar/Attributes getValue (Ljava/util/jar/Attributes$Name;)Ljava/lang/String; 7 2 java/util/jar/Attributes get (Ljava/lang/Object;)Ljava/lang/Object; 8 5 java/util/HashMap get (Ljava/lang/Object;)Ljava/lang/Object; 9 2 java/util/HashMap hash (Ljava/lang/Object;)I 10 9 java/util/jar/Attributes$Name hashCode ()I 9 6 java/util/HashMap getNode (ILjava/lang/Object;)Ljava/util/HashMap$Node; 10 59 java/util/jar/Attributes$Name equals (Ljava/lang/Object;)Z 10 126 java/util/jar/Attributes$Name equals (Ljava/lang/Object;)Z 6 66 java/lang/String equalsIgnoreCase (Ljava/lang/String;)Z 3 50 sun/misc/Resource getByteBuffer ()Ljava/nio/ByteBuffer; 4 1 sun/misc/Resource cachedInputStream ()Ljava/io/InputStream; 5 9 sun/misc/URLClassPath$JarLoader$2 getInputStream ()Ljava/io/InputStream; 6 4 sun/misc/URLClassPath$JarLoader access$700 (Lsun/misc/URLClassPath$JarLoader;)Ljava/util/jar/JarFile; 6 11 java/util/jar/JarFile getInputStream (Ljava/util/zip/ZipEntry;)Ljava/io/InputStream; 7 1 java/util/jar/JarFile maybeInstantiateVerifier ()V 8 45 java/lang/String endsWith (Ljava/lang/String;)Z 9 13 java/lang/String startsWith (Ljava/lang/String;I)Z 8 54 java/lang/String endsWith (Ljava/lang/String;)Z 9 13 java/lang/String startsWith (Ljava/lang/String;I)Z 8 63 java/lang/String endsWith (Ljava/lang/String;)Z 9 13 java/lang/String startsWith (Ljava/lang/String;I)Z 8 72 java/lang/String endsWith (Ljava/lang/String;)Z 9 13 java/lang/String startsWith (Ljava/lang/String;I)Z 7 13 java/util/zip/ZipFile getInputStream (Ljava/util/zip/ZipEntry;)Ljava/io/InputStream; 8 25 java/util/zip/ZipFile ensureOpen ()V 8 32 java/util/zip/ZipCoder isUTF8 ()Z 8 84 java/util/zip/ZipCoder getBytes (Ljava/lang/String;)[B 9 1 java/util/zip/ZipCoder encoder ()Ljava/nio/charset/CharsetEncoder; 10 12 sun/nio/cs/UTF_8 newEncoder ()Ljava/nio/charset/CharsetEncoder; 10 18 java/nio/charset/CharsetEncoder onMalformedInput (Ljava/nio/charset/CodingErrorAction;)Ljava/nio/charset/CharsetEncoder; 10 24 java/nio/charset/CharsetEncoder onUnmappableCharacter (Ljava/nio/charset/CodingErrorAction;)Ljava/nio/charset/CharsetEncoder; 9 4 java/nio/charset/CharsetEncoder reset ()Ljava/nio/charset/CharsetEncoder; 10 1 java/nio/charset/CharsetEncoder implReset ()V 9 9 java/lang/String toCharArray ()[C 9 17 java/nio/charset/CharsetEncoder maxBytesPerChar ()F 9 89 java/util/Arrays copyOf ([BI)[B 8 109 java/util/zip/ZipFile$ZipFileInputStream <init> (Ljava/util/zip/ZipFile;J)V 9 6 java/io/InputStream <init> ()V 10 1 java/lang/Object <init> ()V 9 21 java/util/zip/ZipFile access$1100 (J)J 9 29 java/util/zip/ZipFile access$1200 (J)J 8 222 java/util/zip/ZipFile getInflater ()Ljava/util/zip/Inflater; 9 12 java/util/ArrayDeque poll ()Ljava/lang/Object; 10 1 java/util/ArrayDeque pollFirst ()Ljava/lang/Object; 9 27 java/util/zip/Inflater ended ()Z 10 11 java/util/zip/ZStreamRef address ()J 9 52 java/util/zip/Inflater <init> (Z)V 10 1 java/lang/Object <init> ()V 10 20 java/util/zip/ZStreamRef <init> (J)V 8 239 java/util/zip/ZipFile$ZipFileInflaterInputStream <init> (Ljava/util/zip/ZipFile;Ljava/util/zip/ZipFile$ZipFileInputStream;Ljava/util/zip/Inflater;I)V 9 10 java/util/zip/InflaterInputStream <init> (Ljava/io/InputStream;Ljava/util/zip/Inflater;I)V 10 2 java/io/FilterInputStream <init> (Ljava/io/InputStream;)V 8 260 java/util/WeakHashMap put (Ljava/lang/Object;Ljava/lang/Object;)Ljava/lang/Object; 9 1 java/util/WeakHashMap maskNull (Ljava/lang/Object;)Ljava/lang/Object; 9 7 java/util/WeakHashMap hash (Ljava/lang/Object;)I 9 13 java/util/WeakHashMap getTable ()[Ljava/util/WeakHashMap$Entry; 9 23 java/util/WeakHashMap indexFor (II)I 9 129 java/util/WeakHashMap$Entry <init> (Ljava/lang/Object;Ljava/lang/Object;Ljava/lang/ref/ReferenceQueue;ILjava/util/WeakHashMap$Entry;)V 10 3 java/lang/ref/WeakReference <init> (Ljava/lang/Object;Ljava/lang/ref/ReferenceQueue;)V 3 97 sun/misc/Resource getBytes ()[B 4 1 sun/misc/Resource cachedInputStream ()Ljava/io/InputStream; 5 9 sun/misc/URLClassPath$JarLoader$2 getInputStream ()Ljava/io/InputStream; 6 4 sun/misc/URLClassPath$JarLoader access$700 (Lsun/misc/URLClassPath$JarLoader;)Ljava/util/jar/JarFile; 6 11 java/util/jar/JarFile getInputStream (Ljava/util/zip/ZipEntry;)Ljava/io/InputStream; 7 1 java/util/jar/JarFile maybeInstantiateVerifier ()V 8 45 java/lang/String endsWith (Ljava/lang/String;)Z 9 13 java/lang/String startsWith (Ljava/lang/String;I)Z 8 54 java/lang/String endsWith (Ljava/lang/String;)Z 9 13 java/lang/String startsWith (Ljava/lang/String;I)Z 8 63 java/lang/String endsWith (Ljava/lang/String;)Z 3 121 sun/misc/PerfCounter getReadClassBytesTime ()Lsun/misc/PerfCounter;
